status,db_sku,correct_sku,composer,title,collision_with
CAN_FIX,C27a015,C27a0152,C27a,"SIB Coal Train",
CAN_FIX,C27a016,C27a0162,C27a,"SIB Cut The Tag",
CAN_FIX,C27a017,C27a0172,C27a,"SIB I Guess Thats The End",
CAN_FIX,C27a018,C27a0182,C27a,"SIB I Reckon",
CAN_FIX,C27a019,C27a0192,C27a,"SIB Last Time",
CAN_FIX,C27a020,C27a0202,C27a,"SIB Lazy Day Pickin",
CAN_FIX,C27a021,C27a0212,C27a,"SIB Lightning Rod",
CAN_FIX,C27a022,C27a0222,C27a,"SIB Lonesome Wind",
CAN_FIX,C27a023,C27a0232,C27a,"SIB Make It Sing",
CAN_FIX,C27a024,C27a0242,C27a,"SIB Rollin On Out",
CAN_FIX,C27a025,C27a0252,C27a,"SIB Scorpions Sting",
CAN_FIX,C27a026,C27a0262,C27a,"SIB Shaky Ground",
CAN_FIX,C27a027,C27a0272,C27a,"SIB Up The Ninth",
CAN_FIX,C27a028,C27a0282,C27a,"SIB Upwardly Diminished",
CAN_FIX,C27a029,C27a0292,C27a,"SIB Whats Done IS Done",
CAN_FIX,C27a030,C27a0302,C27a,"SIB Awww",
CAN_FIX,C27a031,C27a0312,C27a,"SIB Barnyard Showdown",
CAN_FIX,C27a032,C27a0322,C27a,"SIB Bigger Blues Thing",
CAN_FIX,C27a033,C27a0332,C27a,"SIB Bit Of A Weirdo",
CAN_FIX,C27a034,C27a0342,C27a,"SIB Born To Pick",
CAN_FIX,C27a035,C27a0352,C27a,"SIB Darmonics",
CAN_FIX,C27a036,C27a0362,C27a,"SIB Darmonics 2",
CAN_FIX,C27a037,C27a0372,C27a,"SIB Deliberation Time",
CAN_FIX,C27a038,C27a0382,C27a,"SIB Desert Fire",
CAN_FIX,C27a039,C27a0392,C27a,"SIB Desert Ride",
CAN_FIX,C27a040,C27a0402,C27a,"SIB Desert Showdown",
CAN_FIX,C27a041,C27a0412,C27a,"SIB Doo Doo Loooo",
CAN_FIX,C27a042,C27a0422,C27a,"SIB Dramatic Bendy",
CAN_FIX,C27a043,C27a0432,C27a,"SIB Electric Shanty",
CAN_FIX,C27a044,C27a0442,C27a,"SIB Electrified Pickin",
CAN_FIX,C27a045,C27a0452,C27a,"SIB Even Pickers Get Sad",
CAN_FIX,C27a046,C27a0462,C27a,"SIB Everythings Alright",
CAN_FIX,C27a047,C27a0472,C27a,"SIB Fat Messy Pick",
CAN_FIX,C27a048,C27a0482,C27a,"SIB Funky Picker",
CAN_FIX,C27a049,C27a0492,C27a,"SIB Happy Chug",
CAN_FIX,C27a050,C27a0502,C27a,"SIB Jaunty Electric",
CAN_FIX,C27a051,C27a0512,C27a,"SIB Lesson One",
CAN_FIX,C27a052,C27a0522,C27a,"SIB A Bit Uneasy",
CAN_FIX,C27a053,C27a0532,C27a,"SIB After These Messages",
CAN_FIX,C27a054,C27a0542,C27a,"SIB Light Meander",
CAN_FIX,C27a055,C27a0552,C27a,"SIB Little Blues Thing",
CAN_FIX,C27a056,C27a0562,C27a,"SIB Noodle Bowl",
CAN_FIX,C27a057,C27a0572,C27a,"SIB Pickin Tough",
CAN_FIX,C27a058,C27a0582,C27a,"SIB Pool Noodle",
CAN_FIX,C27a059,C27a0592,C27a,"SIB Power Chug",
CAN_FIX,C27a060,C27a0602,C27a,"SIB Sad To Leave",
CAN_FIX,C27a061,C27a0612,C27a,"SIB Staggered Bend",
CAN_FIX,C27a062,C27a0622,C27a,"SIB Verbed Out",
CAN_FIX,C27a074,C27a0742,C27a,"SIB Annnnnnnd Scene",
CAN_FIX,C27a075,C27a0752,C27a,"SIB Arpeggi Oops",
CAN_FIX,C27a076,C27a0762,C27a,"SIB Be Seven",
CAN_FIX,C27a077,C27a0772,C27a,"SIB Bending Road",
CAN_FIX,C27a078,C27a0782,C27a,"SIB Bluesy Snap",
CAN_FIX,C27a079,C27a0792,C27a,"SIB Break It Down",
CAN_FIX,C27a080,C27a0802,C27a,"SIB Bullish Pick",
CAN_FIX,C27a081,C27a0812,C27a,"SIB Chain Of Sevenths",
CAN_FIX,C27a082,C27a0822,C27a,"SIB Chromatic Resolve",
CAN_FIX,C27a083,C27a0832,C27a,"SIB Chugga Choo",
CAN_FIX,C27a084,C27a0842,C27a,"SIB Chugga Chugga",
CAN_FIX,C27a085,C27a0852,C27a,"SIB Closed For Renovations",
CAN_FIX,C27a086,C27a0862,C27a,"SIB Country Blue",
CAN_FIX,C27a087,C27a0872,C27a,"SIB Country Resolve",
CAN_FIX,C27a088,C27a0882,C27a,"SIB Cow Pick",
CAN_FIX,C27a089,C27a0892,C27a,"SIB Cow Picking",
CAN_FIX,C27a090,C27a0902,C27a,"SIB Da Da Da",
CAN_FIX,C27a091,C27a0912,C27a,"SIB Dark Picker",
CAN_FIX,C27a092,C27a0922,C27a,"SIB Decision Blues",
CAN_FIX,C27a093,C27a0932,C27a,"SIB Decision Slide",
CAN_FIX,C27a094,C27a0942,C27a,"SIB Desert Dirt",
CAN_FIX,C27a095,C27a0952,C27a,"SIB Desert Dust",
CAN_FIX,C27a096,C27a0962,C27a,"SIB Desert Sun",
CAN_FIX,C27a097,C27a0972,C27a,"SIB Desert Night",
CAN_FIX,C27a106,C27a1062,C27a,"SIB Dominant Consensus",
CAN_FIX,C27a107,C27a1072,C27a,"SIB Emerging Consensus",
CAN_FIX,C27a108,C27a1082,C27a,"SIB End Of The Day",
CAN_FIX,C27a109,C27a1092,C27a,"SIB End On A High Note",
CAN_FIX,C27a110,C27a1102,C27a,"SIB Falls Flat",
CAN_FIX,C27a111,C27a1112,C27a,"SIB Goin On A Pick",
CAN_FIX,C27a112,C27a1122,C27a,"SIB Hammering On",
CAN_FIX,C27a113,C27a1132,C27a,"SIB Happy Descent",
CAN_FIX,C27a114,C27a1142,C27a,"SIB Higher On The Neck",
CAN_FIX,C27a115,C27a1152,C27a,"SIB High On The Neck",
CAN_FIX,C27a120,C27a1202,C27a,"SIB It's Been Nice",
CAN_FIX,C27a121,C27a1212,C27a,"SIB It's Off To Pick We Go",
CAN_FIX,C27a122,C27a1222,C27a,"SIB Just Lonesome",
CAN_FIX,C27a123,C27a1232,C27a,"SIB Let's Go Pickin'",
CAN_FIX,C27a124,C27a1242,C27a,"SIB Let's Just See",
CAN_FIX,C27a125,C27a1252,C27a,"SIB Let's Think It Over",
CAN_FIX,C27a126,C27a1262,C27a,"SIB Lightning Picker",
CAN_FIX,C27a127,C27a1272,C27a,"SIB Light Saunter",
CAN_FIX,C27a128,C27a1282,C27a,"SIB Lonesome Bend",
CAN_FIX,C27a129,C27a1292,C27a,"SIB Lots Going On",
CAN_FIX,C27a130,C27a1302,C27a,"SIB Meandering Recollections",
CAN_FIX,C27a131,C27a1312,C27a,"SIB Might Be Serious",
CAN_FIX,C27a132,C27a1322,C27a,"SIB No Minors Allowed",
CAN_FIX,C27a133,C27a1332,C27a,"SIB Off Balance",
CAN_FIX,C27a134,C27a1342,C27a,"SIB Open Chords",
CAN_FIX,C27a135,C27a1352,C27a,"SIB Palm It",
CAN_FIX,C27a136,C27a1362,C27a,"SIB Palm It Less",
CAN_FIX,C27a137,C27a1372,C27a,"SIB Perch Pond",
CAN_FIX,C27a138,C27a1382,C27a,"SIB Pickin' Transition",
CAN_FIX,C27a139,C27a1392,C27a,"SIB Pretty Quick",
CAN_FIX,C27a140,C27a1402,C27a,"SIB Question Resolved",
CAN_FIX,C27a141,C27a1412,C27a,"SIB Quick, Let's Pick",
CAN_FIX,C27a142,C27a1422,C27a,"SIB Quick Pick Lick",
CAN_FIX,C27a143,C27a1432,C27a,"SIB Quick Pull",
CAN_FIX,C27a144,C27a1442,C27a,"SIB Quick Resolution",
CAN_FIX,C27a145,C27a1452,C27a,"SIB Really Quick",
CAN_FIX,C27a146,C27a1462,C27a,"SIB Resolved To Question",
CAN_FIX,C27a147,C27a1472,C27a,"SIB Rugged Job",
CAN_FIX,C27a148,C27a1482,C27a,"SIB A Bit Wobbly",
CAN_FIX,C27a149,C27a1492,C27a,"SIB Acoustic Air Guitar",
CAN_FIX,C27a150,C27a1502,C27a,"SIB Acoustic Truckin'",
CAN_FIX,C27a151,C27a1512,C27a,"SIB A Dramatic Close",
CAN_FIX,C27a152,C27a1522,C27a,"SIB A Little Discord",
CAN_FIX,C27a153,C27a1532,C27a,"SIB A Little Mixed Up",
CAN_FIX,C27a154,C27a1542,C27a,"SIB Slip Slide",
CAN_FIX,C27a155,C27a1552,C27a,"SIB Slow Hammer",
CAN_FIX,C27a156,C27a1562,C27a,"SIB Snap It Up",
CAN_FIX,C27a157,C27a1572,C27a,"SIB Snappin' Strings",
CAN_FIX,C27a158,C27a1582,C27a,"SIB Snappy Blues",
CAN_FIX,C27a159,C27a1592,C27a,"SIB Solid Find",
CAN_FIX,C27a160,C27a1602,C27a,"SIB Strong And Reliable",
CAN_FIX,C27a161,C27a1612,C27a,"SIB Strummy",
CAN_FIX,C27a162,C27a1622,C27a,"SIB Stumbling Resolve",
CAN_FIX,C27a163,C27a1632,C27a,"SIB Ta Da",
CAN_FIX,C27a164,C27a1642,C27a,"SIB That Was Weird",
CAN_FIX,C27a165,C27a1652,C27a,"SIB The Long Haul",
CAN_FIX,C27a166,C27a1662,C27a,"SIB The Saunter",
CAN_FIX,C27a167,C27a1672,C27a,"SIB The Short Haul",
CAN_FIX,C27a168,C27a1682,C27a,"SIB The Vista",
CAN_FIX,C27a169,C27a1692,C27a,"SIB Thoughtful And Lonesome",
CAN_FIX,C27a170,C27a1702,C27a,"SIB To The Nines",
CAN_FIX,C27a171,C27a1712,C27a,"SIB Tough Luck",
CAN_FIX,C27a172,C27a1722,C27a,"SIB Uh Oh",
CAN_FIX,C27a173,C27a1732,C27a,"SIB Uh Oh Again",
CAN_FIX,C27a174,C27a1742,C27a,"SIB Up And Up",
CAN_FIX,C27a175,C27a1752,C27a,"SIB Well OK Then",
CAN_FIX,C27a176,C27a1762,C27a,"SIB What Would Dorian Do",
CAN_FIX,C27a177,C27a1772,C27a,"SIB With A Flick Of The Wrist",
CAN_FIX,C27a226,C27a2262,C27a,"Seventh Drone",
CAN_FIX,C27a227,C27a2272,C27a,"Sinking In",
CAN_FIX,C27a230,C27a2302,C27a,"Think On It 2",
CAN_FIX,C27a232,C27a2322,C27a,"Wistful Gaze",
CAN_FIX,C27a283,C27a2833,C27a,"Land Of Heart",
CAN_FIX,C30a065,C30a0652,C30a,"Breezy Future",
CAN_FIX,C32B443,C32B4433,C32B,"Clueless Schemer",
CAN_FIX,C32b484,C32b4844,C32b,"Bless Your Drama",
CAN_FIX,C32b485,C32b4854,C32b,"Champagne And Side Eyes",
CAN_FIX,C32b486,C32b4864,C32b,"Gossip And Glitter",
CAN_FIX,C32b487,C32b4874,C32b,"Lip Gloss And Lies",
CAN_FIX,C32b488,C32b4884,C32b,"The Cheating Despair",
CAN_FIX,C32b489,C32b4894,C32b,"Velvet Rope Vendetta",
CAN_FIX,C32b490,C32b4904,C32b,"Charm Offensive",
CAN_FIX,C32b492,C32b4924,C32b,"Grumble Bum",
CAN_FIX,C32b493,C32b4934,C32b,"Hometown Glitter",
CAN_FIX,C32b494,C32b4944,C32b,"House Of Summer",
CAN_FIX,C32b495,C32b4954,C32b,"I Like Where This Is Going",
CAN_FIX,C32b496,C32b4964,C32b,"Lip Gloss Loyalty",
CAN_FIX,C32b497,C32b4974,C32b,"Low County Lights",
CAN_FIX,C32b498,C32b4984,C32b,"Make This Wedding Amazing",
CAN_FIX,C32b499,C32b4994,C32b,"Throwing Savannah Shade",
CAN_FIX,C32b500,C32b5004,C32b,"Weekend Of Wonder",
CAN_FIX,C32b501,C32b5014,C32b,"We Need A Room",
CAN_FIX,C32b502,C32b5024,C32b,"You Know Why I'm Warning You",
CAN_FIX,C32b503,C32b5034,C32b,"You Tried Your Lies",
CAN_FIX,C32b504,C32b5044,C32b,"YouSparkleButYoureDirt",
CAN_FIX,C32b505,C32b5054,C32b,"Shadow Drama",
CAN_FIX,C32b506,C32b5064,C32b,"Crying Over Fools",
CAN_FIX,C32b507,C32b5074,C32b,"Sidelined",
CAN_FIX,C32b508,C32b5084,C32b,"Words Bite",
CAN_FIX,C32b509,C32b5094,C32b,"Greedy For Glory",
CAN_FIX,C32b510,C32b5104,C32b,"Hard Heat Heartbreak",
CAN_FIX,C32b511,C32b5114,C32b,"Peaceful Paradise",
CAN_FIX,C32b512,C32b5124,C32b,"Spicy Hustle",
CAN_FIX,C32c001,C32c0014,C32c,"At The Afterparty",
CAN_FIX,C32c002,C32c0024,C32c,"Don't Regret It",
CAN_FIX,C32c003,C32c0034,C32c,"Don't Want To Leave This Moment",
CAN_FIX,C32c004,C32c0044,C32c,"If You're Feeling Like Dancing",
CAN_FIX,C32c005,C32c0054,C32c,"Skyhigh",
CAN_FIX,C33a019,C33a0192,C33a,"Just Chill",
CAN_FIX,C33a021,C33a0212,C33a,"Rainy Day Trap",
CAN_FIX,C37a001,C37a0012,C37a,"Reversed Cymbal 1",
CAN_FIX,C37a002,C37a0022,C37a,"Reversed Cymbal 2",
CAN_FIX,C43a001,C43a0012,C43a,"Reversed Cymbal 3",
CAN_FIX,C44a0035,C44a00353,C44a,"My Best Frenemy",
CAN_FIX,C46a179,C46a1793,C46a,"Willow",
CAN_FIX,C52a175,C52a1753,C52a,"Downward Fail",
CAN_FIX,C52a180,C52a1804,C52a,"In Between The Lines",
CAN_FIX,C52a181,C52a1814,C52a,"Right By My Side",
CAN_FIX,C52a182,C52a1824,C52a,"Make Me Wanna Love Somebody",
CAN_FIX,C52a183,C52a1834,C52a,"Tonight Feels Like Forever",
CAN_FIX,C52a184,C52a1844,C52a,"You Make Me Wanna Move",
CAN_FIX,C52b010,C52b0103,C52b,"Rock And Slide",
CAN_FIX,C53a005,C53a0052,C53a,"Dirty Shuffle",
CAN_FIX,C53a485,C53a4853,C53a,"Flying Away",
CAN_FIX,C59A002,C59A0023,C59A,"At The Door",
CAN_FIX,R03B086,R03B0863,R03B,"Fat Back Flame Up",
CAN_FIX,R03b044,R03b0443,R03b,"Swamp Cabbage Alley",
CAN_FIX,R03b051,R03b0513,R03b,"ATL Handling Fees",
CAN_FIX,R03b077,R03b0773,R03b,"Corner Lights",
CAN_FIX,R03b134,R03b1343,R03b,"Arctic Roommate Vibes",
CAN_FIX,R03b215,R03b2154,R03b,"Double Drippin'",
CAN_FIX,R03b216,R03b2164,R03b,"Drip Drama Queen",
CAN_FIX,R03b217,R03b2174,R03b,"High Octane Shine Up",
CAN_FIX,R03b218,R03b2184,R03b,"Ice And Attitude",
CAN_FIX,R03b219,R03b2194,R03b,"Really Live it Up",
CAN_FIX,R03b220,R03b2204,R03b,"On Holiday",
CAN_FIX,R03b221,R03b2214,R03b,"Southern Shellac",
CAN_FIX,R03b222,R03b2224,R03b,"Swag Shuffle",
CAN_FIX,R03b223,R03b2234,R03b,"The Action Is Go",
CAN_FIX,R03b224,R03b2244,R03b,"Tonight Again",
CAN_FIX,R04b182,R04b1821,R04b,"AC Shine That Moon",
CAN_FIX,R04b435,R04b4351,R04b,"Baby Blue Ride",
CAN_FIX,R04b445,R04b4451,R04b,"Just Because 2",
CAN_FIX,R04b506,R04b5061,R04b,"Brownification",
CAN_FIX,R04b68,R04b688,R04b,"R04 Sleighbells PERC",
CAN_FIX,R07a011,R07a0113,R07a,"Wampo Tango",
CAN_FIX,R11a021,R11a0211,R11a,"Smooth Crime",
CAN_FIX,R11a148,R11a1481,R11a,"Out Of This World",
CAN_FIX,R11a177,R11a1771,R11a,"Race Tuning",
CAN_FIX,R11a179,R11a1791,R11a,"After The Kill",
CAN_FIX,R11a180,R11a1801,R11a,"French Dialogue",
CAN_FIX,R11a253,R11a2532,R11a,"Coffee Break",
CAN_FIX,R11a263,R11a2632,R11a,"On The Move",
CAN_FIX,R11a334,R11a3342,R11a,"Cymbals 10 Sec Bright",
CAN_FIX,R11a335,R11a3352,R11a,"Cymbals 10 Sec Dark",
CAN_FIX,R11a336,R11a3362,R11a,"Cymbals 10 Sec Medium",
CAN_FIX,R11a337,R11a3372,R11a,"Cymbals 15 Sec Bright",
CAN_FIX,R11a338,R11a3382,R11a,"Cymbals 15 Sec Dark",
CAN_FIX,R11a339,R11a3392,R11a,"Cymbals 15 Sec Medium",
CAN_FIX,R11a340,R11a3402,R11a,"Cymbals 5 Sec Bright",
CAN_FIX,R11a341,R11a3412,R11a,"Cymbals 5 Sec Dark",
CAN_FIX,R11a342,R11a3422,R11a,"Cymbals 5 Sec Medium",
CAN_FIX,R11a343,R11a3432,R11a,"OH Long Loud Hits A",
CAN_FIX,R11a344,R11a3442,R11a,"OH Long Loud Hits Ab",
CAN_FIX,R11a345,R11a3452,R11a,"OH Long Loud Hits Abm",
CAN_FIX,R11a346,R11a3462,R11a,"OH Long Loud Hits Am",
CAN_FIX,R11a347,R11a3472,R11a,"OH Long Loud Hits B",
CAN_FIX,R11a348,R11a3482,R11a,"OH Long Loud Hits Bb",
CAN_FIX,R11a349,R11a3492,R11a,"OH Long Loud Hits Bbm",
CAN_FIX,R11a350,R11a3502,R11a,"OH Long Loud Hits Bm",
CAN_FIX,R11a351,R11a3512,R11a,"OH Long Loud Hits C",
CAN_FIX,R11a352,R11a3522,R11a,"OH Long Loud Hits Cm",
CAN_FIX,R11a353,R11a3532,R11a,"OH Long Loud Hits D",
CAN_FIX,R11a354,R11a3542,R11a,"OH Long Loud Hits Db",
CAN_FIX,R11a355,R11a3552,R11a,"OH Long Loud Hits Dbm",
CAN_FIX,R11a356,R11a3562,R11a,"OH Long Loud Hits Dm",
CAN_FIX,R11a357,R11a3572,R11a,"OH Long Loud Hits E",
CAN_FIX,R11a358,R11a3582,R11a,"OH Long Loud Hits Eb",
CAN_FIX,R11a359,R11a3592,R11a,"OH Long Loud Hits Ebm",
CAN_FIX,R11a360,R11a3602,R11a,"OH Long Loud Hits Em",
CAN_FIX,R11a361,R11a3612,R11a,"OH Long Loud Hits F",
CAN_FIX,R11a362,R11a3622,R11a,"OH Long Loud Hits Fm",
CAN_FIX,R11a363,R11a3632,R11a,"OH Long Loud Hits G",
CAN_FIX,R11a364,R11a3642,R11a,"OH Long Loud Hits Gb",
CAN_FIX,R11a365,R11a3652,R11a,"OH Long Loud Hits Gbm",
CAN_FIX,R11a366,R11a3662,R11a,"OH Long Loud Hits Gm",
CAN_FIX,R11a367,R11a3672,R11a,"OH Long Loud No Hits A",
CAN_FIX,R11a368,R11a3682,R11a,"OH Long Loud No Hits Ab",
CAN_FIX,R11a369,R11a3692,R11a,"OH Long Loud No Hits Abm",
CAN_FIX,R11a370,R11a3702,R11a,"OH Long Loud No Hits Am",
CAN_FIX,R11a371,R11a3712,R11a,"OH Long Loud No Hits B",
CAN_FIX,R11a372,R11a3722,R11a,"OH Long Loud No Hits Bb",
CAN_FIX,R11a373,R11a3732,R11a,"OH Long Loud No Hits Bbm",
CAN_FIX,R11a374,R11a3742,R11a,"OH Long Loud No Hits Bm",
CAN_FIX,R11a375,R11a3752,R11a,"OH Long Loud No Hits C",
CAN_FIX,R11a376,R11a3762,R11a,"OH Long Loud No Hits Cm",
CAN_FIX,R11a377,R11a3772,R11a,"OH Long Loud No Hits D",
CAN_FIX,R11a378,R11a3782,R11a,"OH Long Loud No Hits Db",
CAN_FIX,R11a379,R11a3792,R11a,"OH Long Loud No Hits Dbm",
CAN_FIX,R11a380,R11a3802,R11a,"OH Long Loud No Hits Dm",
CAN_FIX,R11a381,R11a3812,R11a,"OH Long Loud No Hits E",
CAN_FIX,R11a382,R11a3822,R11a,"OH Long Loud No Hits Eb",
CAN_FIX,R11a383,R11a3832,R11a,"OH Long Loud No Hits Ebm",
CAN_FIX,R11a384,R11a3842,R11a,"OH Long Loud No Hits Em",
CAN_FIX,R11a385,R11a3852,R11a,"OH Long Loud No Hits F",
CAN_FIX,R11a386,R11a3862,R11a,"OH Long Loud No Hits Fm",
CAN_FIX,R11a387,R11a3872,R11a,"OH Long Loud No Hits G",
CAN_FIX,R11a388,R11a3882,R11a,"OH Long Loud No Hits Gb",
CAN_FIX,R11a389,R11a3892,R11a,"OH Long Loud No Hits Gbm",
CAN_FIX,R11a390,R11a3902,R11a,"OH Long Loud No Hits Gm",
CAN_FIX,R11a391,R11a3912,R11a,"OH Long Soft Hits A",
CAN_FIX,R11a392,R11a3922,R11a,"OH Long Soft Hits Ab",
CAN_FIX,R11a393,R11a3932,R11a,"OH Long Soft Hits Abm",
CAN_FIX,R11a394,R11a3942,R11a,"OH Long Soft Hits Am",
CAN_FIX,R11a395,R11a3952,R11a,"OH Long Soft Hits B",
CAN_FIX,R11a396,R11a3962,R11a,"OH Long Soft Hits Bb",
CAN_FIX,R11a397,R11a3972,R11a,"OH Long Soft Hits Bbm",
CAN_FIX,R11a398,R11a3982,R11a,"OH Long Soft Hits Bm",
CAN_FIX,R11a399,R11a3992,R11a,"OH Long Soft Hits C",
CAN_FIX,R11a400,R11a4002,R11a,"OH Long Soft Hits Cm",
CAN_FIX,R11a401,R11a4012,R11a,"OH Long Soft Hits D",
CAN_FIX,R11a402,R11a4022,R11a,"OH Long Soft Hits Db",
CAN_FIX,R11a403,R11a4032,R11a,"OH Long Soft Hits Dbm",
CAN_FIX,R11a404,R11a4042,R11a,"OH Long Soft Hits Dm",
CAN_FIX,R11a405,R11a4052,R11a,"OH Long Soft Hits E",
CAN_FIX,R11a406,R11a4062,R11a,"OH Long Soft Hits Eb",
CAN_FIX,R11a407,R11a4072,R11a,"OH Long Soft Hits Ebm",
CAN_FIX,R11a408,R11a4082,R11a,"OH Long Soft Hits Em",
CAN_FIX,R11a409,R11a4092,R11a,"OH Long Soft Hits F",
CAN_FIX,R11a410,R11a4102,R11a,"OH Long Soft Hits Fm",
CAN_FIX,R11a411,R11a4112,R11a,"OH Long Soft Hits G",
CAN_FIX,R11a412,R11a4122,R11a,"OH Long Soft Hits Gb",
CAN_FIX,R11a413,R11a4132,R11a,"OH Long Soft Hits Gbm",
CAN_FIX,R11a414,R11a4142,R11a,"OH Long Soft Hits Gm",
CAN_FIX,R11a415,R11a4152,R11a,"OH Long Soft No Hits A",
CAN_FIX,R11a416,R11a4162,R11a,"OH Long Soft No Hits Ab",
CAN_FIX,R11a417,R11a4172,R11a,"OH Long Soft No Hits Abm",
CAN_FIX,R11a418,R11a4182,R11a,"OH Long Soft No Hits Am",
CAN_FIX,R11a419,R11a4192,R11a,"OH Long Soft No Hits B",
CAN_FIX,R11a420,R11a4202,R11a,"OH Long Soft No Hits Bb",
CAN_FIX,R11a421,R11a4212,R11a,"OH Long Soft No Hits Bbm",
CAN_FIX,R11a422,R11a4222,R11a,"OH Long Soft No Hits Bm",
CAN_FIX,R11a423,R11a4232,R11a,"OH Long Soft No Hits C",
CAN_FIX,R11a424,R11a4242,R11a,"OH Long Soft No Hits Cm",
CAN_FIX,R11a425,R11a4252,R11a,"OH Long Soft No Hits D",
CAN_FIX,R11a426,R11a4262,R11a,"OH Long Soft No Hits Db",
CAN_FIX,R11a427,R11a4272,R11a,"OH Long Soft No Hits Dbm",
CAN_FIX,R11a428,R11a4282,R11a,"OH Long Soft No Hits Dm",
CAN_FIX,R11a429,R11a4292,R11a,"OH Long Soft No Hits E",
CAN_FIX,R11a430,R11a4302,R11a,"OH Long Soft No Hits Eb",
CAN_FIX,R11a431,R11a4312,R11a,"OH Long Soft No Hits Ebm",
CAN_FIX,R11a432,R11a4322,R11a,"OH Long Soft No Hits Em",
CAN_FIX,R11a433,R11a4332,R11a,"OH Long Soft No Hits F",
CAN_FIX,R11a434,R11a4342,R11a,"OH Long Soft No Hits Fm",
CAN_FIX,R11a435,R11a4352,R11a,"OH Long Soft No Hits G",
CAN_FIX,R11a436,R11a4362,R11a,"OH Long Soft No Hits Gb",
CAN_FIX,R11a437,R11a4372,R11a,"OH Long Soft No Hits Gbm",
CAN_FIX,R11a438,R11a4382,R11a,"OH Long Soft No Hits Gm",
CAN_FIX,R11a439,R11a4392,R11a,"OH Pizzicato A",
CAN_FIX,R11a440,R11a4402,R11a,"OH Pizzicato Ab",
CAN_FIX,R11a441,R11a4412,R11a,"OH Pizzicato Abm",
CAN_FIX,R11a442,R11a4422,R11a,"OH Pizzicato Am",
CAN_FIX,R11a443,R11a4432,R11a,"OH Pizzicato B",
CAN_FIX,R11a444,R11a4442,R11a,"OH Pizzicato Bb",
CAN_FIX,R11a445,R11a4452,R11a,"OH Pizzicato Bbm",
CAN_FIX,R11a446,R11a4462,R11a,"OH Pizzicato Bm",
CAN_FIX,R11a447,R11a4472,R11a,"OH Pizzicato C",
CAN_FIX,R11a448,R11a4482,R11a,"OH Pizzicato Cm",
CAN_FIX,R11a449,R11a4492,R11a,"OH Pizzicato D",
CAN_FIX,R11a450,R11a4502,R11a,"OH Pizzicato Db",
CAN_FIX,R11a451,R11a4512,R11a,"OH Pizzicato Dbm",
CAN_FIX,R11a452,R11a4522,R11a,"OH Pizzicato Dm",
CAN_FIX,R11a453,R11a4532,R11a,"OH Pizzicato E",
CAN_FIX,R11a454,R11a4542,R11a,"OH Pizzicato Eb",
CAN_FIX,R11a455,R11a4552,R11a,"OH Pizzicato Ebm",
CAN_FIX,R11a456,R11a4562,R11a,"OH Pizzicato Em",
CAN_FIX,R11a457,R11a4572,R11a,"OH Pizzicato F",
CAN_FIX,R11a458,R11a4582,R11a,"OH Pizzicato Fm",
CAN_FIX,R11a459,R11a4592,R11a,"OH Pizzicato G",
CAN_FIX,R11a460,R11a4602,R11a,"OH Pizzicato Gb",
CAN_FIX,R11a461,R11a4612,R11a,"OH Pizzicato Gbm",
CAN_FIX,R11a462,R11a4622,R11a,"OH Pizzicato Gm",
CAN_FIX,R11a463,R11a4632,R11a,"OH Short Loud Hits A",
CAN_FIX,R11a464,R11a4642,R11a,"OH Short Loud Hits Ab",
CAN_FIX,R11a465,R11a4652,R11a,"OH Short Loud Hits Abm",
CAN_FIX,R11a466,R11a4662,R11a,"OH Short Loud Hits Am",
CAN_FIX,R11a467,R11a4672,R11a,"OH Short Loud Hits B",
CAN_FIX,R11a468,R11a4682,R11a,"OH Short Loud Hits Bb",
CAN_FIX,R11a469,R11a4692,R11a,"OH Short Loud Hits Bbm",
CAN_FIX,R11a470,R11a4702,R11a,"OH Short Loud Hits Bm",
CAN_FIX,R11a471,R11a4712,R11a,"OH Short Loud Hits C",
CAN_FIX,R11a472,R11a4722,R11a,"OH Short Loud Hits Cm",
CAN_FIX,R11a473,R11a4732,R11a,"OH Short Loud Hits D",
CAN_FIX,R11a474,R11a4742,R11a,"OH Short Loud Hits Db",
CAN_FIX,R11a475,R11a4752,R11a,"OH Short Loud Hits Dbm",
CAN_FIX,R11a476,R11a4762,R11a,"OH Short Loud Hits Dm",
CAN_FIX,R11a477,R11a4772,R11a,"OH Short Loud Hits E",
CAN_FIX,R11a478,R11a4782,R11a,"OH Short Loud Hits Eb",
CAN_FIX,R11a479,R11a4792,R11a,"OH Short Loud Hits Ebm",
CAN_FIX,R11a480,R11a4802,R11a,"OH Short Loud Hits Em",
CAN_FIX,R11a481,R11a4812,R11a,"OH Short Loud Hits F",
CAN_FIX,R11a482,R11a4822,R11a,"OH Short Loud Hits Fm",
CAN_FIX,R11a483,R11a4832,R11a,"OH Short Loud Hits G",
CAN_FIX,R11a484,R11a4842,R11a,"OH Short Loud Hits Gb",
CAN_FIX,R11a485,R11a4852,R11a,"OH Short Loud Hits Gbm",
CAN_FIX,R11a486,R11a4862,R11a,"OH Short Loud Hits Gm",
CAN_FIX,R11a487,R11a4872,R11a,"OH Short Loud No Hits A",
CAN_FIX,R11a488,R11a4882,R11a,"OH Short Loud No Hits Ab",
CAN_FIX,R11a489,R11a4892,R11a,"OH Short Loud No Hits Abm",
CAN_FIX,R11a490,R11a4902,R11a,"OH Short Loud No Hits Am",
CAN_FIX,R11a491,R11a4912,R11a,"OH Short Loud No Hits B",
CAN_FIX,R11a492,R11a4922,R11a,"OH Short Loud No Hits Bb",
CAN_FIX,R11a493,R11a4932,R11a,"OH Short Loud No Hits Bbm",
CAN_FIX,R11a494,R11a4942,R11a,"OH Short Loud No Hits Bm",
CAN_FIX,R11a495,R11a4952,R11a,"OH Short Loud No Hits C",
CAN_FIX,R11a496,R11a4962,R11a,"OH Short Loud No Hits Cm",
CAN_FIX,R11a497,R11a4972,R11a,"OH Short Loud No Hits D",
CAN_FIX,R11a498,R11a4982,R11a,"OH Short Loud No Hits Db",
CAN_FIX,R11a499,R11a4992,R11a,"OH Short Loud No Hits Dbm",
CAN_FIX,R11a500,R11a5002,R11a,"OH Short Loud No Hits Dm",
CAN_FIX,R11a501,R11a5012,R11a,"OH Short Loud No Hits E",
CAN_FIX,R11a502,R11a5022,R11a,"OH Short Loud No Hits Eb",
CAN_FIX,R11a503,R11a5032,R11a,"OH Short Loud No Hits Ebm",
CAN_FIX,R11a504,R11a5042,R11a,"OH Short Loud No Hits Em",
CAN_FIX,R11a505,R11a5052,R11a,"OH Short Loud No Hits F",
CAN_FIX,R11a506,R11a5062,R11a,"OH Short Loud No Hits Fm",
CAN_FIX,R11a507,R11a5072,R11a,"OH Short Loud No Hits G",
CAN_FIX,R11a508,R11a5082,R11a,"OH Short Loud No Hits Gb",
CAN_FIX,R11a509,R11a5092,R11a,"OH Short Loud No Hits Gbm",
CAN_FIX,R11a510,R11a5102,R11a,"OH Short Loud No Hits Gm",
CAN_FIX,R11a511,R11a5112,R11a,"OH Short Soft Hits A",
CAN_FIX,R11a512,R11a5122,R11a,"OH Short Soft Hits Ab",
CAN_FIX,R11a513,R11a5132,R11a,"OH Short Soft Hits Abm",
CAN_FIX,R11a514,R11a5142,R11a,"OH Short Soft Hits Am",
CAN_FIX,R11a515,R11a5152,R11a,"OH Short Soft Hits B",
CAN_FIX,R11a516,R11a5162,R11a,"OH Short Soft Hits Bb",
CAN_FIX,R11a517,R11a5172,R11a,"OH Short Soft Hits Bbm",
CAN_FIX,R11a518,R11a5182,R11a,"OH Short Soft Hits Bm",
CAN_FIX,R11a519,R11a5192,R11a,"OH Short Soft Hits C",
CAN_FIX,R11a520,R11a5202,R11a,"OH Short Soft Hits Cm",
CAN_FIX,R11a521,R11a5212,R11a,"OH Short Soft Hits D",
CAN_FIX,R11a522,R11a5222,R11a,"OH Short Soft Hits Db",
CAN_FIX,R11a523,R11a5232,R11a,"OH Short Soft Hits Dbm",
CAN_FIX,R11a524,R11a5242,R11a,"OH Short Soft Hits Dm",
CAN_FIX,R11a525,R11a5252,R11a,"OH Short Soft Hits E",
CAN_FIX,R11a526,R11a5262,R11a,"OH Short Soft Hits Eb",
CAN_FIX,R11a527,R11a5272,R11a,"OH Short Soft Hits Ebm",
CAN_FIX,R11a528,R11a5282,R11a,"OH Short Soft Hits Em",
CAN_FIX,R11a529,R11a5292,R11a,"OH Short Soft Hits F",
CAN_FIX,R11a530,R11a5302,R11a,"OH Short Soft Hits Fm",
CAN_FIX,R11a531,R11a5312,R11a,"OH Short Soft Hits G",
CAN_FIX,R11a532,R11a5322,R11a,"OH Short Soft Hits Gb",
CAN_FIX,R11a533,R11a5332,R11a,"OH Short Soft Hits Gbm",
CAN_FIX,R11a534,R11a5342,R11a,"OH Short Soft Hits Gm",
CAN_FIX,R11a535,R11a5352,R11a,"OH Short Soft No Hits A",
CAN_FIX,R11a536,R11a5362,R11a,"OH Short Soft No Hits Ab",
CAN_FIX,R11a537,R11a5372,R11a,"OH Short Soft No Hits Abm",
CAN_FIX,R11a538,R11a5382,R11a,"OH Short Soft No Hits Am",
CAN_FIX,R11a539,R11a5392,R11a,"OH Short Soft No Hits B",
CAN_FIX,R11a540,R11a5402,R11a,"OH Short Soft No Hits Bb",
CAN_FIX,R11a541,R11a5412,R11a,"OH Short Soft No Hits Bbm",
CAN_FIX,R11a542,R11a5422,R11a,"OH Short Soft No Hits Bm",
CAN_FIX,R11a543,R11a5432,R11a,"OH Short Soft No Hits C",
CAN_FIX,R11a544,R11a5442,R11a,"OH Short Soft No Hits Cm",
CAN_FIX,R11a545,R11a5452,R11a,"OH Short Soft No Hits D",
CAN_FIX,R11a546,R11a5462,R11a,"OH Short Soft No Hits Db",
CAN_FIX,R11a547,R11a5472,R11a,"OH Short Soft No Hits Dbm",
CAN_FIX,R11a548,R11a5482,R11a,"OH Short Soft No Hits Dm",
CAN_FIX,R11a549,R11a5492,R11a,"OH Short Soft No Hits E",
CAN_FIX,R11a550,R11a5502,R11a,"OH Short Soft No Hits Eb",
CAN_FIX,R11a551,R11a5512,R11a,"OH Short Soft No Hits Ebm",
CAN_FIX,R11a552,R11a5522,R11a,"OH Short Soft No Hits Em",
CAN_FIX,R11a553,R11a5532,R11a,"OH Short Soft No Hits F",
CAN_FIX,R11a554,R11a5542,R11a,"OH Short Soft No Hits Fm",
CAN_FIX,R11a555,R11a5552,R11a,"OH Short Soft No Hits G",
CAN_FIX,R11a556,R11a5562,R11a,"OH Short Soft No Hits Gb",
CAN_FIX,R11a557,R11a5572,R11a,"OH Short Soft No Hits Gbm",
CAN_FIX,R11a558,R11a5582,R11a,"OH Short Soft No Hits Gm",
CAN_FIX,R11a696,R11a6964,R11a,"Buffet Of Secrets",
CAN_FIX,R11a697,R11a6974,R11a,"Doublewide Dilemmas",
CAN_FIX,R11a698,R11a6984,R11a,"Tangled Threads",
CAN_FIX,R11a699,R11a6994,R11a,"Sweet And Sour Serenade",
CAN_FIX,R11a700,R11a7004,R11a,"Never A Dull Day",
CAN_FIX,R11a701,R11a7014,R11a,"Let's Talk It Out",
CAN_FIX,R11a702,R11a7024,R11a,"Too Much For Nothing",
CAN_FIX,R13a1010,R13a10103,R13a,"Clock It",
CAN_FIX,R13a1012,R13a10123,R13a,"One Foot At A Time",
CAN_FIX,R13a1084,R13a10843,R13a,"Another Dawn",
CAN_FIX,R13a1094,R13a10943,R13a,"Power On",
CAN_FIX,R13a1222,R13a12223,R13a,"To The Studs",
CAN_FIX,R13a1502,R13a15024,R13a,"Go Fast",
CAN_FIX,R13a1503,R13a15034,R13a,"How It's Done",
CAN_FIX,R13a1504,R13a15044,R13a,"Hustling Real Hard",
CAN_FIX,R13a1505,R13a15054,R13a,"Bring Me Back To You",
CAN_FIX,R13a1506,R13a15064,R13a,"I'm The One For You",
CAN_FIX,R13a1507,R13a15074,R13a,"Both Of Them",
CAN_FIX,R13a1508,R13a15084,R13a,"Can You Believe It",
CAN_FIX,R13a1509,R13a15094,R13a,"Gettin' Ready",
CAN_FIX,R13a1510,R13a15104,R13a,"Last Resort",
CAN_FIX,R13a1512,R13a15124,R13a,"Something Very New",
CAN_FIX,R13a1513,R13a15134,R13a,"So Natural",
CAN_FIX,R13a1514,R13a15144,R13a,"Tensionz",
CAN_FIX,R13a1515,R13a15154,R13a,"To This Day",
CAN_FIX,R13a1516,R13a15164,R13a,"Why Knot",
CAN_FIX,R13a1517,R13a15174,R13a,"Cloud Of Love",
CAN_FIX,R13a1518,R13a15184,R13a,"If You Need Me",
CAN_FIX,R13a1519,R13a15194,R13a,"Like Me",
CAN_FIX,R13a1520,R13a15204,R13a,"We Are Beautiful",
CAN_FIX,R13a1522,R13a15224,R13a,"Night Out",
CAN_FIX,R13a1523,R13a15234,R13a,"The Campus",
CAN_FIX,R13a1524,R13a15244,R13a,"Bosses",
CAN_FIX,R13a1525,R13a15254,R13a,"Please Come With Me",
CAN_FIX,R13a1526,R13a15264,R13a,"Finally Fine",
CAN_FIX,R13a1527,R13a15274,R13a,"Follow This",
CAN_FIX,R13a1528,R13a15284,R13a,"Friends And Foes",
CAN_FIX,R13a1529,R13a15294,R13a,"Making It Up",
CAN_FIX,R13a1530,R13a15304,R13a,"Strutting Machine",
CAN_FIX,R13a1532,R13a15324,R13a,"Another Broken Glass",
CAN_FIX,R13a1533,R13a15334,R13a,"Doubling Up",
CAN_FIX,R13a1534,R13a15344,R13a,"Honor Is King",
CAN_FIX,R13a1535,R13a15354,R13a,"Layered",
CAN_FIX,R13a1536,R13a15364,R13a,"Light Foot",
CAN_FIX,R13a1537,R13a15374,R13a,"No Snow",
CAN_FIX,R13a1538,R13a15384,R13a,"Sap Top",
CAN_FIX,R13a1539,R13a15394,R13a,"The Post",
CAN_FIX,R13a1540,R13a15404,R13a,"Workouts",
CAN_FIX,R13a1542,R13a15424,R13a,"Tickling",
CAN_FIX,R13a1543,R13a15434,R13a,"Star Struck",
CAN_FIX,R13a1544,R13a15444,R13a,"You're Always On My Mind",
CAN_FIX,R13a1545,R13a15454,R13a,"Corners",
CAN_FIX,R13a1546,R13a15464,R13a,"Hey Hey Hey",
CAN_FIX,R13a1547,R13a15474,R13a,"More Mysteries",
CAN_FIX,R13a1548,R13a15484,R13a,"Peaking Inside",
CAN_FIX,R13a1549,R13a15494,R13a,"Walk In",
CAN_FIX,R13a1550,R13a15504,R13a,"Not Wondering Why",
CAN_FIX,R13a1552,R13a15524,R13a,"Climb Up",
CAN_FIX,R13a1553,R13a15534,R13a,"Keep Rolling Down",
CAN_FIX,R13a1554,R13a15544,R13a,"Electric Rundown",
CAN_FIX,R13a1555,R13a15554,R13a,"Keep Standing Tall",
CAN_FIX,R13a1556,R13a15564,R13a,"Around Again And Again",
CAN_FIX,R13a1557,R13a15574,R13a,"Do It Proper",
CAN_FIX,R13a1558,R13a15584,R13a,"Good Change",
CAN_FIX,R13a1559,R13a15594,R13a,"Sole Purpose",
CAN_FIX,R13a1560,R13a15604,R13a,"Deep Hole",
CAN_FIX,R13a1562,R13a15624,R13a,"Famosa Punta",
CAN_FIX,R13a1564,R13a15644,R13a,"Porque No",
CAN_FIX,R13a1565,R13a15654,R13a,"It's On",
CAN_FIX,R13a1566,R13a15664,R13a,"Just Think On It",
CAN_FIX,R13a1567,R13a15674,R13a,"Island Dreamland",
CAN_FIX,R13a1568,R13a15684,R13a,"The Wagon",
CAN_FIX,R13a1569,R13a15694,R13a,"Vamos A Bailar",
CAN_FIX,R13a1570,R13a15704,R13a,"Enough Enough",
CAN_FIX,R13a1572,R13a15724,R13a,"All The Way Up",
CAN_FIX,R13a1573,R13a15734,R13a,"Lift Me Up Tonight",
CAN_FIX,R13a1574,R13a15744,R13a,"Wrap It Up",
CAN_FIX,R13a1575,R13a15754,R13a,"Wrapped Around",
CAN_FIX,R13a1576,R13a15764,R13a,"Constant Flux",
CAN_FIX,R13a1577,R13a15774,R13a,"Mellow Deal",
CAN_FIX,R13a1578,R13a15784,R13a,"Of Course",
CAN_FIX,R13a1579,R13a15794,R13a,"Of The Time",
CAN_FIX,R13a1580,R13a15804,R13a,"Positively",
CAN_FIX,R13a1582,R13a15824,R13a,"Stackin",
CAN_FIX,R13a1583,R13a15834,R13a,"Star Gaze",
CAN_FIX,R13a1584,R13a15844,R13a,"Step To",
CAN_FIX,R13a1585,R13a15854,R13a,"Stupendous",
CAN_FIX,R13a1586,R13a15864,R13a,"Super Slick",
CAN_FIX,R13a1587,R13a15874,R13a,"Suspected",
CAN_FIX,R13a1588,R13a15884,R13a,"The Cusp Of It All",
CAN_FIX,R13a1589,R13a15894,R13a,"High Tight Rope",
CAN_FIX,R13a1590,R13a15904,R13a,"Today Day",
CAN_FIX,R13a344,R13a3441,R13a,"Riviera Blue",
CAN_FIX,R13a717,R13a7172,R13a,"SmirkinHopeful",
CAN_FIX,R13a734,R13a7342,R13a,"Forth Going",
CAN_FIX,R13a952,R13a9522,R13a,"Trim The Cat",
CAN_FIX,R15a035,R15a0354,R15a,"Mafia Man",
CAN_FIX,R15a036,R15a0364,R15a,"Ripped Seams",
CAN_FIX,R17a060,R17a0601,R17a,"Morning Sunshine",
CAN_FIX,R17i005,R17i0051,R17i,"Mia Maharishi",
CAN_FIX,R19C001,R19C0011,R19C,"CHIPS",
CAN_FIX,R23a153,R23a1531,R23a,"Murphy The Dog",
CAN_FIX,R24a004,R24a0041,R24a,"3 Strings",
CAN_FIX,R24a015,R24a0151,R24a,"Playera",
CAN_FIX,R24a016,R24a0161,R24a,"Gun",
CAN_FIX,R24a038,R24a0381,R24a,"Hydro Hell",
CAN_FIX,R25a021,R25a0211,R25a,"Blame It On The Groovy",
CAN_FIX,R25a027,R25a0271,R25a,"Junk In The Trunk",
CAN_FIX,R25a028,R25a0281,R25a,"Rummaging",
CAN_FIX,R25a042,R25a0421,R25a,"March To Beantown",
CAN_FIX,R25a043,R25a0431,R25a,"Relics Schmelics",
CAN_FIX,R25a047,R25a0471,R25a,"Progress Report",
CAN_FIX,R25a054,R25a0541,R25a,"Who Is Boss",
CAN_FIX,R25a208,R25a2082,R25a,"Money Ball",
CAN_FIX,R25a270,R25a2702,R25a,"Struttin' On The Ditz",
CAN_FIX,R25a429,R25a4294,R25a,"Dare To Fly",
CAN_FIX,R25a430,R25a4304,R25a,"Get Naughty",
CAN_FIX,R25a431,R25a4314,R25a,"And To The Republic",
CAN_FIX,R25a432,R25a4324,R25a,"Rumor Spat It",
CAN_FIX,R25a433,R25a4334,R25a,"Lights Music Action",
CAN_FIX,R25a434,R25a4344,R25a,"Through The Fire",
CAN_FIX,R25a435,R25a4354,R25a,"Always Wanna Bad Boy",
CAN_FIX,R25a436,R25a4364,R25a,"Stop Being A Fn Dick",
CAN_FIX,R25a437,R25a4374,R25a,"Fcktose Intolerant",
CAN_FIX,R25a438,R25a4384,R25a,"Sinners And Boozers",
CAN_FIX,R25a439,R25a4394,R25a,"In Walks Ecstasy",
CAN_FIX,R25a440,R25a4404,R25a,"Molly's All Nighter",
CAN_FIX,R25b020,R25b0202,R25b,"To Murder And Back",
CAN_FIX,R25b032,R25b0324,R25b,"Old Flames New Wounds",
CAN_FIX,R25c025,R25c0253,R25c,"A Roll In Her Hay",
CAN_FIX,R25d001,R25d0011,R25d,"Hail To The Chief",
CAN_FIX,R25k015,R25k0153,R25k,"The Heavy",
CAN_FIX,R27a204,R27a2041,R27a,"Pac People",
CAN_FIX,R27a237,R27a2371,R27a,"Not Givin It Back",
CAN_FIX,R27a255,R27a2552,R27a,"Side Of Satie",
CAN_FIX,R27a321,R27a3212,R27a,"The Early",
CAN_FIX,R27a322,R27a3222,R27a,"Soil Samples",
CAN_FIX,R27a323,R27a3232,R27a,"Institutional",
CAN_FIX,R27a324,R27a3242,R27a,"Forever Silent",
CAN_FIX,R27a356,R27a3563,R27a,"Too Many Minds",
CAN_FIX,R29a014,R29a0141,R29a,"James Blonde",
CAN_FIX,R29a020,R29a0201,R29a,"Yahoo Hoedown",
CAN_FIX,R32a026,R32a0261,R32a,"Burning Wheels",
CAN_FIX,R32a03,R32a037,R32a,"The Road",
CAN_FIX,R32a084,R32a0842,R32a,"Sneakin In Your Head",
CAN_FIX,R36a011,R36a0111,R36a,"Like Always",
CAN_FIX,R36a012,R36a0121,R36a,"Windy Weather",
CAN_FIX,R36a021,R36a0211,R36a,"Head Over Heels",
CAN_FIX,R36a022,R36a0221,R36a,"Pick Me Up Again",
CAN_FIX,R36a122,R36a1221,R36a,"Tension In The Air",
CAN_FIX,R36a177,R36a1772,R36a,"Forgotten Dream",
CAN_FIX,R36a243,R36a2433,R36a,"Point Of Interest",
CAN_FIX,R36a246,R36a2464,R36a,"Context",
CAN_FIX,R37a019,R37a0191,R37a,"Hardscrabble Road",
CAN_FIX,R37a020,R37a0201,R37a,"Unity",
CAN_FIX,R37a213,R37a2131,R37a,"SIB Harmonica Amp 1a",
CAN_FIX,R37a222,R37a2221,R37a,"SIB Harmonica Clean 1a",
CAN_FIX,R38a009,R38a0091,R38a,"MCR Hustle",
CAN_FIX,R38c009,R38c0091,R38c,"Looking For Clues",
CAN_FIX,R38c011,R38c0111,R38c,"Under Investigation",
CAN_FIX,R38c028,R38c0281,R38c,"Balaphonic Dance",
CAN_FIX,R38c029,R38c0291,R38c,"Never Better",
CAN_FIX,R39a01,R39a013,R39a,"Down On The Strip",
CAN_FIX,R39a012,R39a0121,R39a,"Disco Tech",
CAN_FIX,R39a018,R39a0181,R39a,"Rockaway 1",
CAN_FIX,R39a020,R39a0201,R39a,"Rockaway 3",
CAN_FIX,R39a021,R39a0211,R39a,"Do Anything",
CAN_FIX,R39a060,R39a0601,R39a,"Circus Olay",
CAN_FIX,R41a022,R41a0221,R41a,"Twangme",
CAN_FIX,R41a026,R41a0261,R41a,"Country Swing",
CAN_FIX,R41a038,R41a0381,R41a,"Black As Keys",
CAN_FIX,R41a039,R41a0391,R41a,"Bad Ass Breakdown",
CAN_FIX,R43a048,R43a0481,R43a,"Hang Jam",
CAN_FIX,R43a049,R43a0491,R43a,"Nature Dance",
CAN_FIX,R43a052,R43a0521,R43a,"Heavy Duty",
CAN_FIX,R43a053,R43a0531,R43a,"Surfy",
CAN_FIX,R43a121,R43a1211,R43a,"Hang Chase",
CAN_FIX,R43a124,R43a1241,R43a,"Hush 2",
CAN_FIX,R43a355,R43a3553,R43a,"Immense Pressure",
CAN_FIX,R45a009,R45a0091,R45a,"Come And Get Me",
CAN_FIX,R45a010,R45a0101,R45a,"Golden Line",
CAN_FIX,R45a011,R45a0111,R45a,"Rich Baby",
CAN_FIX,R46a414,R46a4141,R46a,"Flee",
CAN_FIX,R46a432,R46a4321,R46a,"Evacuate",
CAN_FIX,R46a453,R46a4532,R46a,"Haunted Studio",
CAN_FIX,R46a663,R46a6632,R46a,"Perplexing",
CAN_FIX,R46a686,R46a6862,R46a,"Rajaa'An",
CAN_FIX,R46a730,R46a7303,R46a,"The Day Before",
CAN_FIX,R48a032,R48a0321,R48a,"Five Of Hearts",
CAN_FIX,R48a200,R48a2002,R48a,"Murder Drone",
CAN_FIX,R48a214,R48a2142,R48a,"Shanty Boys",
CAN_FIX,R48a372,R48a3724,R48a,"Amazing",
CAN_FIX,R48a373,R48a3734,R48a,"Stacks And Racks",
CAN_FIX,R48a374,R48a3744,R48a,"Queen City",
CAN_FIX,R48a375,R48a3754,R48a,"After Hours Club",
CAN_FIX,R48a376,R48a3764,R48a,"Make Me",
CAN_FIX,R48a377,R48a3774,R48a,"North Carolina",
CAN_FIX,R48a378,R48a3784,R48a,"Soho Nights",
CAN_FIX,R48a379,R48a3794,R48a,"Too High",
CAN_FIX,R48a380,R48a3804,R48a,"Midnight Splash",
CAN_FIX,R48a381,R48a3814,R48a,"Freedom Mask",
CAN_FIX,R48a382,R48a3824,R48a,"Get Up On This Dance Floor",
CAN_FIX,R48a383,R48a3834,R48a,"I Wanna Get Serious",
CAN_FIX,R48a384,R48a3844,R48a,"Liquid Brunch",
CAN_FIX,R48a385,R48a3854,R48a,"Queen Of The Queen City",
CAN_FIX,R48a389,R48a3894,R48a,"Can't Wait No Longer",
CAN_FIX,R48a390,R48a3904,R48a,"Forever Fever",
CAN_FIX,R48a391,R48a3914,R48a,"Kingdom Collapse",
CAN_FIX,R48a392,R48a3924,R48a,"Your Hand In Mine",
CAN_FIX,R48a393,R48a3934,R48a,"All Night Long Again",
CAN_FIX,R48a394,R48a3944,R48a,"Bright Horizons",
CAN_FIX,R48a395,R48a3954,R48a,"Club Wreckage",
CAN_FIX,R48a396,R48a3964,R48a,"Glow In The Dark",
CAN_FIX,R48a397,R48a3974,R48a,"Mixed Signals",
CAN_FIX,R48a398,R48a3984,R48a,"Snake In The Mirror",
CAN_FIX,R48a399,R48a3994,R48a,"Trust Issues? Really?",
CAN_FIX,R48a400,R48a4004,R48a,"Fallen Pride",
CAN_FIX,R48a401,R48a4014,R48a,"Focus That",
CAN_FIX,R48a402,R48a4024,R48a,"High Class Funk",
CAN_FIX,R48a403,R48a4034,R48a,"Found The Perfect Man",
CAN_FIX,R48a404,R48a4044,R48a,"Nocturnal",
CAN_FIX,R48a405,R48a4054,R48a,"Pay Attention",
CAN_FIX,R48a406,R48a4064,R48a,"Pressure Cooker",
CAN_FIX,R48a407,R48a4074,R48a,"Small Town Sky",
CAN_FIX,R48a408,R48a4084,R48a,"Smooth Daddy",
CAN_FIX,R48a409,R48a4094,R48a,"Stolen Secrets",
CAN_FIX,R48a410,R48a4104,R48a,"Tapas And Trouble",
CAN_FIX,R48a411,R48a4114,R48a,"Tropical Bunny",
CAN_FIX,R48a412,R48a4124,R48a,"Truth In This Madness",
CAN_FIX,R48a413,R48a4134,R48a,"We're Unstoppable",
CAN_FIX,R48a414,R48a4144,R48a,"Only One For Me",
CAN_FIX,R48a415,R48a4154,R48a,"Death Grip",
CAN_FIX,R48a416,R48a4164,R48a,"Burn It",
CAN_FIX,R48a417,R48a4174,R48a,"Across The Bar",
CAN_FIX,R48a418,R48a4184,R48a,"We Were Almost There",
CAN_FIX,R48a419,R48a4194,R48a,"Alone Again",
CAN_FIX,R48a420,R48a4204,R48a,"I'm In The Mood Tonight",
CAN_FIX,R48a421,R48a4214,R48a,"Level Up Again",
CAN_FIX,R48a422,R48a4224,R48a,"Question Mark Too",
CAN_FIX,R48a423,R48a4234,R48a,"Save Me Again",
CAN_FIX,R48a424,R48a4244,R48a,"Spirit Cooker",
CAN_FIX,R48a425,R48a4254,R48a,"Thank You",
CAN_FIX,R48a426,R48a4264,R48a,"The Only One For Me",
CAN_FIX,R48a427,R48a4274,R48a,"Above The Group Chat",
CAN_FIX,R48a428,R48a4284,R48a,"Behind The Fog",
CAN_FIX,R48a429,R48a4294,R48a,"Black Moon",
CAN_FIX,R48a430,R48a4304,R48a,"Broken Bad",
CAN_FIX,R48a431,R48a4314,R48a,"Clever You",
CAN_FIX,R48a432,R48a4324,R48a,"Diminishing Returns",
CAN_FIX,R48a433,R48a4334,R48a,"Got You",
CAN_FIX,R48a434,R48a4344,R48a,"Perfect Kind Of Crazy",
CAN_FIX,R48a435,R48a4354,R48a,"More Playtime",
CAN_FIX,R48a436,R48a4364,R48a,"Shy Guy",
CAN_FIX,R48a437,R48a4374,R48a,"A Little Bit Narcissistic",
CAN_FIX,R48a438,R48a4384,R48a,"Eerie Descent",
CAN_FIX,R48a439,R48a4394,R48a,"Into The Abyss",
CAN_FIX,R48a440,R48a4404,R48a,"Sacrificed",
CAN_FIX,R48a441,R48a4414,R48a,"Uplift Me",
CAN_FIX,R48a442,R48a4424,R48a,"How You Like It",
CAN_FIX,R48a443,R48a4434,R48a,"My Love, Your Loss",
CAN_FIX,R48a444,R48a4444,R48a,"Quagmired",
CAN_FIX,R48a445,R48a4454,R48a,"You Said That?",
CAN_FIX,R48a446,R48a4464,R48a,"Rich Boys",
CAN_FIX,R48a447,R48a4474,R48a,"Sad Expectations",
CAN_FIX,R48a448,R48a4484,R48a,"Clear And Present",
CAN_FIX,R48a449,R48a4494,R48a,"Clown Room",
CAN_FIX,R48a450,R48a4504,R48a,"Final Final Hour",
CAN_FIX,R48a452,R48a4524,R48a,"So Be It",
CAN_FIX,R48a453,R48a4534,R48a,"The Grand Budapest Motel",
CAN_FIX,R48a454,R48a4544,R48a,"Who Dunnit",
CAN_FIX,R48a455,R48a4554,R48a,"Bomb Squad Incoming",
CAN_FIX,R48a456,R48a4564,R48a,"Count On Me",
CAN_FIX,R48a457,R48a4574,R48a,"Feelin' Sassy",
CAN_FIX,R48a458,R48a4584,R48a,"Pardon Me",
CAN_FIX,R48a459,R48a4594,R48a,"Wrong Turn Again",
CAN_FIX,R48a460,R48a4604,R48a,"Zany Me",
CAN_FIX,R48a461,R48a4614,R48a,"Cold Cold World",
CAN_FIX,R48a462,R48a4624,R48a,"CopycatRevenge",
CAN_FIX,R48a463,R48a4634,R48a,"Primal Thirst",
CAN_FIX,R48a464,R48a4644,R48a,"Can't Touch Me",
CAN_FIX,R48a465,R48a4654,R48a,"Don't Forget Me",
CAN_FIX,R48a466,R48a4664,R48a,"Final Battle",
CAN_FIX,R48a467,R48a4674,R48a,"French Dip",
CAN_FIX,R48a468,R48a4684,R48a,"Goin' With It",
CAN_FIX,R48a469,R48a4694,R48a,"No Gossip Is Good Gossip",
CAN_FIX,R48a470,R48a4704,R48a,"Only The Mighty",
CAN_FIX,R48a471,R48a4714,R48a,"Punta Cana Dreams",
CAN_FIX,R48a472,R48a4724,R48a,"Can't Keep Track",
CAN_FIX,R48a473,R48a4734,R48a,"I Got FOMO",
CAN_FIX,R48a474,R48a4744,R48a,"Midnight On The Caribbean Shore",
CAN_FIX,R48a475,R48a4754,R48a,"Only Play Today",
CAN_FIX,R48a476,R48a4764,R48a,"Ultima Copa",
CAN_FIX,R48a477,R48a4774,R48a,"Amo Mi Comida",
CAN_FIX,R48a478,R48a4784,R48a,"Amor Caribeno",
CAN_FIX,R48a479,R48a4794,R48a,"Espresso Yes",
CAN_FIX,R48a480,R48a4804,R48a,"La Trampa Dulce",
CAN_FIX,R48a481,R48a4814,R48a,"Lover's Reef",
CAN_FIX,R48a482,R48a4824,R48a,"Luna Nueva",
CAN_FIX,R48a483,R48a4834,R48a,"Never Too Chill",
CAN_FIX,R48a484,R48a4844,R48a,"People Pleaser",
CAN_FIX,R48a485,R48a4854,R48a,"Vida Del Playa",
CAN_FIX,R48a486,R48a4864,R48a,"Viva La Viva",
CAN_FIX,R48a487,R48a4874,R48a,"Dancin' All Night",
CAN_FIX,R48a488,R48a4884,R48a,"Gimme A Break",
CAN_FIX,R48a489,R48a4894,R48a,"Keep Up With Me",
CAN_FIX,R48a490,R48a4904,R48a,"Learning To Love Again",
CAN_FIX,R48a491,R48a4914,R48a,"She Likes To Show Off",
CAN_FIX,R48a492,R48a4924,R48a,"Something Must Be Wrong",
CAN_FIX,R48a493,R48a4934,R48a,"Stop But Don't Stop",
CAN_FIX,R48a494,R48a4944,R48a,"Top Of The Morning",
CAN_FIX,R48a495,R48a4954,R48a,"Ukulele Sailing",
CAN_FIX,R48a496,R48a4964,R48a,"Vikings Blade",
CAN_FIX,R48a497,R48a4974,R48a,"Always Winning",
CAN_FIX,R48a498,R48a4984,R48a,"Business Then Pleasure",
CAN_FIX,R48a499,R48a4994,R48a,"Don't Fight It",
CAN_FIX,R48a500,R48a5004,R48a,"For A Change",
CAN_FIX,R48a501,R48a5014,R48a,"His Body",
CAN_FIX,R48a502,R48a5024,R48a,"I Got The Goods",
CAN_FIX,R48a503,R48a5034,R48a,"I Need More Stacks",
CAN_FIX,R48a504,R48a5044,R48a,"OCD Over You",
CAN_FIX,R48a505,R48a5054,R48a,"Half Hearted",
CAN_FIX,R48a506,R48a5064,R48a,"She's Suicide",
CAN_FIX,R48a507,R48a5074,R48a,"You Knew",
CAN_FIX,R48a508,R48a5084,R48a,"You Know What I Want",
CAN_FIX,R48a509,R48a5094,R48a,"Feeling Dangerous",
CAN_FIX,R48a510,R48a5104,R48a,"I Don't Wanna Work No More",
CAN_FIX,R48a511,R48a5114,R48a,"I'm Better Off",
CAN_FIX,R48a512,R48a5124,R48a,"Lovers Not Friends",
CAN_FIX,R48a513,R48a5134,R48a,"Out Of Sight Out Of Mind",
CAN_FIX,R48a514,R48a5144,R48a,"Back Rooms",
CAN_FIX,R48a515,R48a5154,R48a,"Basalt Throat",
CAN_FIX,R48a516,R48a5164,R48a,"Brass Cupcakes",
CAN_FIX,R48a517,R48a5174,R48a,"Happy Flappers",
CAN_FIX,R48a518,R48a5184,R48a,"Please Speak Easy",
CAN_FIX,R48a519,R48a5194,R48a,"Too Good To Be True",
CAN_FIX,R53a144,R53a1441,R53a,"Livin The Life",
CAN_FIX,R53a252,R53a2522,R53a,"Drama 101",
CAN_FIX,R53a316,R53a3163,R53a,"Depreciation",
CAN_FIX,R60a024,R60a0241,R60a,"Robots In Disguise",
CAN_FIX,R63a280,R63a2803,R63a,"Wala Wala Waltz",
CAN_FIX,R67a027,R67a0271,R67a,"Off Your Dirty Knees",
CAN_FIX,R67a191,R67a1912,R67a,"Reversed Cymbal With Fade",
CAN_FIX,R67a192,R67a1922,R67a,"Reversed Cymbal With Stop",
CAN_FIX,R67a258,R67a2584,R67a,"Bottle Service And Bad Decisions",
CAN_FIX,R67a259,R67a2594,R67a,"Hookups By The Host Stand",
CAN_FIX,R67a260,R67a2604,R67a,"Magnolias And Mean Girls",
CAN_FIX,R67a261,R67a2614,R67a,"Neon On Kings Street",
CAN_FIX,R67a262,R67a2624,R67a,"Sweet Tea, Hot Nights",
CAN_FIX,R67a263,R67a2634,R67a,"Don't Embarrass The Brand",
CAN_FIX,R67a264,R67a2644,R67a,"Do The Shot Spill TheTea",
CAN_FIX,R67a265,R67a2654,R67a,"Flirthing For Tips",
CAN_FIX,R67a266,R67a2664,R67a,"Serving Drinks Serving Drama",
CAN_FIX,R67a267,R67a2674,R67a,"Shots Before Apologies",
CAN_FIX,R67a268,R67a2684,R67a,"Hola Drama",
CAN_FIX,R67a269,R67a2694,R67a,"Rum Punch And Red Flags",
CAN_FIX,R67a270,R67a2704,R67a,"Sand Between My Secrets",
CAN_FIX,R67a271,R67a2714,R67a,"King Street Goes Coastal",
CAN_FIX,R67a272,R67a2724,R67a,"Love In The Cabana",
CAN_FIX,R67a273,R67a2734,R67a,"Sunscreen And Slander",
CAN_FIX,R67a274,R67a2744,R67a,"Swim Up Bar",
CAN_FIX,R68a001,R68a0011,R68a,"Heavy 2",
CAN_FIX,R68a002,R68a0021,R68a,"Highway 2",
CAN_FIX,R68a003,R68a0031,R68a,"Long Road",
CAN_FIX,R68a004,R68a0041,R68a,"Pearl Stone",
CAN_FIX,R68a005,R68a0051,R68a,"That Blues",
CAN_FIX,R68a006,R68a0061,R68a,"That Moment",
CAN_FIX,R68a007,R68a0071,R68a,"Trucks And Beer",
CAN_FIX,R68a008,R68a0081,R68a,"Wide Field",
CAN_FIX,R68b004,R68b0042,R68b,"Time 3",
CAN_FIX,R73a342,R73a3421,R73a,"Odd Parade",
CAN_FIX,R73a431,R73a4312,R73a,"Odd Fellas",
CAN_FIX,R73a663,R73a6633,R73a,"Steel Breeze",
CAN_FIX,R73a664,R73a6643,R73a,"Asphalt Kings",
CAN_FIX,R73a665,R73a6653,R73a,"Groovy Roadtrip",
CAN_FIX,R73a749,R73a7493,R73a,"Glitter Scoop",
CAN_FIX,R73a842,R73a8424,R73a,"Boom Bang Pow",
CAN_FIX,R73a843,R73a8434,R73a,"Boom Mantra",
CAN_FIX,R73a844,R73a8444,R73a,"Bounce And Pounce",
CAN_FIX,R73a846,R73a8464,R73a,"Electric Glory",
CAN_FIX,R73a847,R73a8474,R73a,"Epic Frenzy",
CAN_FIX,R73a848,R73a8484,R73a,"Faster Master",
CAN_FIX,R73a849,R73a8494,R73a,"Golden Funk",
CAN_FIX,R73a850,R73a8504,R73a,"Happy Spaces",
CAN_FIX,R73a851,R73a8514,R73a,"Good Loot",
CAN_FIX,R73a852,R73a8524,R73a,"Hardark",
CAN_FIX,R73a853,R73a8534,R73a,"Loose Yerself",
CAN_FIX,R73a854,R73a8544,R73a,"Ratatata",
CAN_FIX,R73a855,R73a8554,R73a,"Tough Trade",
CAN_FIX,R73a856,R73a8564,R73a,"War Dance",
CAN_FIX,R73a857,R73a8574,R73a,"Witch Fever",
CAN_FIX,R73a858,R73a8584,R73a,"Collateral Consequences",
CAN_FIX,R73a859,R73a8594,R73a,"Impending Boom",
CAN_FIX,R73a860,R73a8604,R73a,"Triple Trouble",
CAN_FIX,R73a861,R73a8614,R73a,"Worrisome Stakes",
CAN_FIX,R73a862,R73a8624,R73a,"Dancing Glow",
CAN_FIX,R73a863,R73a8634,R73a,"Easy Nights",
CAN_FIX,R73a864,R73a8644,R73a,"Fleeting Bliss",
CAN_FIX,R73a865,R73a8654,R73a,"Gold Gliding",
CAN_FIX,R73a866,R73a8664,R73a,"Love Boom",
CAN_FIX,R73a867,R73a8674,R73a,"Neon Legion",
CAN_FIX,R73a868,R73a8684,R73a,"Nobody's Watching",
CAN_FIX,R73a869,R73a8694,R73a,"Not Like U",
CAN_FIX,R73a870,R73a8704,R73a,"Sweet Poison",
CAN_FIX,R73a871,R73a8714,R73a,"Dancing On The Skylight",
CAN_FIX,R73a872,R73a8724,R73a,"Forever Wild",
CAN_FIX,R73a873,R73a8734,R73a,"Lost In The Lights",
CAN_FIX,R73a874,R73a8744,R73a,"No Limits Yet",
CAN_FIX,R73a875,R73a8754,R73a,"Sway Away",
CAN_FIX,R73a876,R73a8764,R73a,"Tonight We Dance",
CAN_FIX,R73a877,R73a8774,R73a,"We Own The Night",
CAN_FIX,R73a878,R73a8784,R73a,"Gnarly Troubles",
CAN_FIX,R73a879,R73a8794,R73a,"Strange Haze",
CAN_FIX,R73a880,R73a8804,R73a,"Thick Creep",
CAN_FIX,R73a881,R73a8814,R73a,"Easy Roads",
CAN_FIX,R73a882,R73a8824,R73a,"Mean Fast Waves",
CAN_FIX,R73a883,R73a8834,R73a,"Sweet Ride Home",
CAN_FIX,R73a884,R73a8844,R73a,"3 Grand A Pop",
CAN_FIX,R73a885,R73a8854,R73a,"3K Drop",
CAN_FIX,R73a886,R73a8864,R73a,"Anger Banger",
CAN_FIX,R73a887,R73a8874,R73a,"Brass Bomb",
CAN_FIX,R73a888,R73a8884,R73a,"Dancing Giants",
CAN_FIX,R73a889,R73a8894,R73a,"Dancing Tears",
CAN_FIX,R73a890,R73a8904,R73a,"Diamond Pressure",
CAN_FIX,R73a891,R73a8914,R73a,"Electric Madness",
CAN_FIX,R73a892,R73a8924,R73a,"Energy Honey",
CAN_FIX,R73a893,R73a8934,R73a,"Expensive Skies",
CAN_FIX,R73a894,R73a8944,R73a,"Furious Bliss",
CAN_FIX,R73a895,R73a8954,R73a,"Golden Circles",
CAN_FIX,R73a896,R73a8964,R73a,"Got Me Caught",
CAN_FIX,R73a897,R73a8974,R73a,"Hammered On",
CAN_FIX,R73a898,R73a8984,R73a,"Hard Yard",
CAN_FIX,R73a899,R73a8994,R73a,"Lush Rush",
CAN_FIX,R73a900,R73a9004,R73a,"Night Royalty",
CAN_FIX,R73a901,R73a9014,R73a,"Like No Tomorrow",
CAN_FIX,R73a902,R73a9024,R73a,"Posouthivity",
CAN_FIX,R73a903,R73a9034,R73a,"Rush Night",
CAN_FIX,R73a904,R73a9044,R73a,"Super Pumped Up",
CAN_FIX,R75a032,R75a0321,R75a,"Blues Fight",
CAN_FIX,R75a044,R75a0441,R75a,"Something Afoot",
CAN_FIX,R82a035,R82a0351,R82a,"Farmers Tan",
CAN_FIX,R82a086,R82a0861,R82a,"Major Gold Mine",
CAN_FIX,R82a295,R82a2951,R82a,"Swamp Ass",
CAN_FIX,R82a730,R82a7303,R82a,"Cosmic Cowboy",
CAN_FIX,R82a734,R82a7343,R82a,"Low Gear",
CAN_FIX,R82a865,R82a8654,R82a,"Barbecue Joint",
CAN_FIX,R82a866,R82a8664,R82a,"Gulf Of Mars",
CAN_FIX,R82a867,R82a8674,R82a,"King Wave",
CAN_FIX,R82a868,R82a8684,R82a,"Pandemic Blues",
CAN_FIX,R82a869,R82a8694,R82a,"Slinking Down Easy Street",
CAN_FIX,R82a870,R82a8704,R82a,"Spies In Love",
CAN_FIX,R82a871,R82a8714,R82a,"Funny Not Funny",
CAN_FIX,R82a872,R82a8724,R82a,"Cant Wait Forever",
CAN_FIX,R82a873,R82a8734,R82a,"Dude Awakening",
CAN_FIX,R82a874,R82a8744,R82a,"Sloppy Fourths",
CAN_FIX,R82a875,R82a8754,R82a,"Tiny Tremors",
CAN_FIX,R85a467,R85a4672,R85a,"Reddening",
CAN_FIX,R85a557,R85a5574,R85a,"De Lo Mio",
CAN_FIX,R85c001,R85c0014,R85c,"Island Greatness",
CAN_FIX,R85c002,R85c0024,R85c,"Dawn Walk",
CAN_FIX,R85c003,R85c0034,R85c,"Dusked",
CAN_FIX,R86b006,R86b0062,R86b,"Arrows",
CAN_FIX,R86b007,R86b0072,R86b,"Eye Of A Fly",
CAN_FIX,R87a04,R87a048,R87a,"The Jack Willy Adventure",
CAN_FIX,R87a102,R87a1022,R87a,"Diez Quetzales",
CAN_FIX,R89a309,R89a3092,R89a,"King's Bridge",
CAN_FIX,R89a825,R89a8253,R89a,"Come Round",
CAN_FIX,R89a826,R89a8263,R89a,"Fire Water",
CAN_FIX,R89a827,R89a8273,R89a,"Hi Hee Ho",
CAN_FIX,R89a828,R89a8283,R89a,"Stomped On",
CAN_FIX,R89a829,R89a8293,R89a,"Tweed Me",
CAN_FIX,R89a855,R89a8553,R89a,"Cuts and Wishes",
CAN_FIX,R89c001,R89c0014,R89c,"Heart Break",
CAN_FIX,R89c002,R89c0024,R89c,"I Lose My Mind",
CAN_FIX,R89c003,R89c0034,R89c,"On Your River",
CAN_FIX,R89c004,R89c0044,R89c,"Blur",
CAN_FIX,R90c001,R90c0011,R90c,"Aint So Bad",
CAN_FIX,R90f002,R90f0021,R90f,"Jimmys Dream",
CAN_FIX,R91a016,R91a0162,R91a,"Garage Daze",
CAN_FIX,R91a144,R91a1444,R91a,"Sunset Spritz",
CAN_FIX,R91a145,R91a1454,R91a,"Double Trouble",
CAN_FIX,R91a146,R91a1464,R91a,"Hot Take",
CAN_FIX,R91a147,R91a1474,R91a,"Infamous",
CAN_FIX,R91a148,R91a1484,R91a,"Keep Your Cool",
CAN_FIX,R91a149,R91a1494,R91a,"Be Real",
CAN_FIX,R91a150,R91a1504,R91a,"Slow Your Role",
CAN_FIX,R91a151,R91a1514,R91a,"Face To Face Again",
CAN_FIX,R91a152,R91a1524,R91a,"Smashed On The Rocks",
CAN_FIX,R91a153,R91a1534,R91a,"Throwing You Shade",
CAN_FIX,R91a154,R91a1544,R91a,"Friggin' Ice Cold",
CAN_FIX,R91a155,R91a1554,R91a,"So Many Dark Days",
CAN_FIX,R91a156,R91a1564,R91a,"Sinister Sequence",
CAN_FIX,R93a170,R93a1704,R93a,"Homesteader",
CAN_FIX,R93a171,R93a1714,R93a,"Ranch Dressing",
CAN_FIX,R94a112,R94a1123,R94a,"Warped Logic",
CAN_FIX,R94a191,R94a1914,R94a,"After The Show",
CAN_FIX,S12a008,S12a0084,S12a,"Uneasy Frequencies",
CAN_FIX,S12a033,S12a0334,S12a,"Dwindling Seconds",
CAN_FIX,S12a034,S12a0344,S12a,"Evidence Pending",
CAN_FIX,S12a035,S12a0354,S12a,"In A Holding Pattern",
CAN_FIX,S12a036,S12a0364,S12a,"Lingering Doubt",
CAN_FIX,S12a037,S12a0374,S12a,"Low Pulse",
CAN_FIX,S12a038,S12a0384,S12a,"Paranoia Loop",
CAN_FIX,S12a039,S12a0394,S12a,"Psychotic Break",
CAN_FIX,S12a040,S12a0404,S12a,"Something Unsaid",
CAN_FIX,S12a041,S12a0414,S12a,"Static In The Walls",
CAN_FIX,S12a042,S12a0424,S12a,"The Cold Lead",
CAN_FIX,S12a043,S12a0434,S12a,"The Sound Of Waiting",
CAN_FIX,S12a044,S12a0444,S12a,"Watching Without Moving",
CAN_FIX,S12a045,S12a0454,S12a,"Delayed Response",
CAN_FIX,S12a046,S12a0464,S12a,"Lingering Presence",
CAN_FIX,S12a047,S12a0474,S12a,"Low Signal",
CAN_FIX,S12a048,S12a0484,S12a,"Out Of Frame",
CAN_FIX,S12a049,S12a0494,S12a,"Single Frequency",
CAN_FIX,S12a050,S12a0504,S12a,"Static Line",
CAN_FIX,S12a051,S12a0514,S12a,"Sustained Silence",
CAN_FIX,S12a052,S12a0524,S12a,"Breathe Thin Air",
CAN_FIX,S12a053,S12a0534,S12a,"Unresolved Tone",
CAN_FIX,S12a054,S12a0544,S12a,"Unsteady Ground",
CAN_FIX,S13a027,S13a0274,S13a,"Above Suspicion",
CAN_FIX,S13a028,S13a0284,S13a,"Absurd Flex",
CAN_FIX,S13a029,S13a0294,S13a,"Awkward Hustle",
CAN_FIX,S13a030,S13a0304,S13a,"Caught In 4k",
CAN_FIX,S13a031,S13a0314,S13a,"All Eyes On Me",
CAN_FIX,S13a032,S13a0324,S13a,"Bag Of Tricks",
CAN_FIX,S13a033,S13a0334,S13a,"Behind The Mask Again",
CAN_FIX,S13a034,S13a0344,S13a,"Catch The Skank",
CAN_FIX,S13a035,S13a0354,S13a,"At The Brink",
CAN_FIX,S13a037,S13a0374,S13a,"Clever But Clueless",
CAN_FIX,S13a038,S13a0384,S13a,"Cut The Cameras",
CAN_FIX,S13a039,S13a0394,S13a,"Locked And Loaded",
CAN_FIX,S13a041,S13a0414,S13a,"Al Ritmo Del Sol",
CAN_FIX,S13b004,S13b0044,S13b,"Party Spark",
CAN_FIX,S13b005,S13b0054,S13b,"Whats Going On",
CAN_FIX,S13b006,S13b0064,S13b,"Game On Feelin Bold",
CAN_FIX,S13b007,S13b0074,S13b,"Nice Try",
CAN_FIX,S13b008,S13b0084,S13b,"Power Trip",
CAN_FIX,S13b009,S13b0094,S13b,"Ride Or Die",
CAN_FIX,S13b010,S13b0104,S13b,"Locked In You",
CAN_FIX,S13b011,S13b0114,S13b,"Sweet Trouble",
CAN_FIX,S13b012,S13b0124,S13b,"Electric Whispers",
CAN_FIX,S13b013,S13b0134,S13b,"Fever Rush",
CAN_FIX,S13b014,S13b0144,S13b,"Heatproof",
CAN_FIX,S13b015,S13b0154,S13b,"In Your Hands",
CAN_FIX,S13b016,S13b0164,S13b,"Own The Moment",
CAN_FIX,S13b017,S13b0174,S13b,"Playing With Fire",
CAN_FIX,S13b018,S13b0184,S13b,"Silk And Trouble",
CAN_FIX,S13b019,S13b0194,S13b,"Smoke And Mirrors Baby",
CAN_FIX,S13b020,S13b0204,S13b,"Velvet Rhythm",
CAN_FIX,S13b021,S13b0214,S13b,"Better Now",
CAN_FIX,S13b022,S13b0224,S13b,"Pull Me In",
CAN_FIX,S13b023,S13b0234,S13b,"Queen Of The Floor",
CAN_FIX,S15a004,S15a0043,S15a,"Discovered Truth",
CAN_FIX,S15a005,S15a0053,S15a,"Guilt Behind Her Eyes",
CAN_FIX,S15a007,S15a0074,S15a,"Baddest B On The Scene",
CAN_FIX,S15a008,S15a0084,S15a,"Fierce And Flawless",
CAN_FIX,S15a009,S15a0094,S15a,"In Love With A Flower",
CAN_FIX,S15a014,S15a0144,S15a,"If You Could Love Me Again",
CAN_FIX,S20A107,S20A1073,S20A,"Whatz Nexxt",
CAN_FIX,S20a028,S20a0281,S20a,"Blowhard",
CAN_FIX,S20d040,S20d0403,S20d,"Drone The Mall",
CAN_FIX,S20d047,S20d0473,S20d,"Core Shaken",
CAN_FIX,S20d061,S20d0613,S20d,"Pickin' In The Dark",
CAN_FIX,S20d074,S20d0744,S20d,"Dance Floor Girls",
CAN_FIX,S20d075,S20d0754,S20d,"Clubbed",
CAN_FIX,S20d076,S20d0764,S20d,"The VIP Room",
CAN_FIX,S20d077,S20d0774,S20d,"Cin Dramatic",
CAN_FIX,S20d078,S20d0784,S20d,"Southern Slinky",
CAN_FIX,S20d079,S20d0794,S20d,"BANJOy Fanboy",
CAN_FIX,S20d080,S20d0804,S20d,"Strut Yer Stuff",
CAN_FIX,S20d081,S20d0814,S20d,"I Don Care",
CAN_FIX,S20d082,S20d0824,S20d,"Hump Day Dance Off",
CAN_FIX,S20d083,S20d0834,S20d,"Charleston Vice",
CAN_FIX,S20d084,S20d0844,S20d,"Sippin Away",
CAN_FIX,S20d086,S20d0864,S20d,"Waves Of Grain",
CAN_FIX,S20d087,S20d0874,S20d,"A Tension To Detail",
CAN_FIX,S20d088,S20d0884,S20d,"Yet Anotherr Dance Thang",
CAN_FIX,S20d089,S20d0894,S20d,"Happy Slappy",
CAN_FIX,S20d090,S20d0904,S20d,"Potent Motion Potion",
CAN_FIX,S20d091,S20d0914,S20d,"Drone Alone",
CAN_FIX,S20d092,S20d0924,S20d,"Searching The Attic",
CAN_FIX,S20d093,S20d0934,S20d,"Bump Di Bump Di",
CAN_FIX,S21a054,S21a0541,S21a,"Bottle O Rotgut",
CAN_FIX,S21a057,S21a0571,S21a,"Hope And Glory",
CAN_FIX,S21a063,S21a0631,S21a,"Anxiety",
CAN_FIX,S21a064,S21a0641,S21a,"Drunken Cookery",
CAN_FIX,S21a065,S21a0651,S21a,"Smackdown 2",
CAN_FIX,S21a066,S21a0661,S21a,"The Premise",
CAN_FIX,S21a067,S21a0671,S21a,"Twisted Liquor",
CAN_FIX,S21a069,S21a0691,S21a,"International Mystery",
CAN_FIX,S22a026,S22a0264,S22a,"Boxer Skips",
CAN_FIX,S22a027,S22a0274,S22a,"Anything But That",
CAN_FIX,S23a036,S23a0364,S23a,"Mighty Blue",
CAN_FIX,S24a071,S24a0712,S24a,"Put It Into Overdrive",
CAN_FIX,S24b026,S24b0261,S24b,"Beets For Sale",
CAN_FIX,S24c002,S24c0021,S24c,"That Lonesome Road",
CAN_FIX,S24c085,S24c0851,S24c,"Grinding Out",
CAN_FIX,S26a009,S26a0091,S26a,"Can He Do It",
CAN_FIX,S31a067,S31a0673,S31a,"Missing Persons",
CAN_FIX,S33a1590,S33a15903,S33a,"Funky Members",
CAN_FIX,S33a1678,S33a16783,S33a,"Hypercubes",
CAN_FIX,S33a1863,S33a18633,S33a,"New Seasons",
CAN_FIX,S33a1882,S33a18823,S33a,"Sweet Summer Winds",
CAN_FIX,S33a1883,S33a18833,S33a,"The Accents",
CAN_FIX,S33a1884,S33a18843,S33a,"The Old Cabin",
CAN_FIX,S33a1886,S33a18863,S33a,"All The Claps",
CAN_FIX,S33a1894,S33a18943,S33a,"Going To A Good Home",
CAN_FIX,S33a1902,S33a19023,S33a,"Pieces Are Here",
CAN_FIX,S33a1910,S33a19103,S33a,"Store Toy",
CAN_FIX,S33a1913,S33a19133,S33a,"Walking Box",
CAN_FIX,S33a2183,S33a21833,S33a,"Time Equals Money",
CAN_FIX,S33a2479,S33a24793,S33a,"Look And Dance",
CAN_FIX,S33a2523,S33a25233,S33a,"Late Night Deep Dive",
CAN_FIX,S33a2693,S33a26933,S33a,"Hard To Say",
CAN_FIX,S33a2706,S33a27063,S33a,"Very Tense",
CAN_FIX,S33a2948,S33a29483,S33a,"Timelines",
CAN_FIX,S33a3598,S33a35984,S33a,"No Turns Yet",
CAN_FIX,S33a3963,S33a39634,S33a,"No Turns 2",
CAN_FIX,S33a4247,S33a42474,S33a,"To Do That",
CAN_FIX,S33a4257,S33a42574,S33a,"Glowing Like A Midnight Starlight",
CAN_FIX,S33a4258,S33a42584,S33a,"I Was Taken Back",
CAN_FIX,S33a4259,S33a42594,S33a,"Just Like That Here",
CAN_FIX,S33a4260,S33a42604,S33a,"Lights Up Beat Drop",
CAN_FIX,S33a4261,S33a42614,S33a,"My Smooth Points",
CAN_FIX,S33a4263,S33a42634,S33a,"Who Is Ready To Dance",
CAN_FIX,S33a4264,S33a42644,S33a,"Got The Bite",
CAN_FIX,S33a4265,S33a42654,S33a,"Over The Leeds",
CAN_FIX,S33a4266,S33a42664,S33a,"Pair Of Party Boots",
CAN_FIX,S33a4267,S33a42674,S33a,"Play The Tune DJ",
CAN_FIX,S33a4269,S33a42694,S33a,"Put My Glass Down",
CAN_FIX,S33a4270,S33a42704,S33a,"Ready To Jump On It",
CAN_FIX,S33a4271,S33a42714,S33a,"Some Dude's Bar",
CAN_FIX,S33a4273,S33a42734,S33a,"Bit Of A Disaster",
CAN_FIX,S33a4274,S33a42744,S33a,"Bit Traumatized",
CAN_FIX,S33a4275,S33a42754,S33a,"But Like Nowhere",
CAN_FIX,S33a4276,S33a42764,S33a,"Clearly Through It",
CAN_FIX,S33a4277,S33a42774,S33a,"Dark And Scary Times",
CAN_FIX,S33a4278,S33a42784,S33a,"Awful Dark Intentions",
CAN_FIX,S33a4279,S33a42794,S33a,"Getting Closer",
CAN_FIX,S33a4280,S33a42804,S33a,"Good To Find Out",
CAN_FIX,S33a4281,S33a42814,S33a,"How Much Of That",
CAN_FIX,S33a4283,S33a42834,S33a,"Broken Signals",
CAN_FIX,S33a4284,S33a42844,S33a,"Cute Dance Moves",
CAN_FIX,S33a4285,S33a42854,S33a,"Dance Burn",
CAN_FIX,S33a4286,S33a42864,S33a,"Dance Spirits",
CAN_FIX,S33a4287,S33a42874,S33a,"Dancing With Oddities",
CAN_FIX,S33a4288,S33a42884,S33a,"Day Pass Dreams",
CAN_FIX,S33a4289,S33a42894,S33a,"Drunk Crazy",
CAN_FIX,S33a4290,S33a42904,S33a,"Earth Shaker",
CAN_FIX,S33a4291,S33a42914,S33a,"Electric Velocity Night",
CAN_FIX,S33a4293,S33a42934,S33a,"Game's Not Over",
CAN_FIX,S33a4294,S33a42944,S33a,"Go My Friends",
CAN_FIX,S33a4295,S33a42954,S33a,"Have Few Drinks",
CAN_FIX,S33a4296,S33a42964,S33a,"How Much You Mean To Me",
CAN_FIX,S33a4297,S33a42974,S33a,"I Came Here",
CAN_FIX,S33a4298,S33a42984,S33a,"I Feel Them",
CAN_FIX,S33a4299,S33a42994,S33a,"By The Time I'm Done",
CAN_FIX,S33a4300,S33a43004,S33a,"Going With It Right Now",
CAN_FIX,S33a4301,S33a43014,S33a,"I Just Trust Me",
CAN_FIX,S33a4303,S33a43034,S33a,"Least Recognize It",
CAN_FIX,S33a4304,S33a43044,S33a,"Lost Among The Questions",
CAN_FIX,S33a4305,S33a43054,S33a,"Need To Be Real",
CAN_FIX,S33a4306,S33a43064,S33a,"Opposite Bar",
CAN_FIX,S33a4307,S33a43074,S33a,"People Who Know",
CAN_FIX,S33a4308,S33a43084,S33a,"Ten Times Sneak",
CAN_FIX,S33a4309,S33a43094,S33a,"Us Not Them",
CAN_FIX,S33a4310,S33a43104,S33a,"Chasing The Unseen Party",
CAN_FIX,S33a4311,S33a43114,S33a,"Dance Tonight All Night",
CAN_FIX,S33a4313,S33a43134,S33a,"Here I Go Now",
CAN_FIX,S33a4314,S33a43144,S33a,"Southern March",
CAN_FIX,S33a4315,S33a43154,S33a,"We Made It Here",
CAN_FIX,S33a4316,S33a43164,S33a,"We Made It Right",
CAN_FIX,S33a4317,S33a43174,S33a,"Weird Relationship",
CAN_FIX,S33a4318,S33a43184,S33a,"Welcome And Good",
CAN_FIX,S33a4319,S33a43194,S33a,"What About That",
CAN_FIX,S33a4320,S33a43204,S33a,"What The F Is That",
CAN_FIX,S33a4321,S33a43214,S33a,"What Is Your Story",
CAN_FIX,S33a4323,S33a43234,S33a,"When You Know",
CAN_FIX,S33a4324,S33a43244,S33a,"Whoo Ha",
CAN_FIX,S33a4325,S33a43254,S33a,"Wired Visions",
CAN_FIX,S33a4326,S33a43264,S33a,"With Any Of It",
CAN_FIX,S33a4329,S33a43294,S33a,"Breeze And Ride",
CAN_FIX,S33a4335,S33a43354,S33a,"All Of The Games We Play",
CAN_FIX,S33a4336,S33a43364,S33a,"Along The Lonely Road",
CAN_FIX,S33a4337,S33a43374,S33a,"Beneath A Golden Sky",
CAN_FIX,S33a4338,S33a43384,S33a,"Bigger Tournament",
CAN_FIX,S33a4339,S33a43394,S33a,"Built To Strive",
CAN_FIX,S33a4340,S33a43404,S33a,"Chase The Night",
CAN_FIX,S33a4344,S33a43444,S33a,"Come On Let's Go",
CAN_FIX,S33a4345,S33a43454,S33a,"Dance Through The Day",
CAN_FIX,S33a4346,S33a43464,S33a,"Dancing Through It",
CAN_FIX,S33a4347,S33a43474,S33a,"Drift Along The Waterway",
CAN_FIX,S33a4349,S33a43494,S33a,"Faces Turning",
CAN_FIX,S33a4350,S33a43504,S33a,"Fast Fades",
CAN_FIX,S33a4351,S33a43514,S33a,"Flames Will Not Fade",
CAN_FIX,S33a4403,S33a44034,S33a,"Beat Drop Fever",
CAN_FIX,S33a4404,S33a44044,S33a,"Counting What Ifs",
CAN_FIX,S33a4405,S33a44054,S33a,"Dare To Dive Fast",
CAN_FIX,S33a4406,S33a44064,S33a,"Dreamy Shattered Sparkle",
CAN_FIX,S33a4407,S33a44074,S33a,"For Those Who Need This",
CAN_FIX,S33a4408,S33a44084,S33a,"Always Grinding Through",
CAN_FIX,S33a4409,S33a44094,S33a,"Hey Don't Be Late",
CAN_FIX,S33a4410,S33a44104,S33a,"Hold On To Someday",
CAN_FIX,S33a4411,S33a44114,S33a,"Honeymoon",
CAN_FIX,S33a4413,S33a44134,S33a,"In Some Clubs",
CAN_FIX,S33a4414,S33a44144,S33a,"Infinite Spark",
CAN_FIX,S33a4415,S33a44154,S33a,"Into The Ride",
CAN_FIX,S33a4416,S33a44164,S33a,"It Came Up Like That",
CAN_FIX,S33a4417,S33a44174,S33a,"Last Call Bar",
CAN_FIX,S33a4418,S33a44184,S33a,"Last Schooling",
CAN_FIX,S33a4419,S33a44194,S33a,"Let Your Voice Ring",
CAN_FIX,S33a4420,S33a44204,S33a,"Lightning Stride",
CAN_FIX,S33a4421,S33a44214,S33a,"Lights At Midnight",
CAN_FIX,S33a4423,S33a44234,S33a,"Looking Back This Time Around",
CAN_FIX,S33a4424,S33a44244,S33a,"Lost In The Buzz",
CAN_FIX,S33a4425,S33a44254,S33a,"Lost In Why",
CAN_FIX,S33a4426,S33a44264,S33a,"Make Me Dance",
CAN_FIX,S33a4427,S33a44274,S33a,"Make Me Move",
CAN_FIX,S33a4428,S33a44284,S33a,"Memories Fun",
CAN_FIX,S33a4429,S33a44294,S33a,"Midnight Blink",
CAN_FIX,S33a4430,S33a44304,S33a,"Beneath The Moonlight",
CAN_FIX,S33a4431,S33a44314,S33a,"Drift Along The Path",
CAN_FIX,S33a4433,S33a44334,S33a,"Midnight Letters Unseen",
CAN_FIX,S33a4455,S33a44554,S33a,"Mirrors Of Joy",
CAN_FIX,S33a4456,S33a44564,S33a,"Moments In Transit",
CAN_FIX,S33a4457,S33a44574,S33a,"My Hat Is Cool",
CAN_FIX,S33a4458,S33a44584,S33a,"My Timeless Flame",
CAN_FIX,S33a4459,S33a44594,S33a,"New Class Dance",
CAN_FIX,S33a4460,S33a44604,S33a,"New Plastic Toys",
CAN_FIX,S33a4461,S33a44614,S33a,"New Rules New Faces",
CAN_FIX,S33a4463,S33a44634,S33a,"Now We Are Here",
CAN_FIX,S33a4464,S33a44644,S33a,"Racing Thoughts Walk",
CAN_FIX,S33a4465,S33a44654,S33a,"Racing Time",
CAN_FIX,S33a4466,S33a44664,S33a,"Rhythm Among The Crowd",
CAN_FIX,S33a4467,S33a44674,S33a,"Shift In A Blink",
CAN_FIX,S33a4468,S33a44684,S33a,"Swang It",
CAN_FIX,S33a4469,S33a44694,S33a,"Talk Vibes",
CAN_FIX,S33a4470,S33a44704,S33a,"Tell How Long",
CAN_FIX,S33a4471,S33a44714,S33a,"Tell Me What Time",
CAN_FIX,S33a4473,S33a44734,S33a,"Walk Through Light",
CAN_FIX,S33a4474,S33a44744,S33a,"You Don't Know My Name",
CAN_FIX,S33a4475,S33a44754,S33a,"Here Is The Rock",
CAN_FIX,S33a4476,S33a44764,S33a,"Less Words",
CAN_FIX,S33a4477,S33a44774,S33a,"South Side Sea",
CAN_FIX,S33a4478,S33a44784,S33a,"Street Legal",
CAN_FIX,S33a4479,S33a44794,S33a,"Sun Comes Down",
CAN_FIX,S33a4489,S33a44894,S33a,"Eccentricity",
CAN_FIX,S33a4490,S33a44904,S33a,"Going Big",
CAN_FIX,S33a4491,S33a44914,S33a,"Got My Back",
CAN_FIX,S33a4493,S33a44934,S33a,"Midnight Doorstep",
CAN_FIX,S33a4494,S33a44944,S33a,"The Evidence",
CAN_FIX,S33a4495,S33a44954,S33a,"Beneath Dark Skies",
CAN_FIX,S33a4496,S33a44964,S33a,"Chasing These Nightmares",
CAN_FIX,S33a4497,S33a44974,S33a,"Dark Moonlight",
CAN_FIX,S33a4498,S33a44984,S33a,"Dark Winter",
CAN_FIX,S33a4499,S33a44994,S33a,"Darkened Paths",
CAN_FIX,S33a4500,S33a45004,S33a,"Days In Half",
CAN_FIX,S33a4501,S33a45014,S33a,"Doing It In The Dark",
CAN_FIX,S33a4503,S33a45034,S33a,"Focus Source",
CAN_FIX,S33a4504,S33a45044,S33a,"It Took Longer",
CAN_FIX,S33a4505,S33a45054,S33a,"No Stopping Darkness",
CAN_FIX,S33a4506,S33a45064,S33a,"Lower Lights",
CAN_FIX,S33a4507,S33a45074,S33a,"Off The Abyss",
CAN_FIX,S33a4508,S33a45084,S33a,"On The Other Blade",
CAN_FIX,S33a4509,S33a45094,S33a,"Red Skies",
CAN_FIX,S33a4510,S33a45104,S33a,"Roads Of Voices",
CAN_FIX,S33a4511,S33a45114,S33a,"Sacret Dark Shrine",
CAN_FIX,S33a4513,S33a45134,S33a,"Shattered Winds",
CAN_FIX,S33a4514,S33a45144,S33a,"Sonic Dark Rooms",
CAN_FIX,S33a4515,S33a45154,S33a,"Stormbound",
CAN_FIX,S33a4516,S33a45164,S33a,"Strange Choir Above",
CAN_FIX,S33a4517,S33a45174,S33a,"Sustain Drills",
CAN_FIX,S33a4518,S33a45184,S33a,"The Abyss Files",
CAN_FIX,S33a4519,S33a45194,S33a,"The Dark Notes",
CAN_FIX,S33a4520,S33a45204,S33a,"This Not Good Task",
CAN_FIX,S33a4521,S33a45214,S33a,"Through Many Winters",
CAN_FIX,S33a4523,S33a45234,S33a,"Underworld Gates",
CAN_FIX,S33a4524,S33a45244,S33a,"Wet Spooky Streets",
CAN_FIX,S33a4525,S33a45254,S33a,"Bachata On The Boardwalk",
CAN_FIX,S33a4526,S33a45264,S33a,"Coming Straight And Unafraid",
CAN_FIX,S33a4527,S33a45274,S33a,"Dancing On The Edge Of Danger",
CAN_FIX,S33a4528,S33a45284,S33a,"Fingers Tracing",
CAN_FIX,S33a4529,S33a45294,S33a,"Footprints Of Wonder",
CAN_FIX,S33a4530,S33a45304,S33a,"Ghostwalk Groove",
CAN_FIX,S33a4531,S33a45314,S33a,"Here Forever And Now",
CAN_FIX,S33a4533,S33a45334,S33a,"Leftovers In The Sky",
CAN_FIX,S33a4534,S33a45344,S33a,"Molasses Moonlight",
CAN_FIX,S33a4535,S33a45354,S33a,"My Game Wakes",
CAN_FIX,S33a4536,S33a45364,S33a,"My Silent Muscles",
CAN_FIX,S33a4537,S33a45374,S33a,"Over For Midnight",
CAN_FIX,S33a4538,S33a45384,S33a,"Playing For Keeps",
CAN_FIX,S33a4539,S33a45394,S33a,"Race Against The Clock",
CAN_FIX,S33a4540,S33a45404,S33a,"Sidewalk Serenade",
CAN_FIX,S33a4541,S33a45414,S33a,"These Steps Between",
CAN_FIX,S33a4543,S33a45434,S33a,"Behind The Defence",
CAN_FIX,S33a4544,S33a45444,S33a,"City Of Miles",
CAN_FIX,S33a4545,S33a45454,S33a,"Drama Monsters",
CAN_FIX,S33a4546,S33a45464,S33a,"Drama Scam",
CAN_FIX,S33a4547,S33a45474,S33a,"Dramatic Start",
CAN_FIX,S33a4548,S33a45484,S33a,"Drive Mode",
CAN_FIX,S33a4549,S33a45494,S33a,"Exploding Places",
CAN_FIX,S33a4550,S33a45504,S33a,"Firestorm Spark",
CAN_FIX,S33a4551,S33a45514,S33a,"Furious Fiction",
CAN_FIX,S33a4553,S33a45534,S33a,"It Never Ends",
CAN_FIX,S33a4554,S33a45544,S33a,"Stay In The Game",
CAN_FIX,S33a4555,S33a45554,S33a,"Intentions Tracks",
CAN_FIX,S33a4556,S33a45564,S33a,"Just Open It",
CAN_FIX,S33a4557,S33a45574,S33a,"Kingpin",
CAN_FIX,S33a4558,S33a45584,S33a,"Look At That Watch",
CAN_FIX,S33a4559,S33a45594,S33a,"New Designs",
CAN_FIX,S33a4560,S33a45604,S33a,"Nice To Meet You Again",
CAN_FIX,S33a4561,S33a45614,S33a,"Not Go Out",
CAN_FIX,S33a4563,S33a45634,S33a,"Playful Modes",
CAN_FIX,S33a4564,S33a45644,S33a,"Powerful Schemes",
CAN_FIX,S33a4565,S33a45654,S33a,"Reigns Of Moves",
CAN_FIX,S33a4566,S33a45664,S33a,"There Is Now A Way",
CAN_FIX,S33a4567,S33a45674,S33a,"There Will Be A Day",
CAN_FIX,S33a4568,S33a45684,S33a,"Big Request",
CAN_FIX,S33a4569,S33a45694,S33a,"Candy Coating",
CAN_FIX,S33a4570,S33a45704,S33a,"Dancing Shadows",
CAN_FIX,S33a4571,S33a45714,S33a,"Warm Sunlight",
CAN_FIX,S33a4573,S33a45734,S33a,"We Do Not Remember",
CAN_FIX,S33a4574,S33a45744,S33a,"Dancing With Electric Hearts",
CAN_FIX,S33a4575,S33a45754,S33a,"Dream Within Plans",
CAN_FIX,S33a4576,S33a45764,S33a,"Dusty Bags",
CAN_FIX,S33a4577,S33a45774,S33a,"Empowered Light",
CAN_FIX,S33a4578,S33a45784,S33a,"Faded Stars",
CAN_FIX,S33a4579,S33a45794,S33a,"Ground Steps",
CAN_FIX,S33a4580,S33a45804,S33a,"He Lies Behind",
CAN_FIX,S33a4581,S33a45814,S33a,"Horizons Are Uncharted",
CAN_FIX,S33a4583,S33a45834,S33a,"Like A Movie",
CAN_FIX,S33a4584,S33a45844,S33a,"Me Like Others",
CAN_FIX,S33a4585,S33a45854,S33a,"Mirror And Me",
CAN_FIX,S33a4586,S33a45864,S33a,"Nice With Trust",
CAN_FIX,S33a4587,S33a45874,S33a,"No Denies Needed",
CAN_FIX,S33a4588,S33a45884,S33a,"Nothing Like It",
CAN_FIX,S33a4589,S33a45894,S33a,"Our Journey On Wheels",
CAN_FIX,S33a4590,S33a45904,S33a,"Our Perfect Collision",
CAN_FIX,S33a4591,S33a45914,S33a,"Party Of Dreams On Fire",
CAN_FIX,S33a4593,S33a45934,S33a,"Quick Distance",
CAN_FIX,S33a4594,S33a45944,S33a,"Revisited Reel",
CAN_FIX,S33a4595,S33a45954,S33a,"Secrets In Town",
CAN_FIX,S33a4596,S33a45964,S33a,"Simulated Realm",
CAN_FIX,S33a4597,S33a45974,S33a,"Spicy Dance",
CAN_FIX,S33a4598,S33a45984,S33a,"Spy Drama",
CAN_FIX,S33a4599,S33a45994,S33a,"Stand Up Drama",
CAN_FIX,S33a4600,S33a46004,S33a,"Stood Here Before",
CAN_FIX,S33a4601,S33a46014,S33a,"Sunlight Dancers",
CAN_FIX,S33a4603,S33a46034,S33a,"These Aligning Reasons",
CAN_FIX,S33a4604,S33a46044,S33a,"Breeze Through",
CAN_FIX,S33a4605,S33a46054,S33a,"Do You Know The Truth",
CAN_FIX,S33a4606,S33a46064,S33a,"Give Me One And Good",
CAN_FIX,S33a4607,S33a46074,S33a,"Hanging On The Edge",
CAN_FIX,S33a4608,S33a46084,S33a,"Hollow Handshake",
CAN_FIX,S33a4609,S33a46094,S33a,"Layover Of Love",
CAN_FIX,S33a4610,S33a46104,S33a,"This Freaky Place",
CAN_FIX,S33a4611,S33a46114,S33a,"This Will Doom Them",
CAN_FIX,S33a4613,S33a46134,S33a,"Euphoria In The Glitch",
CAN_FIX,S33a4614,S33a46144,S33a,"Investigate This Agent",
CAN_FIX,S33a4615,S33a46154,S33a,"It Already Started Here",
CAN_FIX,S33a4616,S33a46164,S33a,"Kinship Puzzle",
CAN_FIX,S33a4617,S33a46174,S33a,"Now And Cozy",
CAN_FIX,S33a4618,S33a46184,S33a,"Paved Paths Around",
CAN_FIX,S33a4619,S33a46194,S33a,"Places We Know",
CAN_FIX,S33a4620,S33a46204,S33a,"Shimmer Sky",
CAN_FIX,S33a4621,S33a46214,S33a,"Slow Coming",
CAN_FIX,S33a4623,S33a46234,S33a,"Uneven Tracks",
CAN_FIX,S33a4624,S33a46244,S33a,"Updated",
CAN_FIX,S33a4625,S33a46254,S33a,"Walking Into Sapphire",
CAN_FIX,S33a4626,S33a46264,S33a,"When Hands Meet",
CAN_FIX,S33a4627,S33a46274,S33a,"Who Holds The Scale",
CAN_FIX,S33a4628,S33a46284,S33a,"All Together In The Glow",
CAN_FIX,S33a4629,S33a46294,S33a,"Close Across The Skyline",
CAN_FIX,S33a4630,S33a46304,S33a,"Folded Paper Confessions",
CAN_FIX,S33a4631,S33a46314,S33a,"From The Break To This",
CAN_FIX,S33a4633,S33a46334,S33a,"Hands Across Harvest",
CAN_FIX,S33a4634,S33a46344,S33a,"Just A Passport To The Sun",
CAN_FIX,S33a4635,S33a46354,S33a,"Lipstick On The Runway",
CAN_FIX,S33a4636,S33a46364,S33a,"Median Of Our Days",
CAN_FIX,S33a4637,S33a46374,S33a,"MidnightSlice",
CAN_FIX,S33a4638,S33a46384,S33a,"Strut Like Stardust",
CAN_FIX,S33a4639,S33a46394,S33a,"Full Of Flavors",
CAN_FIX,S33a4640,S33a46404,S33a,"Loud Retro Speakers",
CAN_FIX,S33a4641,S33a46414,S33a,"Midnight Caress",
CAN_FIX,S33a4643,S33a46434,S33a,"Sunset Vibes",
CAN_FIX,S33a4644,S33a46444,S33a,"Tears Night",
CAN_FIX,S33a4645,S33a46454,S33a,"Thank You For Watching",
CAN_FIX,S33a4646,S33a46464,S33a,"Them Good People",
CAN_FIX,S33a4647,S33a46474,S33a,"There Is The Line",
CAN_FIX,S33a4648,S33a46484,S33a,"Those Dudes",
CAN_FIX,S33a4649,S33a46494,S33a,"Threads Of Fate",
CAN_FIX,S33a4650,S33a46504,S33a,"Time Evolved",
CAN_FIX,S33a4651,S33a46514,S33a,"Told You So",
CAN_FIX,S33a4653,S33a46534,S33a,"Twisted Ties",
CAN_FIX,S33a4654,S33a46544,S33a,"Two Pushes",
CAN_FIX,S33a4655,S33a46554,S33a,"Unfolded Boys",
CAN_FIX,S33a4656,S33a46564,S33a,"Unstoppable News",
CAN_FIX,S33a4657,S33a46574,S33a,"Unstoppable Luck",
CAN_FIX,S33a4658,S33a46584,S33a,"Untold Things",
CAN_FIX,S33a4659,S33a46594,S33a,"Up The Sun",
CAN_FIX,S33a4660,S33a46604,S33a,"Veils",
CAN_FIX,S33a4661,S33a46614,S33a,"Velocity Moves",
CAN_FIX,S33a4663,S33a46634,S33a,"Vibrance Of Rhythms",
CAN_FIX,S33a4664,S33a46644,S33a,"Victory Run",
CAN_FIX,S33a4665,S33a46654,S33a,"Wave Bliss",
CAN_FIX,S33a4666,S33a46664,S33a,"Waves Of Lights",
CAN_FIX,S33a4667,S33a46674,S33a,"We Are Bright",
CAN_FIX,S33a4668,S33a46684,S33a,"Wildflower Rooms",
CAN_FIX,S33a4669,S33a46694,S33a,"Fading Dance",
CAN_FIX,S33a4670,S33a46704,S33a,"Fun Content",
CAN_FIX,S33a4671,S33a46714,S33a,"Nothing On Us",
CAN_FIX,S33a4673,S33a46734,S33a,"Going Up The Air",
CAN_FIX,S33a4674,S33a46744,S33a,"Golden Rays",
CAN_FIX,S33a4675,S33a46754,S33a,"Great Summer With You",
CAN_FIX,S33a4676,S33a46764,S33a,"Harmony In Rivalry",
CAN_FIX,S33a4677,S33a46774,S33a,"Hot Sunshine Celebration",
CAN_FIX,S33a4678,S33a46784,S33a,"Just A Little Touch",
CAN_FIX,S33a4679,S33a46794,S33a,"Limit Me",
CAN_FIX,S33a4680,S33a46804,S33a,"Luminous Lamps",
CAN_FIX,S33a4681,S33a46814,S33a,"Do Act Now",
CAN_FIX,S33a4683,S33a46834,S33a,"Ballad Of Promised Dawn",
CAN_FIX,S33a4684,S33a46844,S33a,"Dreamy Echoes Of Home",
CAN_FIX,S33a4685,S33a46854,S33a,"Here We Go, Here We Are",
CAN_FIX,S33a4686,S33a46864,S33a,"Let Us Do It Again",
CAN_FIX,S33a4687,S33a46874,S33a,"Light As Lead",
CAN_FIX,S33a4688,S33a46884,S33a,"My Shadowed Footprints",
CAN_FIX,S33a4689,S33a46894,S33a,"After Hours Roof Run",
CAN_FIX,S33a4690,S33a46904,S33a,"All Cupcakes",
CAN_FIX,S33a4691,S33a46914,S33a,"Apex Of Us",
CAN_FIX,S33a4693,S33a46934,S33a,"Blink Bounce",
CAN_FIX,S33a4694,S33a46944,S33a,"But Knock First",
CAN_FIX,S33a4695,S33a46954,S33a,"Chrome Hearts",
CAN_FIX,S33a4696,S33a46964,S33a,"Emortality",
CAN_FIX,S33a4697,S33a46974,S33a,"Fresh Day Revolution",
CAN_FIX,S33a4698,S33a46984,S33a,"Fridge At Midnight",
CAN_FIX,S33a4699,S33a46994,S33a,"Goodness Factory",
CAN_FIX,S33a4700,S33a47004,S33a,"Great Eyelid",
CAN_FIX,S33a4701,S33a47014,S33a,"Hour Reborn",
CAN_FIX,S33a4703,S33a47034,S33a,"Lightning Leap",
CAN_FIX,S33a4704,S33a47044,S33a,"Quickstep To The Sky",
CAN_FIX,S33a4705,S33a47054,S33a,"Turbo Hop Tonight",
CAN_FIX,S33a4706,S33a47064,S33a,"Arrows Find Home",
CAN_FIX,S33a4707,S33a47074,S33a,"Confused And Lost",
CAN_FIX,S33a4708,S33a47084,S33a,"Cross Quiet",
CAN_FIX,S33a4709,S33a47094,S33a,"Deal Me Another",
CAN_FIX,S33a4710,S33a47104,S33a,"Dialogue After Dark",
CAN_FIX,S33a4711,S33a47114,S33a,"Every Slow Second",
CAN_FIX,S33a4713,S33a47134,S33a,"Afterburner",
CAN_FIX,S33a4714,S33a47144,S33a,"Aftermath Of The Storm",
CAN_FIX,S33a4715,S33a47154,S33a,"All Aligned",
CAN_FIX,S33a4716,S33a47164,S33a,"All Kinds Of Wrong",
CAN_FIX,S33a4717,S33a47174,S33a,"Along The Ridge",
CAN_FIX,S33a4718,S33a47184,S33a,"An Overture For Two",
CAN_FIX,S33a4719,S33a47194,S33a,"Around Nothing Scary",
CAN_FIX,S33a4720,S33a47204,S33a,"Ask Your Friend Today",
CAN_FIX,S33a4721,S33a47214,S33a,"At Our Undertake",
CAN_FIX,S33a4723,S33a47234,S33a,"Bearing Insane Tasks",
CAN_FIX,S33a4724,S33a47244,S33a,"Big Pull",
CAN_FIX,S33a4725,S33a47254,S33a,"Brilliant Light",
CAN_FIX,S33a4726,S33a47264,S33a,"Caramel Counsel",
CAN_FIX,S33a4727,S33a47274,S33a,"Casings On Silent",
CAN_FIX,S33a4728,S33a47284,S33a,"Chasing An Unseen",
CAN_FIX,S33a4729,S33a47294,S33a,"Becoming The Stranger",
CAN_FIX,S33a4730,S33a47304,S33a,"Being Like A Stranger",
CAN_FIX,S33a4731,S33a47314,S33a,"Beneath The Lamp",
CAN_FIX,S33a4733,S33a47334,S33a,"Clenched City",
CAN_FIX,S33a4734,S33a47344,S33a,"Counting These Seconds",
CAN_FIX,S33a4735,S33a47354,S33a,"Crossfire At Dawn",
CAN_FIX,S33a4736,S33a47364,S33a,"Cue The Final Light",
CAN_FIX,S33a4737,S33a47374,S33a,"Darker Empty Lights",
CAN_FIX,S33a4738,S33a47384,S33a,"Down The Stairs",
CAN_FIX,S33a4739,S33a47394,S33a,"Darker Moments",
CAN_FIX,S33a4740,S33a47404,S33a,"Edge Of The Crosswalk",
CAN_FIX,S33a4741,S33a47414,S33a,"Full Of Strangers",
CAN_FIX,S33a4743,S33a47434,S33a,"I'd Hold Your Breath",
CAN_FIX,S33a4744,S33a47444,S33a,"House Lights Fade",
CAN_FIX,S33a4745,S33a47454,S33a,"In The Tense Move",
CAN_FIX,S33a4746,S33a47464,S33a,"Knotted Shoulders",
CAN_FIX,S33a4747,S33a47474,S33a,"Again But Never",
CAN_FIX,S33a4748,S33a47484,S33a,"Burnout Boulevard",
CAN_FIX,S33a4749,S33a47494,S33a,"Clock Thoughts",
CAN_FIX,S33a4750,S33a47504,S33a,"Colossal Confession",
CAN_FIX,S33a4751,S33a47514,S33a,"Confessions Of Standard Actors",
CAN_FIX,S33a4753,S33a47534,S33a,"Clever Ways",
CAN_FIX,S33a4754,S33a47544,S33a,"Your Tense Breath",
CAN_FIX,S33a4755,S33a47554,S33a,"Cover Up That Thing",
CAN_FIX,S33a4756,S33a47564,S33a,"Waiting For It To Happen",
CAN_FIX,S33a4757,S33a47574,S33a,"Danger And Trouble",
CAN_FIX,S33a4758,S33a47584,S33a,"Velvet Nightfall",
CAN_FIX,S33a4759,S33a47594,S33a,"Traces Of What We Seek",
CAN_FIX,S33a4760,S33a47604,S33a,"Tightrope Of Talk",
CAN_FIX,S33a4761,S33a47614,S33a,"To The Knife",
CAN_FIX,S33a4763,S33a47634,S33a,"Air Seats",
CAN_FIX,S33a4764,S33a47644,S33a,"Bounced Off",
CAN_FIX,S33a4765,S33a47654,S33a,"Can Not Let This Stop",
CAN_FIX,S33a4766,S33a47664,S33a,"Drift With The Current",
CAN_FIX,S33a4767,S33a47674,S33a,"DirtyDarkDrama",
CAN_FIX,S33a4768,S33a47684,S33a,"Discourse At Midnight",
CAN_FIX,S33a4769,S33a47694,S33a,"Do Not Care Now",
CAN_FIX,S33a4770,S33a47704,S33a,"Every Stepping Moment",
CAN_FIX,S33a4771,S33a47714,S33a,"Fixation Of Velvet",
CAN_FIX,S33a4773,S33a47734,S33a,"Here Is Where We Start",
CAN_FIX,S33a4774,S33a47744,S33a,"Counting Reasons",
CAN_FIX,S33a4775,S33a47754,S33a,"Your Daily Dose",
CAN_FIX,S33a4776,S33a47764,S33a,"Empty Crowd",
CAN_FIX,S33a4777,S33a47774,S33a,"Fickle Drow",
CAN_FIX,S33a4778,S33a47784,S33a,"Hands That Learn",
CAN_FIX,S33a4779,S33a47794,S33a,"In Fast Forward",
CAN_FIX,S33a4780,S33a47804,S33a,"Just Seconds",
CAN_FIX,S33a4781,S33a47814,S33a,"Last Call Stampede",
CAN_FIX,S33a4783,S33a47834,S33a,"Long Under",
CAN_FIX,S33a4784,S33a47844,S33a,"Me Too",
CAN_FIX,S33a4785,S33a47854,S33a,"Our Cast In Stonelight",
CAN_FIX,S33a4786,S33a47864,S33a,"Our Love Promises",
CAN_FIX,S33a4787,S33a47874,S33a,"Portrait Of A Nice Face",
CAN_FIX,S33a4788,S33a47884,S33a,"Promised Fields",
CAN_FIX,S33a4789,S33a47894,S33a,"Route To Vitality",
CAN_FIX,S33a4790,S33a47904,S33a,"Sugarcoat Rework",
CAN_FIX,S33a4791,S33a47914,S33a,"The Drama Road",
CAN_FIX,S33a4793,S33a47934,S33a,"Trailing Hearts",
CAN_FIX,S33a4794,S33a47944,S33a,"Victory At Dawn",
CAN_FIX,S33a4795,S33a47954,S33a,"Viral On A Stick",
CAN_FIX,S33a4796,S33a47964,S33a,"We Are Not Waiting",
CAN_FIX,S33a4797,S33a47974,S33a,"Need The Air",
CAN_FIX,S33a4798,S33a47984,S33a,"Our New Adventure",
CAN_FIX,S33a4799,S33a47994,S33a,"Our Summer Yard",
CAN_FIX,S33a4800,S33a48004,S33a,"Path Leads Us",
CAN_FIX,S33a4801,S33a48014,S33a,"Get Revved Up",
CAN_FIX,S33a4803,S33a48034,S33a,"She Is Here For You",
CAN_FIX,S33a4804,S33a48044,S33a,"So Much Easier Now",
CAN_FIX,S33a4805,S33a48054,S33a,"The Entire Crowd",
CAN_FIX,S33a4806,S33a48064,S33a,"Trip And Fun",
CAN_FIX,S33a4807,S33a48074,S33a,"Under The Sun Dancers",
CAN_FIX,S33a4808,S33a48084,S33a,"What Is Coming Up",
CAN_FIX,S33a4809,S33a48094,S33a,"Arson On",
CAN_FIX,S33a4810,S33a48104,S33a,"Cadence Of Commitment",
CAN_FIX,S33a4811,S33a48114,S33a,"Hands On Cash",
CAN_FIX,S33a4813,S33a48134,S33a,"March Of Duty",
CAN_FIX,S33a4814,S33a48144,S33a,"Marching Darkness Takes Steps",
CAN_FIX,S33a4815,S33a48154,S33a,"Paper Trails",
CAN_FIX,S33a4816,S33a48164,S33a,"Sticky Chunks",
CAN_FIX,S33a4817,S33a48174,S33a,"Coconut Bay",
CAN_FIX,S33a4818,S33a48184,S33a,"Our Sandy Sprint",
CAN_FIX,S33a4819,S33a48194,S33a,"Tidepool Daydream",
CAN_FIX,S33a4820,S33a48204,S33a,"Able To Dance Fast",
CAN_FIX,S33a4821,S33a48214,S33a,"All That Hot Salsa",
CAN_FIX,S33a4823,S33a48234,S33a,"Active Club",
CAN_FIX,S33a4824,S33a48244,S33a,"Cosmic Dust",
CAN_FIX,S33a4825,S33a48254,S33a,"Legal Beach Tones",
CAN_FIX,S33a4826,S33a48264,S33a,"Like A Warm Trip",
CAN_FIX,S33a4827,S33a48274,S33a,"Lots To See And Feel",
CAN_FIX,S33a4828,S33a48284,S33a,"Hidden Isles",
CAN_FIX,S33a4829,S33a48294,S33a,"Driftwood On Islands",
CAN_FIX,S33a4830,S33a48304,S33a,"Edge Of Insane",
CAN_FIX,S33a4831,S33a48314,S33a,"Electric Midnight Smile",
CAN_FIX,S33a4833,S33a48334,S33a,"Admitted And Wrote Down",
CAN_FIX,S33a4834,S33a48344,S33a,"After Parade",
CAN_FIX,S33a4835,S33a48354,S33a,"All Directory On",
CAN_FIX,S33a4836,S33a48364,S33a,"Analog Dial",
CAN_FIX,S33a4837,S33a48374,S33a,"Autopens",
CAN_FIX,S33a4838,S33a48384,S33a,"Bell Towers",
CAN_FIX,S33a4839,S33a48394,S33a,"Cassette Daydreams",
CAN_FIX,S33a4840,S33a48404,S33a,"Cold For Warm",
CAN_FIX,S33a4841,S33a48414,S33a,"Defiant Steps",
CAN_FIX,S33a4843,S33a48434,S33a,"Footsteps Against The Tide",
CAN_FIX,S33a4844,S33a48444,S33a,"Glass Skyline",
CAN_FIX,S33a4845,S33a48454,S33a,"Hanging Back",
CAN_FIX,S33a4846,S33a48464,S33a,"Hollow Night",
CAN_FIX,S33a4847,S33a48474,S33a,"I Am Telling You About Acts",
CAN_FIX,S33a4848,S33a48484,S33a,"Iron Gate Dilemma",
CAN_FIX,S33a4849,S33a48494,S33a,"Keep Running Data",
CAN_FIX,S33a4850,S33a48504,S33a,"Last Benediction",
CAN_FIX,S33a4851,S33a48514,S33a,"Last Feast",
CAN_FIX,S33a4853,S33a48534,S33a,"Mega Prime",
CAN_FIX,S33a4854,S33a48544,S33a,"Nocturnal Static",
CAN_FIX,S33a4855,S33a48554,S33a,"Neutral Nights",
CAN_FIX,S33a4856,S33a48564,S33a,"New Stairs To Crime",
CAN_FIX,S33a4857,S33a48574,S33a,"Papers Left In The Dark",
CAN_FIX,S33a4858,S33a48584,S33a,"Parallel Space",
CAN_FIX,S33a4859,S33a48594,S33a,"Pressure Switch",
CAN_FIX,S33a4860,S33a48604,S33a,"Random Runs",
CAN_FIX,S33a4861,S33a48614,S33a,"Right To Know Why",
CAN_FIX,S33a4863,S33a48634,S33a,"About It Tonight",
CAN_FIX,S33a4864,S33a48644,S33a,"Circle Up At Sundown",
CAN_FIX,S33a4865,S33a48654,S33a,"Cool Out There",
CAN_FIX,S33a4866,S33a48664,S33a,"Do Not Get Mad",
CAN_FIX,S33a4867,S33a48674,S33a,"Familiar Dance Ghosts",
CAN_FIX,S33a4868,S33a48684,S33a,"Few Seconds Rush",
CAN_FIX,S33a4869,S33a48694,S33a,"Give Me One",
CAN_FIX,S33a4870,S33a48704,S33a,"Help Your Mind",
CAN_FIX,S33a4871,S33a48714,S33a,"Humor In It",
CAN_FIX,S33a4873,S33a48734,S33a,"In The Same Hour",
CAN_FIX,S33a4874,S33a48744,S33a,"Is What I Want",
CAN_FIX,S33a4875,S33a48754,S33a,"It Is Appropriate",
CAN_FIX,S33a4876,S33a48764,S33a,"Let It Go Now",
CAN_FIX,S33a4877,S33a48774,S33a,"Let's Do That Dance",
CAN_FIX,S33a4878,S33a48784,S33a,"Maybe She Knows",
CAN_FIX,S33a4879,S33a48794,S33a,"Midnight Last Part",
CAN_FIX,S33a586,S33a5862,S33a,"I Will",
CAN_FIX,S33a721,S33a7212,S33a,"Secret Service Detail",
CAN_FIX,S37a001,S37a0011,S37a,"Montana Highway",
CAN_FIX,S54a057,S54a0574,S54a,"Heartland Summer Love",
CAN_FIX,S55a001,S55a0011,S55a,"Imperial Funeral March",
CAN_FIX,S60a1263,S60a12633,S60a,"Garage RockPosty Punk",
CAN_FIX,S60a1293,S60a12933,S60a,"Go That Way",
CAN_FIX,S60a1294,S60a12943,S60a,"Push My Sky",
CAN_FIX,S60a1295,S60a12953,S60a,"Slick City",
CAN_FIX,S60a1296,S60a12963,S60a,"Smooth Cruising",
CAN_FIX,S60a1400,S60a14003,S60a,"Authentically Funny",
CAN_FIX,S60a1401,S60a14013,S60a,"Clubbin' Special",
CAN_FIX,S60a1403,S60a14033,S60a,"Growin' In The Garden",
CAN_FIX,S60a1404,S60a14043,S60a,"Signal To Me",
CAN_FIX,S60a1405,S60a14053,S60a,"Playfully Playing",
CAN_FIX,S60a1406,S60a14063,S60a,"A Friendly Face",
CAN_FIX,S60a1407,S60a14073,S60a,"Luck Is Here",
CAN_FIX,S60a1408,S60a14083,S60a,"Vibin' Out",
CAN_FIX,S60a1409,S60a14093,S60a,"Friendly Times",
CAN_FIX,S60a1410,S60a14103,S60a,"Fun And Quirky",
CAN_FIX,S60a1411,S60a14113,S60a,"Slightly Sorrowful",
CAN_FIX,S60a1413,S60a14133,S60a,"Lil Plucks",
CAN_FIX,S60a1414,S60a14143,S60a,"Say It Loud",
CAN_FIX,S60a1433,S60a14333,S60a,"Finding A Solution",
CAN_FIX,S60a1439,S60a14393,S60a,"Bouncin' And Dancin'",
CAN_FIX,S60a1440,S60a14403,S60a,"People Love",
CAN_FIX,S60a1441,S60a14413,S60a,"Alt Approach",
CAN_FIX,S60a1447,S60a14473,S60a,"Hard Hittin' Pickin'",
CAN_FIX,S60a1451,S60a14513,S60a,"Laidback Heartland",
CAN_FIX,S60a1460,S60a14603,S60a,"Stars Of The Land",
CAN_FIX,S60a1461,S60a14613,S60a,"Stompy Donny",
CAN_FIX,S60a1647,S60a16474,S60a,"In The Utah Desert",
CAN_FIX,S61a031,S61a0312,S61a,"Down The Hatch",
CAN_FIX,S62a039,S62a0393,S62a,"Bete Noir",
CAN_FIX,S62a069,S62a0693,S62a,"Tombstone Piledriver",
CAN_FIX,S71a014,S71a0142,S71a,"Circus Nuts",
CAN_FIX,S72a022,S72a0223,S72a,"Highway Vista",
CAN_FIX,S73b001,S73b0012,S73b,"Rattle Shake",
CAN_FIX,S73b002,S73b0022,S73b,"Showing Off",
CAN_FIX,S73m011,S73m0113,S73m,"Truffle Shuffle",
CAN_FIX,S73w002,S73w0023,S73w,"Boogie Woogie",
CAN_FIX,S73y004,S73y0043,S73y,"Moon Over The Bayou",
CAN_FIX,S75a358,S75a3584,S75a,"Kill My Mood",
CAN_FIX,S75a359,S75a3594,S75a,"Two Thousand People",
CAN_FIX,S75a360,S75a3604,S75a,"Home At Last",
CAN_FIX,S75a361,S75a3614,S75a,"Motivational Energy",
CAN_FIX,S80a233,S80a2333,S80a,"Start To Finish",
CAN_FIX,S80a237,S80a2374,S80a,"A Good Time For You",
CAN_FIX,S80a238,S80a2384,S80a,"A Moment's Glance",
CAN_FIX,S80a239,S80a2394,S80a,"A Place To Party",
CAN_FIX,S80a240,S80a2404,S80a,"All About My Biz",
CAN_FIX,S80a241,S80a2414,S80a,"Not All The Way",
CAN_FIX,S80a242,S80a2424,S80a,"Authentically Sassy",
CAN_FIX,S80a243,S80a2434,S80a,"Back In Business Again",
CAN_FIX,S80a244,S80a2444,S80a,"Big Fire Under Yer Feet",
CAN_FIX,S80a245,S80a2454,S80a,"Brag About It",
CAN_FIX,S80a246,S80a2464,S80a,"Can't Come With Me",
CAN_FIX,S80a247,S80a2474,S80a,"Conflicts And Quirks",
CAN_FIX,S80a248,S80a2484,S80a,"Envy Overload",
CAN_FIX,S80a249,S80a2494,S80a,"Everyone Around Is A Snake",
CAN_FIX,S80a250,S80a2504,S80a,"Exquisit Party",
CAN_FIX,S80a251,S80a2514,S80a,"Fire Within",
CAN_FIX,S80a252,S80a2524,S80a,"Get On Board",
CAN_FIX,S80a253,S80a2534,S80a,"Goosebumps All Night",
CAN_FIX,S80a254,S80a2544,S80a,"Lights Within You",
CAN_FIX,S80a255,S80a2554,S80a,"Party Please",
CAN_FIX,S80a256,S80a2564,S80a,"Pushing Your Way Through",
CAN_FIX,S80a257,S80a2574,S80a,"Time To Get Serious",
CAN_FIX,S80a258,S80a2584,S80a,"I Think We Made It",
CAN_FIX,S81j001,S81j0014,S81j,"Giggle With Me",
CAN_FIX,S81j002,S81j0024,S81j,"Is It True?",
CAN_FIX,S81j003,S81j0034,S81j,"It's Never Enough",
CAN_FIX,S81j004,S81j0044,S81j,"Break Pattern",
CAN_FIX,S81j005,S81j0054,S81j,"Funny Coincidence",
CAN_FIX,S85a424,S85a4243,S85a,"Play It Loud",
CAN_FIX,S85a426,S85a4263,S85a,"In Outer Space",
CAN_FIX,S85a480,S85a4804,S85a,"Cast Walk",
CAN_FIX,S85a481,S85a4814,S85a,"Nightime 2",
CAN_FIX,S86a072,S86a0723,S86a,"Winner Winner Chicken Dinner",
CAN_FIX,S86a073,S86a0733,S86a,"Showdown Countdown",
CAN_FIX,S86a074,S86a0743,S86a,"Putting The Pedal To The Metal",
CAN_FIX,S86a075,S86a0753,S86a,"Lone Star Shuffle",
CAN_FIX,S86a076,S86a0763,S86a,"Fire It Up",
CAN_FIX,S86a077,S86a0773,S86a,"AC N DC Power Supply",
CAN_FIX,S86a105,S86a1053,S86a,"Life's Lament",
CAN_FIX,S86a106,S86a1063,S86a,"Closing Walls Of Panic",
CAN_FIX,S86a108,S86a1083,S86a,"Somber Contemplation",
CAN_FIX,S86a109,S86a1093,S86a,"Somber Contemplation 2",
CAN_FIX,S86a110,S86a1104,S86a,"Snake Eyes",
CAN_FIX,S86b002,S86b0023,S86b,"Asphyxiating Atmosphere",
CAN_FIX,S86b003,S86b0033,S86b,"Hunter Or Hunted",
CAN_FIX,S86b004,S86b0043,S86b,"Unforgiven Remorse",
CAN_FIX,S86b010,S86b0103,S86b,"Palpable Plausibility",
CAN_FIX,S86b018,S86b0184,S86b,"Slip N Slide In Style",
CAN_FIX,S86b020,S86b0204,S86b,"Smashional Anthem",
CAN_FIX,S86b021,S86b0214,S86b,"Smash Test Dummies",
CAN_FIX,S86b022,S86b0224,S86b,"Spotlight Spins",
CAN_FIX,S86b023,S86b0234,S86b,"Dramarama Ding Dong",
CAN_FIX,S86b024,S86b0244,S86b,"Another Heart Breaks",
CAN_FIX,S86b025,S86b0254,S86b,"Mixer Madness",
CAN_FIX,S86b026,S86b0264,S86b,"Shot Glass Showdown",
CAN_FIX,S86b027,S86b0274,S86b,"Sip Session Scandal",
CAN_FIX,S86b028,S86b0284,S86b,"Dramanator Detonator",
CAN_FIX,S87a011,S87a0112,S87a,"Customer Satisfaction",
CAN_FIX,S87m001,S87m0012,S87m,"Absolutely",
CAN_FIX,S87m003,S87m0032,S87m,"Butterfly Effect",
CAN_FIX,S87o038,S87o0383,S87o,"Acoustics",
CAN_FIX,S87o041,S87o0413,S87o,"Tension Ambience",
CAN_FIX,S88a067,S88a0673,S88a,"Pleasant Veneer Is Still Veneer",
CAN_FIX,S88a098,S88a0983,S88a,"Urinal Birthday Cake",
CAN_FIX,S88a099,S88a0993,S88a,"Smashed And Roasted Tomatoes",
CAN_FIX,S88a100,S88a1003,S88a,"Rockland Heights",
CAN_FIX,S88a101,S88a1013,S88a,"Radioactive Slime",
CAN_FIX,S88a102,S88a1023,S88a,"Portapotty",
CAN_FIX,S88a103,S88a1033,S88a,"Live Tonight",
CAN_FIX,S88a104,S88a1043,S88a,"Kick It And Flip It",
CAN_FIX,S88a105,S88a1053,S88a,"Bouncey Slam Jam",
CAN_FIX,S88a106,S88a1063,S88a,"Hive Mind",
CAN_FIX,S88a107,S88a1073,S88a,"Hot Rod Driving",
CAN_FIX,S88a148,S88a1484,S88a,"Compulsating",
CAN_FIX,S88a149,S88a1494,S88a,"Foreboding Whispers",
CAN_FIX,S88a150,S88a1504,S88a,"Gazpacho",
CAN_FIX,S88a151,S88a1514,S88a,"Papaya Salad",
CAN_FIX,S88a152,S88a1524,S88a,"With The Spoon",
CAN_FIX,S89a141,S89a1413,S89a,"If Walls Could Talk",
CAN_FIX,S89a253,S89a2533,S89a,"Will We Ever Know",
CAN_FIX,S89a269,S89a2693,S89a,"One Starry Night",
CAN_FIX,S89a451,S89a4513,S89a,"Uplifting Celebration",
CAN_FIX,S89a524,S89a5244,S89a,"Beach Daze",
CAN_FIX,S89a525,S89a5254,S89a,"Tiempo De Fiesta",
CAN_FIX,S89b066,S89b0663,S89b,"Klang Haus",
CAN_FIX,S89b067,S89b0673,S89b,"Grass Roots",
CAN_FIX,S89b068,S89b0683,S89b,"Catching Up With Friends",
CAN_FIX,S89b069,S89b0693,S89b,"A Funky Alternative",
CAN_FIX,S89b070,S89b0703,S89b,"Snarl And Bite",
CAN_FIX,S89b071,S89b0713,S89b,"Got In Roads",
CAN_FIX,S89b072,S89b0723,S89b,"Illumination",
CAN_FIX,S89b073,S89b0733,S89b,"Fuel",
CAN_FIX,S89d011,S89d0114,S89d,"Grandpa's Old Tool Cabinet",
CAN_FIX,S89e072,S89e0723,S89e,"Heart Full Of Memories",
CAN_FIX,S89e073,S89e0733,S89e,"Happy Homestead",
CAN_FIX,S89e074,S89e0743,S89e,"A King's Entrance",
CAN_FIX,S89e075,S89e0753,S89e,"Clubhouse Shuffle",
CAN_FIX,S89e079,S89e0794,S89e,"Green Fur On The Jam",
CAN_FIX,S89f002,S89f0022,S89f,"Pompous Villain",
CAN_FIX,S89r018,S89r0183,S89r,"Mysterious Dreamland",
CAN_FIX,S89r031,S89r0313,S89r,"Lolly Gagging",
CAN_FIX,S90a143,S90a1434,S90a,"Grind Don't Stop",
CAN_FIX,S90a144,S90a1444,S90a,"Low Key Caught",
CAN_FIX,S90a145,S90a1454,S90a,"Velvet Ropes",
CAN_FIX,S90a146,S90a1464,S90a,"Shots Before Sunset",
CAN_FIX,S90a152,S90a1524,S90a,"Champagne All Night",
CAN_FIX,S91e021,S91e0213,S91e,"Whispered Secret",
CAN_FIX,S98a030,S98a0304,S98a,"Cold Copy",
CAN_FIX,S98a031,S98a0314,S98a,"Unicorn Trap",
CAN_FIX,S98a032,S98a0324,S98a,"We Are Back Again",
CAN_FIX,T08a029,T08a0293,T08a,"Gotta Stop",
CAN_FIX,T08a036,T08a0364,T08a,"Mostly Congas Midtempo",
CAN_FIX,T08a037,T08a0374,T08a,"Cha Cha Chuckles",
CAN_FIX,T08a038,T08a0384,T08a,"Merengue Cruise",
CAN_FIX,T08a039,T08a0394,T08a,"Timbonga",
CAN_FIX,T08a040,T08a0404,T08a,"Wawa Cana",
CAN_FIX,T08a041,T08a0414,T08a,"Merengue In Yo Face",
CAN_FIX,T08a042,T08a0424,T08a,"Congaton",
CAN_FIX,T08a043,T08a0434,T08a,"Tell Yo Mambo",
CAN_FIX,T09a064,T09a0644,T09a,"Snapped In Two",
CAN_FIX,T09a065,T09a0654,T09a,"Pulse Panic",
CAN_FIX,T09a066,T09a0664,T09a,"Underneath The Basement",
CAN_FIX,T09a067,T09a0674,T09a,"Snapped Off",
CAN_FIX,T20a003,T20a0033,T20a,"Dark Waves In The Night",
CAN_FIX,T21a042,T21a0423,T21a,"Sunburst Sugar",
CAN_FIX,T21a051,T21a0513,T21a,"Secrets At Sundown",
CAN_FIX,T21a052,T21a0523,T21a,"Swagger And Faith",
CAN_FIX,T27a022,T27a0224,T27a,"Hint Of Trouble",
CAN_FIX,T27a023,T27a0234,T27a,"Dashing Truths",
CAN_FIX,T27a024,T27a0244,T27a,"Endless Habits",
CAN_FIX,T28a087,T28a0873,T28a,"Mr Lonely",
CAN_FIX,T28a094,T28a0943,T28a,"Mr Zee",
CAN_FIX,T31a011,T31a0114,T31a,"Dance Til Dawn",
CAN_FIX,T31a012,T31a0124,T31a,"Never Enough Dude",
CAN_FIX,T31a013,T31a0134,T31a,"Midnight Flames",
CAN_FIX,T31a014,T31a0144,T31a,"Smack Talk",
CAN_FIX,T31a015,T31a0154,T31a,"212 Boiling Point",
CAN_FIX,T31a016,T31a0164,T31a,"Ghosted AF",
CAN_FIX,T31a017,T31a0174,T31a,"Coconut Smile",
CAN_FIX,T31a018,T31a0184,T31a,"Contemplation Station",
CAN_FIX,T31a019,T31a0194,T31a,"Best Friend Of Mine",
CAN_FIX,T31a020,T31a0204,T31a,"Grateful Morning",
CAN_FIX,T31a021,T31a0214,T31a,"Mindful Moments",
CAN_FIX,T31a022,T31a0224,T31a,"On My Way",
CAN_FIX,T31a023,T31a0234,T31a,"Summer Salvation",
CAN_FIX,T37a005,T37a0054,T37a,"Wicked Swag",
CAN_FIX,T37a006,T37a0064,T37a,"Are You Sure",
CAN_FIX,T37a007,T37a0074,T37a,"Assure Amiri",
CAN_FIX,T37a008,T37a0084,T37a,"Getting There",
CAN_FIX,T37a009,T37a0094,T37a,"So Sneaky",
CAN_FIX,T37a010,T37a0104,T37a,"Getting Thrills",
CAN_FIX,T37a011,T37a0114,T37a,"Spooky Fluters",
CAN_FIX,T38a004,T38a0044,T38a,"Bonded and Bound",
CAN_FIX,T38a005,T38a0054,T38a,"Infinite Space",
CAN_FIX,T38a006,T38a0064,T38a,"Iron Heart",
CAN_FIX,T38a007,T38a0074,T38a,"The Final Frontier",
CAN_FIX,T39a004,T39a0044,T39a,"On The Hunt Again",
CAN_FIX,T40d024,T40d0243,T40d,"Dirty Dozen 2",
CAN_FIX,T40d025,T40d0253,T40d,"Do The Deed 2",
CAN_FIX,T40d026,T40d0263,T40d,"Don't Get Me Mad 2",
CAN_FIX,T40d027,T40d0273,T40d,"Space Suit",
CAN_FIX,T40d054,T40d0543,T40d,"Countdown To What",
CAN_FIX,T40d055,T40d0553,T40d,"Kinshasa",
CAN_FIX,T40d091,T40d0914,T40d,"Soledad",
CAN_FIX,T40h088,T40h0884,T40h,"Play Nice",
CAN_FIX,T40h089,T40h0894,T40h,"Don't Look Now",
CAN_FIX,T40h090,T40h0904,T40h,"Gotta Be All Or Nothing",
CAN_FIX,T40h091,T40h0914,T40h,"Double Dog Dare",
CAN_FIX,T40h092,T40h0924,T40h,"Move N Groove",
CAN_FIX,T40h094,T40h0944,T40h,"Not The Same",
CAN_FIX,T40h095,T40h0954,T40h,"Oh Snap",
CAN_FIX,T40h096,T40h0964,T40h,"Side Eye",
CAN_FIX,T40h097,T40h0974,T40h,"Slide Left",
CAN_FIX,T40h098,T40h0984,T40h,"Smacking Gum",
CAN_FIX,T40h099,T40h0994,T40h,"Tables Turned",
CAN_FIX,T40h100,T40h1004,T40h,"Too Little Too Late",
CAN_FIX,T40h101,T40h1014,T40h,"Troubled Waters",
CAN_FIX,T40h102,T40h1024,T40h,"TGIF",
CAN_FIX,T40i001,T40i0013,T40i,"Endgame 2",
CAN_FIX,T40l047,T40l0474,T40l,"Don't Double Cross Me",
CAN_FIX,T40l048,T40l0484,T40l,"Can't Hold Back",
CAN_FIX,T40l049,T40l0494,T40l,"You're The Only One For Me",
CAN_FIX,T40l050,T40l0504,T40l,"Take Me Back To When",
CAN_FIX,T40n001,T40n0014,T40n,"Ballin'",
CAN_FIX,T40n002,T40n0024,T40n,"Spilt Tea",
CAN_FIX,T40o001,T40o0014,T40o,"Arterial",
CAN_FIX,T43a021,T43a0214,T43a,"Bad Heart",
CAN_FIX,T43e001,T43e0014,T43e,"Speedy Nerves",
CAN_FIX,T43e002,T43e0024,T43e,"Always In Drama",
CAN_FIX,T43e003,T43e0034,T43e,"Total Blackout",
CAN_FIX,T43e004,T43e0044,T43e,"Me Myself And I",
CAN_FIX,T43e005,T43e0054,T43e,"Not Cool With It",
CAN_FIX,T46a006,T46a0064,T46a,"Going Out Tonight",
CAN_FIX,T46a007,T46a0074,T46a,"Bigtime Show Stopper",
CAN_FIX,T46a008,T46a0084,T46a,"Storm The Dancefloor",
CAN_FIX,T46a009,T46a0094,T46a,"Ladies Night",
CAN_FIX,T46a010,T46a0104,T46a,"Creeping On Ya",
CAN_FIX,T46a011,T46a0114,T46a,"Live And Direct",
CAN_FIX,T46a012,T46a0124,T46a,"Last Sunset",
CAN_FIX,T46a013,T46a0134,T46a,"En La Calle",
CAN_FIX,T46a014,T46a0144,T46a,"La Noche",
CAN_FIX,T46a015,T46a0154,T46a,"Aguas Frescas",
CAN_FIX,T46a016,T46a0164,T46a,"Dembow",
CAN_FIX,T46a017,T46a0174,T46a,"Please Dance With Me",
CAN_FIX,T46a018,T46a0184,T46a,"My Time",
CAN_FIX,T46a019,T46a0194,T46a,"Slow Whine",
CAN_FIX,T47b005,T47b0053,T47b,"Breakdown",
CAN_FIX,T50a017,T50a0174,T50a,"Oh Snap Tension",
CAN_FIX,T50a024,T50a0244,T50a,"More Butterflies",
CAN_FIX,T50a025,T50a0254,T50a,"Dark Snappy Tension",
CAN_FIX,T50a026,T50a0264,T50a,"Funk Soul Groove",
CAN_FIX,T50a028,T50a0284,T50a,"In Da Clerb",
CAN_FIX,T50a029,T50a0294,T50a,"Hip Hop Detective",
CAN_FIX,T50a030,T50a0304,T50a,"When The Chevy Breaks",
CAN_FIX,T50a031,T50a0314,T50a,"Circus Waltz",
CAN_FIX,T50a032,T50a0324,T50a,"Dance Of The Pyramids",
CAN_FIX,T50a033,T50a0334,T50a,"The Electro Beat Goes On",
CAN_FIX,T50a034,T50a0344,T50a,"Dark World Chase Scene",
CAN_FIX,T50a035,T50a0354,T50a,"Dark World Chase Scene Returns",
CAN_FIX,T50a036,T50a0364,T50a,"Dark World Chase Scene Rises",
CAN_FIX,T51a018,T51a0184,T51a,"Rock The House",
CAN_FIX,T51a048,T51a0484,T51a,"Snapped In Silence",
CAN_FIX,T51a068,T51a0684,T51a,"Metal Hero",
CAN_FIX,T51a069,T51a0694,T51a,"I Can't Stand The Silence",
CAN_FIX,T51a070,T51a0704,T51a,"Don't Waste Your Time",
CAN_FIX,T51a071,T51a0714,T51a,"Last Time",
CAN_FIX,T51a072,T51a0724,T51a,"Welcome To The Show",
CAN_FIX,T51a073,T51a0734,T51a,"DeliriousFeverDream",
CAN_FIX,T51a074,T51a0744,T51a,"Last Straw",
CAN_FIX,T51a075,T51a0754,T51a,"Bring Me Back To Life",
CAN_FIX,T51a076,T51a0764,T51a,"For A Good Time",
CAN_FIX,T51a077,T51a0774,T51a,"Hold Ya",
CAN_FIX,T51a078,T51a0784,T51a,"I Like The Way",
CAN_FIX,T51a079,T51a0794,T51a,"It's So Simple",
CAN_FIX,T51a080,T51a0804,T51a,"Take My Breath Away",
CAN_FIX,T51a081,T51a0814,T51a,"Tell Me That You Need Me",
CAN_FIX,T54a001,T54a0014,T54a,"Mice Playing Dice",
CAN_FIX,T54a002,T54a0024,T54a,"Caught Lying",
CAN_FIX,T54a003,T54a0034,T54a,"Cheeky Lil B",
CAN_FIX,T54a004,T54a0044,T54a,"Closet No More",
CAN_FIX,T54a005,T54a0054,T54a,"In Yo Face",
CAN_FIX,T54a006,T54a0064,T54a,"Legal Egos",
CAN_FIX,T54a007,T54a0074,T54a,"Playing House Money",
CAN_FIX,T54a008,T54a0084,T54a,"Sneaky Whispers",
CAN_FIX,T54a009,T54a0094,T54a,"Social Purgatory",
CAN_FIX,T54a010,T54a0104,T54a,"Can't Tread Carefully",
CAN_FIX,T54a011,T54a0114,T54a,"Limon Surf",
CAN_FIX,T54a012,T54a0124,T54a,"Mezcal Meltdown",
CAN_FIX,T54a013,T54a0134,T54a,"Tequila Tanning",
CAN_FIX,T54a014,T54a0144,T54a,"Mas Margaritas Por Favor",
CAN_FIX,T54a015,T54a0154,T54a,"Siete Cervezas",
CAN_FIX,T55a001,T55a0014,T55a,"Hostile Enviroment",
CAN_FIX,T55a002,T55a0024,T55a,"Laguna Dreams",
CAN_FIX,T55a003,T55a0034,T55a,"On The Verge Of Chaos",
CAN_FIX,T55a004,T55a0044,T55a,"Playa Blanca",
CAN_FIX,T55a005,T55a0054,T55a,"Salsa Bavaro",
CAN_FIX,T55a006,T55a0064,T55a,"Elephant In The Room",
CAN_FIX,T55a007,T55a0074,T55a,"Foolish Tendencies",
CAN_FIX,T55a008,T55a0084,T55a,"Frivolous Farce",
CAN_FIX,T55a009,T55a0094,T55a,"On The Edge Of Sanity",
CAN_FIX,T55a010,T55a0104,T55a,"Devilishly Devious",
CAN_FIX,T55a011,T55a0114,T55a,"Terrifying Consequences",
CAN_FIX,T55a012,T55a0124,T55a,"The Approaching Storm",
CAN_FIX,T55a013,T55a0134,T55a,"Unsettling Thoughts",
CAN_FIX,T73A006,T73A0063,T73A,"Trust Is Earned",
CAN_FIX,T73A007,T73A0073,T73A,"Trust Fall",
CAN_FIX,T73d012,T73d0123,T73d,"Vineyard Dogs",
CAN_FIX,T73h010,T73h0103,T73h,"Moments Of Truth",
CAN_FIX,T73j001,T73j0013,T73j,"Giving My All",
CAN_FIX,T73j002,T73j0023,T73j,"Ratchet",
CAN_FIX,T73j004,T73j0043,T73j,"Catching Feelings",
CAN_FIX,T73j005,T73j0053,T73j,"Crazy Luv",
CAN_FIX,T73j006,T73j0063,T73j,"4Ever",
CAN_FIX,T73j007,T73j0073,T73j,"All I Ever Wanted",
CAN_FIX,T73j008,T73j0083,T73j,"No Cap",
CAN_FIX,T73j009,T73j0093,T73j,"Tina P",
CAN_FIX,T73k004,T73k0044,T73k,"Southern Grit",
CAN_FIX,T73k005,T73k0054,T73k,"Under Current",
CAN_FIX,X76a001,X76a0011,X76a,"Born Free",
CAN_FIX,X76a002,X76a0021,X76a,"Festival Love",
CAN_FIX,X76a003,X76a0031,X76a,"Dreamy Then Beast Mode",
CAN_FIX,X76a004,X76a0041,X76a,"Epic Party",
CAN_FIX,X76a005,X76a0051,X76a,"Taking Flight",
CAN_FIX,X76a006,X76a0061,X76a,"Almighty Club",
CAN_FIX,X76a007,X76a0071,X76a,"Savelt",
CAN_FIX,X76a008,X76a0081,X76a,"The Swedes Bumper",
CAN_FIX,X77a001,X77a0011,X77a,"Black Magic",
CAN_FIX,X77a002,X77a0021,X77a,"Bright City Lights",
CAN_FIX,X77a003,X77a0031,X77a,"GDTBR1LOVE",
CAN_FIX,X77a004,X77a0041,X77a,"LA Nights Philly Mornings",
CAN_FIX,X77a005,X77a0051,X77a,"Lyrically G1fted",
CAN_FIX,X77a006,X77a0061,X77a,"McGyver",
CAN_FIX,X77a007,X77a0071,X77a,"Molly Mothers",
CAN_FIX,X77a008,X77a0081,X77a,"Pain Vs Pleasure",
CAN_FIX,X77a009,X77a0091,X77a,"Set Wex",
CAN_FIX,X77a010,X77a0101,X77a,"Smoke Bubbles",
CAN_FIX,X77a011,X77a0111,X77a,"Summer Cats",
CAN_FIX,X77a012,X77a0121,X77a,"The Sounds Of Metropolis",
CAN_FIX,X77a013,X77a0131,X77a,"Alexa",
CAN_FIX,X77a014,X77a0141,X77a,"Mountain Dew Nights",
CAN_FIX,X77a015,X77a0151,X77a,"Warning Shots",
CAN_FIX,X77a016,X77a0161,X77a,"Lou Bassy Bangerz",
CAN_FIX,X77a017,X77a0171,X77a,"Boom Boom Wings",
CAN_FIX,X77a018,X77a0181,X77a,"Cant Climb Out The Jungle",
CAN_FIX,X77a019,X77a0191,X77a,"September",
CAN_FIX,X77a020,X77a0201,X77a,"Runaway 2",
CAN_FIX,Z40a001,Z40a0011,Z40a,"Cotton Candy",
CAN_FIX,Z40a002,Z40a0021,Z40a,"Crossing The Line",
CAN_FIX,Z40a003,Z40a0031,Z40a,"Something Hopeful",
CAN_FIX,Z40a004,Z40a0041,Z40a,"French Bistro",
CAN_FIX,Z40a005,Z40a0051,Z40a,"Victory Hog",
CAN_FIX,Z40a006,Z40a0061,Z40a,"Four Fun",
CAN_FIX,Z40a007,Z40a0071,Z40a,"Dance Mutha",
CAN_FIX,Z40a008,Z40a0082,Z40a,"Next Horizon",
CAN_FIX,Z40a009,Z40a0091,Z40a,"Future Bubbles",
CAN_FIX,Z40a010,Z40a0101,Z40a,"Rollin Up To The Farm",
CAN_FIX,Z40a011,Z40a0111,Z40a,"Move It Along",
COLLISION,R04b100,R04b1001,R04b,"AeroNorff","Snack Security Hearsay"
COLLISION,R04b101,R04b1011,R04b,"Aeroclose","Goose Platter Possibility"
COLLISION,R13a101,R13a1011,R13a,"Thompson","Trespassing"
COLLISION,R13a102,R13a1021,R13a,"Yogg","Rounding Out"
COLLISION,R13a103,R13a1031,R13a,"Proof","Magic Roar"
COLLISION,R13a104,R13a1041,R13a,"Shopping","Slight Twitch"
COLLISION,R13a105,R13a1051,R13a,"Aftershock","All Out, All In"
COLLISION,R13a106,R13a1061,R13a,"Coldifide","The Pendulum"
COLLISION,R13a107,R13a1071,R13a,"Floating Lotus","Wide Aisle"
COLLISION,R13a108,R13a1081,R13a,"Raise","Blissful"
COLLISION,R13a109,R13a1091,R13a,"Scavenger","The Big Awe"
COLLISION,R13a110,R13a1101,R13a,"Compost","Databaser"
COLLISION,R13a111,R13a1111,R13a,"Forward Madness","Keep On The Look Out"
COLLISION,R13a112,R13a1121,R13a,"New Energy","Hot Trot"
COLLISION,R13a113,R13a1131,R13a,"TruLove","Kitchen Game"
COLLISION,R13a114,R13a1141,R13a,"Up And On","Against All Odds"
COLLISION,R13a115,R13a1151,R13a,"Next Day","Returns"
COLLISION,R13a116,R13a1161,R13a,"Nowhere To Run To","Bubble Drag"
COLLISION,R13a117,R13a1171,R13a,"Out The Window","Tipsies"
COLLISION,R13a118,R13a1181,R13a,"Billys Day","All Good, Baby"
COLLISION,R13a119,R13a1191,R13a,"Easy Breezy","Modazz"
COLLISION,R13a120,R13a1201,R13a,"Iron","First Building Blocks"
COLLISION,R13a121,R13a1211,R13a,"Life Ins","In The Air"
COLLISION,R13a122,R13a1221,R13a,"Bembe Dancing","The Right Path"
COLLISION,R13a123,R13a1231,R13a,"Late Late Night","Brightest Lights"
COLLISION,R13a124,R13a1241,R13a,"Picnic","Stuff Strut"
COLLISION,R13a125,R13a1251,R13a,"Draining","Rooftop View"
COLLISION,R13a126,R13a1261,R13a,"Coating","Make A Grand Entrance"
COLLISION,R13a127,R13a1271,R13a,"Darkness","Tall And Proud"
COLLISION,R13a128,R13a1282,R13a,"First","Reach The Rich"
COLLISION,R13a130,R13a1301,R13a,"Positive Negative","Old New"
COLLISION,R13a131,R13a1311,R13a,"Pursuit","Dark And Late"
COLLISION,R13a135,R13a1351,R13a,"Suspense","Picnic With Jill"
COLLISION,R13a136,R13a1361,R13a,"This Is Not A Test","Me First"
COLLISION,R13a137,R13a1371,R13a,"Lookout","Rollin' In"
COLLISION,R13a138,R13a1381,R13a,"On Edge","So Smooth"
COLLISION,R13a139,R13a1391,R13a,"Garage Sale 2","In Good Spirit"
COLLISION,R13a140,R13a1401,R13a,"Intent","Shame"
COLLISION,R13a143,R13a1431,R13a,"Search And Find","Hard Out"
COLLISION,R13a144,R13a1441,R13a,"Summer Bench","So Near So Far"
COLLISION,R13a145,R13a1451,R13a,"Driven","Trenches"
COLLISION,R13a146,R13a1461,R13a,"Playground","Sure Enough 2"
COLLISION,R13a147,R13a1471,R13a,"Splitting Up","Super Sweet"
COLLISION,R13a148,R13a1481,R13a,"Flashlighting","Round Table 2"
COLLISION,R13a149,R13a1491,R13a,"Morning Hustle","Soft Crawl"
COLLISION,R13a150,R13a1501,R13a,"Commitment","Gutter Strut"
COLLISION,R13a151,R13a1511,R13a,"Happy Birds","Love Of My Life"
COLLISION,R13a152,R13a1521,R13a,"Hollaring","Dead Roses"
COLLISION,R13a153,R13a1531,R13a,"Quantifying","Shift After Shift"
COLLISION,R13a154,R13a1541,R13a,"Bluesing","In The Thick"
COLLISION,R13a155,R13a1551,R13a,"Hold And Behold","Between The Two"
COLLISION,R13a156,R13a1561,R13a,"Picking","Storm Clouds"
COLLISION,R13a157,R13a1571,R13a,"Findings","Like The Rain"
COLLISION,R13a158,R13a1581,R13a,"Right There","Riding High"
COLLISION,R13a159,R13a1591,R13a,"The Big E","Up Hill, Down Hill"
COLLISION,S33a100,S33a1001,S33a,"Gates","Last Chance"
COLLISION,S33a101,S33a1011,S33a,"Heavy Guitar","Island Style"
COLLISION,S33a102,S33a1021,S33a,"Hot Pot","Preparations"
COLLISION,S33a103,S33a1031,S33a,"Hours","Dry Highways"
COLLISION,S33a104,S33a1041,S33a,"In And Around","Long Take Off"
COLLISION,S33a105,S33a1051,S33a,"Light In The Tunnel","Major Orders"
COLLISION,S33a106,S33a1061,S33a,"Memory","Heliosphere"
COLLISION,S33a107,S33a1071,S33a,"Noise","Broken Intel"
COLLISION,S33a108,S33a1081,S33a,"Postcard","Leading News"
COLLISION,S33a109,S33a1091,S33a,"Prices","Docks"
COLLISION,S33a110,S33a1101,S33a,"Producer","Slow Breeze 65"
COLLISION,S33a111,S33a1111,S33a,"Telephone","First Found"
COLLISION,S33a112,S33a1121,S33a,"Theatre","Full Hospitals"
COLLISION,S33a113,S33a1131,S33a,"Adapting","Hard Way"
COLLISION,S33a114,S33a1141,S33a,"Day Rush","Two Wheeler"
COLLISION,S33a115,S33a1151,S33a,"Dialogs","Story Of Parents"
COLLISION,S33a116,S33a1161,S33a,"Gold","Another Sunny Day"
COLLISION,S33a117,S33a1171,S33a,"I Like It","Strange Ways"
COLLISION,S33a118,S33a1181,S33a,"Links","The Land"
COLLISION,S33a119,S33a1191,S33a,"Maps","Seven Doors"
COLLISION,S33a120,S33a1201,S33a,"Pictures","Take The Wheel"
COLLISION,S33a121,S33a1211,S33a,"Small Chamber","The Pursuit"
COLLISION,S33a122,S33a1221,S33a,"Bricks","Hard Mode"
COLLISION,S33a123,S33a1231,S33a,"Clear","Dance Dress"
COLLISION,S33a124,S33a1241,S33a,"Envelopes","Ice Dance"
COLLISION,S33a125,S33a1251,S33a,"Hang Around","Running Machines"
COLLISION,S33a126,S33a1261,S33a,"Lets Talk","Night Dream"
COLLISION,S33a127,S33a1271,S33a,"Market","Soft Souls"
COLLISION,S33a128,S33a1281,S33a,"Open Season","New Journey"
COLLISION,S33a129,S33a1291,S33a,"Projects","All Coming Back"
COLLISION,S33a130,S33a1301,S33a,"Rivers","Heavy Parking"
COLLISION,S33a131,S33a1311,S33a,"Rockers","Child Memories"
COLLISION,S33a132,S33a1321,S33a,"Somewhere","Good News Bad News"
COLLISION,S33a133,S33a1331,S33a,"Steps","The Ranger"
COLLISION,S33a134,S33a1341,S33a,"Travels","Sideways Street"
COLLISION,S33a135,S33a1351,S33a,"Upscale","Power Ride"
COLLISION,S33a136,S33a1361,S33a,"All Sides","Double Machine"
COLLISION,S33a137,S33a1371,S33a,"Assistant","Catch The News"
COLLISION,S33a138,S33a1381,S33a,"Ban","Get Your Hats"
COLLISION,S33a139,S33a1391,S33a,"Displayfull","The Trail"
COLLISION,S33a140,S33a1401,S33a,"Division","Margin Of Error"
COLLISION,S33a141,S33a1411,S33a,"Everything","Mean Streak"
COLLISION,S33a142,S33a1421,S33a,"Evidence","Dismiss Him"
COLLISION,S33a143,S33a1431,S33a,"Fight","People Here"
COLLISION,S33a144,S33a1441,S33a,"Freedom","Strange Minds"
COLLISION,S33a145,S33a1451,S33a,"In Any Case","Beneath The Skin"
COLLISION,S33a146,S33a1461,S33a,"Inking","Melancholic Heart"
COLLISION,S33a147,S33a1471,S33a,"Landmark","The Match"
COLLISION,S33a148,S33a1481,S33a,"Long Tie","New Study"
COLLISION,S33a149,S33a1491,S33a,"Persona","Different Thing"
COLLISION,S33a150,S33a1501,S33a,"Power","Coming From It"
COLLISION,S33a151,S33a1511,S33a,"Progression","White Snow"
COLLISION,S33a152,S33a1521,S33a,"Providers","Another Way"
COLLISION,S33a153,S33a1531,S33a,"Respect It","We Need It"
COLLISION,S33a154,S33a1541,S33a,"Shift","Crystal Screwballs"
COLLISION,S33a155,S33a1551,S33a,"Shock 3","Classic Parade"
COLLISION,S33a156,S33a1561,S33a,"Storm","Military Drill"
COLLISION,S33a157,S33a1571,S33a,"Wiretap","As The Story Goes"
COLLISION,S33a158,S33a1581,S33a,"Storm 2","Hot Flames"
COLLISION,S33a159,S33a1591,S33a,"Test","Paid Dealer"
COLLISION,S33a160,S33a1601,S33a,"Wide Doors","Divided Powers"
COLLISION,S33a161,S33a1611,S33a,"Winds","Cold Drink"
COLLISION,S33a162,S33a1621,S33a,"Smile","Next Adventure"
COLLISION,S33a163,S33a1631,S33a,"Supporters","Need Time"
COLLISION,S33a164,S33a1641,S33a,"University","News Of The Show"
COLLISION,S33a165,S33a1651,S33a,"Build It Up","Lips Tips"
COLLISION,S33a166,S33a1661,S33a,"Fake","Dressed And Ready"
COLLISION,S33a167,S33a1671,S33a,"Keep It 2","Polo Field"
COLLISION,S33a168,S33a1681,S33a,"Love Is Dead","Still Accurate"
COLLISION,S33a169,S33a1691,S33a,"Navy","Fun Walk"
COLLISION,S33a170,S33a1701,S33a,"Phone Booth","Cruisin' Downtown"
COLLISION,S33a171,S33a1711,S33a,"Shadows","Dream Storms"
COLLISION,S33a172,S33a1721,S33a,"About Lane","Creative Dances"
COLLISION,S33a173,S33a1731,S33a,"Big Open","The Death Experts"
COLLISION,S33a174,S33a1741,S33a,"Color Lights","Floating Balloons"
COLLISION,S33a175,S33a1751,S33a,"Creation","Let It Rush"
COLLISION,S33a176,S33a1761,S33a,"Emotions","Pop Moves"
COLLISION,S33a177,S33a1771,S33a,"Features","Tense Remarks"
COLLISION,S33a178,S33a1781,S33a,"Midnight Wait","Like A Can"
COLLISION,S33a179,S33a1791,S33a,"Selected","Three Pictures"
COLLISION,S33a180,S33a1801,S33a,"Amazing Place","Ocean Boulevard"
COLLISION,S33a181,S33a1811,S33a,"Better Place","Fields Of Dirt"
COLLISION,S33a182,S33a1821,S33a,"Crazy People","Recreational Road"
COLLISION,S33a183,S33a1831,S33a,"Dealing With Them","All Day Ride"
COLLISION,S33a184,S33a1841,S33a,"Meeting Them","Turn On"
COLLISION,S33a185,S33a1851,S33a,"Nice To Meet You","Inside Fast Ball"
COLLISION,S33a186,S33a1861,S33a,"Nice Weather","March Of Factories"
COLLISION,S33a187,S33a1871,S33a,"One More Time 2","Room Windows"
COLLISION,S33a190,S33a1901,S33a,"Big Jeans","Pearl Earrings"
COLLISION,S33a192,S33a1921,S33a,"Boom Boxes","Got To Escape"
COLLISION,S33a193,S33a1931,S33a,"Dirtier Road","Fiddle In The Middle"
COLLISION,S33a194,S33a1941,S33a,"Acting Cool","Home Toys"
COLLISION,S33a195,S33a1951,S33a,"All Fits Perfect","Big Deal"
COLLISION,S33a196,S33a1961,S33a,"All Out","The Hive Mind"
COLLISION,S33a197,S33a1971,S33a,"Away From Home 2","Nice Comments"
COLLISION,S33a198,S33a1981,S33a,"Big Decision","Heavy Dancer"
COLLISION,S33a199,S33a1991,S33a,"Calmer Weather","Vulnerable"
COLLISION,S33a200,S33a2001,S33a,"Fancy Clothes","Drunk And Crazy"
COLLISION,S33a201,S33a2011,S33a,"Far Lands","Tattooed Arms"
COLLISION,S33a202,S33a2021,S33a,"Football","Get A Life"
COLLISION,S33a204,S33a2041,S33a,"Phone Numbers","Gone Far Away"
COLLISION,S33a205,S33a2051,S33a,"Short Talk","All Said That"
COLLISION,S33a209,S33a2091,S33a,"Winners","Friendly Thing"
COLLISION,S33a210,S33a2102,S33a,"Activities","Get Him"
COLLISION,S33a211,S33a2111,S33a,"Alerts","Come In Now"
COLLISION,S33a212,S33a2121,S33a,"Big Box","We Are Celebrating"
COLLISION,S33a213,S33a2131,S33a,"Broken Puppets","Overloaded"
COLLISION,S33a214,S33a2141,S33a,"Caution 2","Ignition Keys"
COLLISION,S33a215,S33a2151,S33a,"Circles 2","How Am I Wrong?"
COLLISION,S33a216,S33a2161,S33a,"Committee","So Honest"
COLLISION,S33a217,S33a2172,S33a,"Dew Point","Gonna Happen"
COLLISION,S33a218,S33a2181,S33a,"Fiction","So Not Happy"
COLLISION,S33a219,S33a2191,S33a,"Gasp","Better Be Ready Now"
COLLISION,S33a220,S33a2201,S33a,"Hazards","Text Messages"
COLLISION,S33a221,S33a2211,S33a,"Hooked","Next To You"
COLLISION,S33a222,S33a2221,S33a,"Memories 2","Old Days Parts"
COLLISION,S33a223,S33a2231,S33a,"Motion 2","Hop On"
COLLISION,S33a224,S33a2241,S33a,"Reports","Welcome Back"
COLLISION,S33a225,S33a2251,S33a,"Radar","Their Stories"
COLLISION,S33a226,S33a2261,S33a,"Small Town","Chances Of Winning"
COLLISION,S33a227,S33a2271,S33a,"Source","Nice Chat"
COLLISION,S33a228,S33a2281,S33a,"Admission","Get Them All"
COLLISION,S33a229,S33a2291,S33a,"Cards","The Pumping Pumps"
COLLISION,S33a230,S33a2301,S33a,"Employee","Iron Women"
COLLISION,S33a231,S33a2311,S33a,"Jungle 2","Summer Toolkits"
COLLISION,S33a232,S33a2321,S33a,"Leaves","Offenders"
COLLISION,S33a233,S33a2331,S33a,"Privilege","Closer To Her"
COLLISION,S33a234,S33a2341,S33a,"Sheriff","The Plot"
COLLISION,S33a235,S33a2351,S33a,"Slower","In The Wood"
COLLISION,S33a236,S33a2361,S33a,"Testimony","Real Patriots"
COLLISION,S33a237,S33a2371,S33a,"Time 2","Year Earlier"
COLLISION,S33a238,S33a2381,S33a,"Bridge","Not A Game"
COLLISION,S33a239,S33a2391,S33a,"Ice Cream","Few Sentences"
COLLISION,S33a240,S33a2401,S33a,"Rooms","These Smiles"
COLLISION,S33a241,S33a2411,S33a,"Amp","Gone Missing"
COLLISION,S33a242,S33a2421,S33a,"Cake","Run The Night"
COLLISION,S33a243,S33a2431,S33a,"Choice","Fine Bottom Line"
COLLISION,S33a244,S33a2441,S33a,"Ages","Room Of Lights"
COLLISION,S33a245,S33a2451,S33a,"Birdie","Almost There Now"
COLLISION,S33a246,S33a2461,S33a,"Brick","Pleasure To See You"
COLLISION,S33a247,S33a2471,S33a,"Cabin","Be Here"
COLLISION,S33a248,S33a2481,S33a,"Clouds","Time To Decide On"
COLLISION,S33a249,S33a2491,S33a,"Clue","All The Times"
COLLISION,S33a250,S33a2501,S33a,"Dates","Get Your Hands Up"
COLLISION,S33a251,S33a2511,S33a,"Dew","This City"
COLLISION,S33a252,S33a2521,S33a,"Distance","In The Dark Moment"
COLLISION,S33a253,S33a2531,S33a,"Doors","Spinning Up"
COLLISION,S33a254,S33a2541,S33a,"Duet","It Is A Test"
COLLISION,S33a255,S33a2551,S33a,"Edge","This Place Is Running"
COLLISION,S33a256,S33a2561,S33a,"Exits","I Can"
COLLISION,S33a257,S33a2571,S33a,"Fields","Take On Me"
COLLISION,S33a258,S33a2581,S33a,"Fight 2","Like A War"
COLLISION,S33a259,S33a2591,S33a,"Freeway 2","Along The Road"
COLLISION,S33a260,S33a2601,S33a,"Glass","Creators"
COLLISION,S33a261,S33a2611,S33a,"Great River","More Of Something"
COLLISION,S33a262,S33a2621,S33a,"Group","I Just Wanna Have Fun"
COLLISION,S33a263,S33a2631,S33a,"Hell Canyon","Who She Is"
COLLISION,S33a264,S33a2641,S33a,"Homes","Critical Training"
COLLISION,S33a265,S33a2651,S33a,"Interstate","My Discipline"
COLLISION,S33a266,S33a2661,S33a,"Interview","My Best Friends"
COLLISION,S33a267,S33a2671,S33a,"Investment","Look Back Again"
COLLISION,S33a268,S33a2681,S33a,"Jets","Walking Out"
COLLISION,S33a269,S33a2691,S33a,"Mission","Ten PM"
COLLISION,S33a270,S33a2701,S33a,"Neon","So Much To Ask"
COLLISION,S33a271,S33a2711,S33a,"Pacific Highway","All Covered Up"
COLLISION,S33a272,S33a2721,S33a,"Passenger","Local Crimes"
COLLISION,S33a273,S33a2731,S33a,"Pathway","More In There"
COLLISION,S33a274,S33a2741,S33a,"Push","Strange Motions"
COLLISION,S33a275,S33a2751,S33a,"Rebound","Packs Of Matches"
COLLISION,S33a276,S33a2761,S33a,"Reminder","Uniquely Distinctive"
COLLISION,S33a277,S33a2771,S33a,"Reshoot","Time To Think About It"
COLLISION,S33a278,S33a2781,S33a,"Review","Show Us Around"
COLLISION,S33a279,S33a2791,S33a,"Ridge","Now Look At That"
COLLISION,S33a282,S33a2821,S33a,"State Route","Dance Spirit"
COLLISION,S33a283,S33a2831,S33a,"Statement","Lessons To Learn"
COLLISION,S33a284,S33a2841,S33a,"Stock","Said End Done"
COLLISION,S33a285,S33a2851,S33a,"Street","Transport Me"
COLLISION,S33a286,S33a2861,S33a,"Teaser","Predict The Future"
COLLISION,S33a287,S33a2871,S33a,"Time Zone","Five Levels"
COLLISION,S33a288,S33a2881,S33a,"Tracks","Complicated Tasks"
COLLISION,S33a289,S33a2891,S33a,"Trail Ridge","Outside And Inside"
COLLISION,S33a290,S33a2901,S33a,"Trailer","From Home Town"
COLLISION,S33a291,S33a2911,S33a,"Trucks","She Sneaked In"
COLLISION,S33a292,S33a2921,S33a,"Turns","Wired Like This"
COLLISION,S33a293,S33a2931,S33a,"Tweets","In The Box"
COLLISION,S33a294,S33a2941,S33a,"View","Welcome Back Again"
COLLISION,S33a295,S33a2951,S33a,"Visits","We Should Do It"
COLLISION,S33a296,S33a2961,S33a,"Weeks","Fun Like This"
COLLISION,S33a297,S33a2971,S33a,"Wheels 2","Whispering Shadows"
COLLISION,S33a298,S33a2981,S33a,"Wilde Road","Investigation Riser"
COLLISION,S33a299,S33a2991,S33a,"Wind","The Information"
COLLISION,S33a300,S33a3001,S33a,"Window","Midnight Rendezvous"
COLLISION,S33a301,S33a3011,S33a,"Wine","Sly Moves"
COLLISION,S33a302,S33a3021,S33a,"Wizards","Keep It Secret"
COLLISION,S33a303,S33a3031,S33a,"Band","Questions At That Point"
COLLISION,S33a304,S33a3042,S33a,"Coaches","Different Shapes"
COLLISION,S33a305,S33a3052,S33a,"Edition","All Nicknames"
COLLISION,S33a306,S33a3062,S33a,"Friends","Wanderlust 2"
COLLISION,S33a307,S33a3072,S33a,"Playlist","Best Believe It"
COLLISION,S33a308,S33a3082,S33a,"All Night","Become Strong"
COLLISION,S33a309,S33a3092,S33a,"Coming Home 2","On Point"
COLLISION,S33a310,S33a3102,S33a,"Jump In 2","Just A File"
COLLISION,S33a311,S33a3112,S33a,"The Passenger","Street Driver"
COLLISION,S33a312,S33a3122,S33a,"Place To Go","Highway Strangers"
COLLISION,S33a313,S33a3132,S33a,"Silver Earring","Sizzle 2"
COLLISION,S33a314,S33a3142,S33a,"Bitter Wine","Get To Be There"
COLLISION,S33a315,S33a3152,S33a,"Blazer","Chain Links"
COLLISION,S33a316,S33a3162,S33a,"Clearview","Reign Of The Drama"
COLLISION,S33a317,S33a3172,S33a,"Feeling Free","Hidden Behind"
COLLISION,S33a318,S33a3182,S33a,"Flip","Bounces"
COLLISION,S33a319,S33a3192,S33a,"Four Wheels","Unstoppable Trains"
COLLISION,S33a320,S33a3202,S33a,"Full Fork","Getting There Fast"
COLLISION,S33a321,S33a3212,S33a,"In Deep","Electro Fury"
COLLISION,S33a322,S33a3222,S33a,"Queens Avenue","Neon Beams"
COLLISION,S33a323,S33a3232,S33a,"Release","Twilight Bar"
COLLISION,S33a324,S33a3242,S33a,"Small Case","Strong Going"
COLLISION,S33a325,S33a3252,S33a,"Sneaker","Toughness"
COLLISION,S33a326,S33a3262,S33a,"Sweepstakes","Confessions 2"
COLLISION,S33a327,S33a3272,S33a,"Two Cups","Murder Express"
COLLISION,S33a328,S33a3282,S33a,"Until Late","Lost In Curves"
COLLISION,S33a329,S33a3292,S33a,"Walker","Wild And Free"
COLLISION,S33a330,S33a3302,S33a,"Coast Houses","Dreams And Deals"
COLLISION,S33a331,S33a3312,S33a,"Designers","I Got It Now"
COLLISION,S33a332,S33a3322,S33a,"Slow Hands","Self Discovery"
COLLISION,S33a333,S33a3332,S33a,"Autumn 2","Unwavering Resolve 2"
COLLISION,S33a334,S33a3342,S33a,"Empty Seats","The Signature"
COLLISION,S33a335,S33a3352,S33a,"Bank Account","Eclectic Touch"
COLLISION,S33a336,S33a3362,S33a,"Coast Winds","Was A Good Run"
COLLISION,S33a337,S33a3372,S33a,"Loop Holes","On The Line 2"
COLLISION,S33a338,S33a3382,S33a,"Alive","Town Deception"
COLLISION,S33a339,S33a3392,S33a,"Barefeet","Take Flight 2"
COLLISION,S33a340,S33a3402,S33a,"Big Signs","By Night"
COLLISION,S33a341,S33a3412,S33a,"Blue Fever","Nightmares Illuminate"
COLLISION,S33a342,S33a3422,S33a,"Brick Blocks","Final Justice"
COLLISION,S33a343,S33a3432,S33a,"Bricks 2","On My Last"
COLLISION,S33a344,S33a3442,S33a,"Builders","He Knew"
COLLISION,S33a345,S33a3452,S33a,"Buildings","Crazy In The Lights"
COLLISION,S33a346,S33a3462,S33a,"Car Stereo","Good For All"
COLLISION,S33a347,S33a3472,S33a,"Close Up","Nice Sunrise"
COLLISION,S33a348,S33a3482,S33a,"Double Line","Melodic Breeze"
COLLISION,S33a349,S33a3492,S33a,"Found It 2","Solid Days"
COLLISION,S33a350,S33a3502,S33a,"Future","Asked Fast"
COLLISION,S33a351,S33a3512,S33a,"Gangs","That Scene"
COLLISION,S33a352,S33a3522,S33a,"Going Down","Pull Up 3"
COLLISION,S33a353,S33a3532,S33a,"In Time","And Want It"
COLLISION,S33a354,S33a3542,S33a,"Joe","All And Nothing"
COLLISION,S33a355,S33a3552,S33a,"Landing Hard","Files Not Found"
COLLISION,S33a356,S33a3562,S33a,"Long Road 2","At That Point"
COLLISION,S33a357,S33a3572,S33a,"Look Out","Eat It"
COLLISION,S33a358,S33a3582,S33a,"Loose Shoes","Gonna Take A Shot"
COLLISION,S33a359,S33a3592,S33a,"Moving On","Far Gone"
COLLISION,S33a360,S33a3602,S33a,"One More","Velvet Bliss"
COLLISION,S33a361,S33a3612,S33a,"Starters","Strange Foothills"
COLLISION,S33a362,S33a3622,S33a,"Steering Up","In This Room"
COLLISION,S33a363,S33a3632,S33a,"Stopper","Our Short History"
COLLISION,S33a364,S33a3642,S33a,"Their Prime","Very Tricky Steps"
COLLISION,S33a3647,S33a36474,S33a,"Business As Always","Art Of Moves"
COLLISION,S33a365,S33a3652,S33a,"Toy Car","Step To Step"
COLLISION,S33a366,S33a3662,S33a,"Two Faces","Strong Love"
COLLISION,S33a367,S33a3672,S33a,"Walk Here","Slow Echos"
COLLISION,S33a368,S33a3682,S33a,"West Palm","Slowly Stepping In"
COLLISION,S33a369,S33a3692,S33a,"Wet Roads","Damned Riffs"
COLLISION,S33a370,S33a3702,S33a,"Antique","Another Person Here"
COLLISION,S33a371,S33a3712,S33a,"Buttons","All As Yesterday"
COLLISION,S33a372,S33a3722,S33a,"Lights","Few Years Of Dark"
COLLISION,S33a373,S33a3732,S33a,"Old Pictures","Just A Street"
COLLISION,S33a374,S33a3742,S33a,"Piles","New To Push It"
COLLISION,S33a375,S33a3752,S33a,"Relics","Blinking Beauties"
COLLISION,S33a376,S33a3762,S33a,"Stories","After The Fall"
COLLISION,S33a377,S33a3772,S33a,"Things","Certain Bits"
COLLISION,S33a378,S33a3782,S33a,"Baby Elephant","Road In The Back"
COLLISION,S33a379,S33a3792,S33a,"Presentation","Benefits In The Dark"
COLLISION,S33a380,S33a3802,S33a,"Street 2","Not Clear At All"
COLLISION,S33a381,S33a3812,S33a,"Strike Up","Reckoning Face"
COLLISION,S33a382,S33a3822,S33a,"Strong Men","Wild Day"
COLLISION,S33a383,S33a3832,S33a,"Memory Toys","Every One Mile"
COLLISION,S33a384,S33a3842,S33a,"New Adventures","Stand Up Man"
COLLISION,S33a385,S33a3852,S33a,"Old Pictures 2","Faking Making"
COLLISION,S33a386,S33a3862,S33a,"Round Tables","So Much Sun"
COLLISION,S33a387,S33a3872,S33a,"Walking Distance","While Walking"
COLLISION,S33a388,S33a3882,S33a,"Chaser","The Documents Falling"
COLLISION,S33a389,S33a3892,S33a,"Careful 3","Up Front"
COLLISION,S33a390,S33a3902,S33a,"Fallen","Moon Night"
COLLISION,S33a391,S33a3912,S33a,"Guns","Premium Gear"
COLLISION,S33a392,S33a3922,S33a,"New Noise","Sandy Wheels"
COLLISION,S33a393,S33a3932,S33a,"Protest","Greed And Gasoline"
COLLISION,S33a394,S33a3942,S33a,"Trash 2","Options In Life"
COLLISION,S33a395,S33a3952,S33a,"Bloom","Gone Through Life"
COLLISION,S33a396,S33a3962,S33a,"Busier Day","Walk The Streets"
COLLISION,S33a397,S33a3972,S33a,"Cups","Give Me Some Funk"
COLLISION,S33a398,S33a3982,S33a,"Fun Logo","Fields Of Grass"
COLLISION,S33a399,S33a3992,S33a,"Ready","Soul Room"
COLLISION,S33a400,S33a4002,S33a,"Simple Plan","Coming Back Up"
COLLISION,S33a401,S33a4012,S33a,"Slicker","Deployment Diaries"
COLLISION,S33a402,S33a4022,S33a,"Cheeky Plum","Electronic Dreams"
COLLISION,S33a403,S33a4032,S33a,"Club Chairs","Floppy Disks"
COLLISION,S33a404,S33a4042,S33a,"Easy Now","Fun Filled Jaunt"
COLLISION,S33a405,S33a4052,S33a,"Toys","Groove Nights"
COLLISION,S33a406,S33a4062,S33a,"Trip","Important Things"
COLLISION,S33a407,S33a4072,S33a,"Three Wheels","It Says Fun"
COLLISION,S33a408,S33a4082,S33a,"Bike Shop","Lift It And Go"
COLLISION,S33a409,S33a4092,S33a,"Bottles","My Morning Coffee"
COLLISION,S33a410,S33a4102,S33a,"Danger","Night To Remember"
COLLISION,S33a411,S33a4112,S33a,"Deputation","On The Top Again"
COLLISION,S33a412,S33a4122,S33a,"Five Dollars","Pulse Of The City"
COLLISION,S33a413,S33a4132,S33a,"Fresh Air","Reverie"
COLLISION,S33a414,S33a4142,S33a,"Funny Guys","Stampeding"
COLLISION,S33a415,S33a4152,S33a,"Metals","Gold Dust"
COLLISION,S33a416,S33a4162,S33a,"Pearls","I Will Still Take It"
COLLISION,S33a417,S33a4172,S33a,"Ports","Last Night Moves"
COLLISION,S33a418,S33a4182,S33a,"Tables","Met My Friends"
COLLISION,S33a419,S33a4192,S33a,"Twists","No Fear"
COLLISION,S33a420,S33a4202,S33a,"Walking","Other Side"
COLLISION,S33a421,S33a4212,S33a,"Wars","Riddle Me"
COLLISION,S33a422,S33a4222,S33a,"With A Beat","Someone Locked It"
COLLISION,S33a423,S33a4232,S33a,"Decisions","Sweet Evening"
COLLISION,S33a424,S33a4242,S33a,"Drama Princess","This Amazing Feeling"
COLLISION,S33a425,S33a4252,S33a,"Dreamatizer","Wanna Join"
COLLISION,S33a426,S33a4262,S33a,"Harlem Band","The Best Night Ever"
COLLISION,S33a427,S33a4272,S33a,"Hot Robbery","Bigger Things"
COLLISION,S33a428,S33a4282,S33a,"Connection","Below Turn It Up"
COLLISION,S33a429,S33a4292,S33a,"Escaped","Funny Sun"
COLLISION,S33a430,S33a4302,S33a,"Far End","It Is A Strange Talk"
COLLISION,S33a431,S33a4312,S33a,"Funky Pants","Flashpoints"
COLLISION,S33a432,S33a4322,S33a,"Glass Cars","What The Problem Is"
COLLISION,S33a433,S33a4332,S33a,"Green Papers","Eternal Summer"
COLLISION,S33a434,S33a4342,S33a,"Happy Drive","With Ocean Waves"
COLLISION,S33a435,S33a4352,S33a,"Instincts","Anomalies"
COLLISION,S33a436,S33a4362,S33a,"Intro","Flickering Screens"
COLLISION,S33a437,S33a4372,S33a,"Mess","No Errors"
COLLISION,S33a438,S33a4382,S33a,"Nurses","Dancing With The Gales"
COLLISION,S33a439,S33a4392,S33a,"Old Boxes","Laid Back Feel"
COLLISION,S33a440,S33a4402,S33a,"Rocky Rockers","Arpometers"
COLLISION,S33a441,S33a4412,S33a,"Soda","Horizons Unseen"
COLLISION,S33a442,S33a4422,S33a,"Tall Windows","Living To Show Off"
COLLISION,S33a443,S33a4432,S33a,"The Place","Lost In Quiet Pain"
COLLISION,S33a449,S33a4492,S33a,"Capitol","Housed Secrets"
COLLISION,S33a450,S33a4502,S33a,"Hurt","Dream Shimmer"
COLLISION,S33a451,S33a4512,S33a,"Pained","Setting Hard"
COLLISION,S33a452,S33a4522,S33a,"Pulsing","Try Remembering Those"
COLLISION,S33a453,S33a4532,S33a,"Sea","In My New Shoes"
COLLISION,S33a454,S33a4542,S33a,"Stay","Around Rivers"
COLLISION,S33a455,S33a4552,S33a,"The Backyard","Gas Freestyle"
COLLISION,S33a456,S33a4562,S33a,"The Bathroom","Dark Party Games"
COLLISION,S33a457,S33a4572,S33a,"The Cells","Watch Them"
COLLISION,S33a458,S33a4582,S33a,"The Basement","Hypnotize"
COLLISION,S33a459,S33a4592,S33a,"The Garage","Party Republic"
COLLISION,S33a460,S33a4602,S33a,"The Hallway","That Is Good"
COLLISION,S33a461,S33a4612,S33a,"The Pool","Cosmic Dreams"
COLLISION,S33a462,S33a4622,S33a,"The Roof","Urban Ghosts"
COLLISION,S33a463,S33a4632,S33a,"The Rooms","Gathered Together"
COLLISION,S33a464,S33a4642,S33a,"The Table","Running Mate"
COLLISION,S33a465,S33a4652,S33a,"Votes","Trip To Arena"
COLLISION,S33a466,S33a4662,S33a,"Lifes A Journey","Vibing Tonight"
COLLISION,S33a467,S33a4672,S33a,"Toy Cars","Fun Wires And Words"
COLLISION,S33a468,S33a4682,S33a,"Overboard","After Work Fun"
COLLISION,S33a469,S33a4692,S33a,"Small Jobs","Big Drop Hits"
COLLISION,S33a470,S33a4702,S33a,"Bulldogs","If Guilty"
COLLISION,S33a471,S33a4712,S33a,"New Places","About To Start Actions"
COLLISION,S33a472,S33a4722,S33a,"Roofs","Back To Good Old Swing"
COLLISION,S33a473,S33a4732,S33a,"Old Stories","Between Stoplights"
COLLISION,S33a474,S33a4742,S33a,"Sweet Beat","Hands Of Night"
COLLISION,S33a475,S33a4752,S33a,"Unfazed","Counting Fault Lines"
COLLISION,S33a476,S33a4762,S33a,"Awake","Tension Without End"
COLLISION,S33a477,S33a4772,S33a,"Cherry Colors","Footfalls Of Restraint"
COLLISION,S33a478,S33a4782,S33a,"High Tops","Letters To Who"
COLLISION,S33a479,S33a4792,S33a,"All Access","Ticket To Wellness"
COLLISION,S33a480,S33a4802,S33a,"Arriving","Rhythm Of These Nights"
COLLISION,S33a481,S33a4812,S33a,"Backstage Pass","In My Big Pocket"
COLLISION,S33a482,S33a4822,S33a,"Blue Trees","Ambient Dark Palm Vibes"
COLLISION,S33a483,S33a4832,S33a,"Chicago Bars","Across The Distance"
COLLISION,S33a484,S33a4842,S33a,"Chilling","Ending Tape Reels"
COLLISION,S33a485,S33a4852,S33a,"Chronicals","Last Night On The Clock"
COLLISION,S33a486,S33a4862,S33a,"City Walk","Rust On The Carousel"
COLLISION,S33a487,S33a4872,S33a,"Decisions In Making","If You Think About It"
COLLISION,S33a488,S33a4882,S33a,"Double Step","Like A Good Fast Ride"
COLLISION,S60a100,S60a1002,S60a,"In The Morning","Aurora Borealis"
COLLISION,S60a101,S60a1012,S60a,"Jesus Freaks","Step Into The Sea"
COLLISION,S60a102,S60a1022,S60a,"Jivin Girl","Tensity"
COLLISION,S60a103,S60a1032,S60a,"LA Yazz","Seattle Rippin'"
COLLISION,S60a104,S60a1042,S60a,"Left Behind","Basement Dweller"
COLLISION,S60a105,S60a1052,S60a,"Looking For Alaska","Meeting Of The Mice"
COLLISION,S60a106,S60a1062,S60a,"Lotta Fun","Pop Your Collar"
COLLISION,S60a107,S60a1072,S60a,"Pluckety Pluck Pluck","Radio Guitars"
COLLISION,S60a108,S60a1082,S60a,"Poor Jimmy","Show Me Your Love"
COLLISION,S60a109,S60a1092,S60a,"Run For Cover 2","Animals Are Playing"
COLLISION,S60a110,S60a1102,S60a,"Spy Games","Stomp Yo Feet"
COLLISION,S60a111,S60a1112,S60a,"Super Based","Big Ol' Stomp"
COLLISION,S60a112,S60a1122,S60a,"The March","Only Heartache"
COLLISION,S60a113,S60a1132,S60a,"Too Much Glam","Cali Sunrise"
COLLISION,S60a114,S60a1142,S60a,"Vibin","Get Down Tonight"
COLLISION,S60a115,S60a1152,S60a,"Baby Brooding","Draggy Drums"
COLLISION,S60a116,S60a1162,S60a,"Degenerate Me","Blood Red"
COLLISION,S60a117,S60a1172,S60a,"Like A Rocket","Swingin' Moos"
COLLISION,S60a118,S60a1182,S60a,"Somewhat Swampy","Still Darkness"
COLLISION,S60a119,S60a1192,S60a,"Third Eye","Boom Boys"
COLLISION,S60a120,S60a1202,S60a,"Dancing Class","NYC Real"
COLLISION,S60a121,S60a1212,S60a,"In The Mist","Exposition Times"
COLLISION,S60a122,S60a1222,S60a,"The Lonely Ones","Made To Look"
COLLISION,S60a123,S60a1232,S60a,"Through A Dream","Ripper Boy"
COLLISION,S60a124,S60a1242,S60a,"Titan","Being The Best You Can Be"
COLLISION,S60a125,S60a1252,S60a,"Wade In The Water","I Know It's Over"
COLLISION,S60a126,S60a1262,S60a,"Young Royalty","Partying In The 60s"
COLLISION,S60a127,S60a1272,S60a,"Dream State","Dirt Diggin'"
COLLISION,S60a128,S60a1282,S60a,"Kaleidoscope Eyes","Pulsing Things"
COLLISION,S60a129,S60a1292,S60a,"Nightflight","Driving It Up"
COLLISION,S60a130,S60a1302,S60a,"On The Banks","Needing Time"
COLLISION,S60a131,S60a1312,S60a,"Down To Drive","Wild Turn Of Events"
COLLISION,S60a132,S60a1322,S60a,"Hysteria 2","Synergy Meeting"
COLLISION,S60a133,S60a1332,S60a,"James Brown Wannabe","Don't Mind In The Slightest"
COLLISION,S60a134,S60a1342,S60a,"La La Love Me","As Far As I Can See"
COLLISION,S60a135,S60a1352,S60a,"On The Vine","Very Low Feelings"
COLLISION,S60a136,S60a1362,S60a,"Phantom","Majestic Mood"
COLLISION,S60a137,S60a1372,S60a,"Drunk In The City","A Narc Among Us"
COLLISION,S60a138,S60a1382,S60a,"Oh Yeah 2","Battleship Dueling"
COLLISION,S60a139,S60a1392,S60a,"Time To Reset","We Came Here To Party"
COLLISION,S60a140,S60a1402,S60a,"Devil Moves","Flower Survive"
COLLISION,S60a141,S60a1412,S60a,"Dis Guy","Cute Plucks"
COLLISION,S60a142,S60a1422,S60a,"Dude Its Fun","Imma Hustler"
COLLISION,S60a143,S60a1432,S60a,"Moon And Sun","Schmaltzing Away"
COLLISION,S60a147,S60a1472,S60a,"Manic Repression","Club Moving"
COLLISION,S60a148,S60a1482,S60a,"Country Fried Steak","Plunky Punk"
COLLISION,S60a149,S60a1492,S60a,"Filled To The Brim","Electric Carnival"
COLLISION,S60a150,S60a1502,S60a,"Silly Billy","C'Mere You"
COLLISION,S60a151,S60a1512,S60a,"It Was Built For Speed","Look Around Here"
COLLISION,S60a152,S60a1522,S60a,"Flashback To The Future","Help Them Please"
COLLISION,S60a153,S60a1532,S60a,"Good To Go","Dance Party Night"
COLLISION,S60a154,S60a1542,S60a,"Kick Run Shoot","Fire Fight"
COLLISION,S60a155,S60a1552,S60a,"Night Time Is The Right Time","Jump The Vibe"
COLLISION,S60a156,S60a1562,S60a,"Slow And Stupid","Coming Back Home"
COLLISION,S60a157,S60a1572,S60a,"The Confrontation","A Higher Class"
COLLISION,S60a158,S60a1582,S60a,"Thinking Of The West","Stay Vibin' Out"
COLLISION,S60a159,S60a1592,S60a,"Your Elegance","We Like To Vibe"
COLLISION,S60a160,S60a1602,S60a,"Anubis","Ayo Groove"
COLLISION,S60a161,S60a1612,S60a,"Beast Of Bourbon","Lay It Back Now"
COLLISION,S60a164,S60a1642,S60a,"Swamps Of Jersey","A Snoopy One"
NOT_FOUND,R89a824,,R89a,"Beach Swing ",
NOT_FOUND,S13a036,,S13a,"Behind The Heist ",
NOT_FOUND,S13a040,,S13a,"Ruthless Pulse ",
NOT_FOUND,T40h093,,T40h," No One Saw That",