PK,LOT,DATE CREATED,CLIENT,PROJECT,Date Sent,AVID,NOTES
PL02,150512 Lite Tension,12/29/2016,CINEFLIX NY,American Pickers,05/12/2015,PRE AVID BIN,
PL01,150512 Rock,12/9/2016,CINEFLIX NY,American Pickers,5/12/2015,PRE AVID BIN,
PL03,150527_AMPIC,12/29/2016,CINEFLIX NY,American Pickers,05/27/2015,PRE AVID BIN,
PL04,150605_Neue Musik 1,12/30/2016,CINEFLIX NY,American Pickers,06/05/2015,PRE AVID BIN,
PL05,150610_AMPIC,12/30/2016,CINEFLIX NY,American Pickers,06/10/2015,PRE AVID BIN,
PL06,150612_AMPIC,12/30/2016,CINEFLIX NY,American Pickers,06/12/2015,PRE AVID BIN,
PL07,150612_Spaghetti,12/30/2016,CINEFLIX NY,American Pickers,06/12/2015,PRE AVID BIN,
PL08,150617_Haus Daily,12/30/2016,CINEFLIX NY,American Pickers,06/17/2015,PRE AVID BIN,
PL09,150617_Spaghetti 2,12/30/2016,CINEFLIX NY,American Pickers,06/17/2015,PRE AVID BIN,
PL10,150618_AMPIC_Americana,12/30/2016,CINEFLIX NY,American Pickers,06/18/2015,PRE AVID BIN,
PL11,150619_AMPIC,12/30/2016,CINEFLIX NY,American Pickers,06/19/2015,PRE AVID BIN,
PL12,150623_HAUS,12/30/2016,CINEFLIX NY,American Pickers,06/23/2015,PRE AVID BIN,
PL13,150623b_HAUS,12/30/2016,CINEFLIX NY,American Pickers,06/23/2015,PRE AVID BIN,
PL14,150625_AMPIC,12/30/2016,CINEFLIX NY,American Pickers,06/25/2015,PRE AVID BIN,
PL15,150626_HAUS,12/30/2016,CINEFLIX NY,American Pickers,06/26/2015,PRE AVID BIN,
PL16,150702_HAUS,12/30/2016,CINEFLIX NY,American Pickers,07/02/2015,PRE AVID BIN,
PL17,150703_HAUS,12/30/2016,CINEFLIX NY,American Pickers,07/03/2015,PRE AVID BIN,
PL18,150707_HAUS,12/30/2016,CINEFLIX NY,American Pickers,07/07/2015,PRE AVID BIN,
PL19,150709_AMPIC,12/30/2016,CINEFLIX NY,American Pickers,07/09/2015,PRE AVID BIN,
PL20,150710_AMPIC,12/30/2016,CINEFLIX NY,American Pickers,07/10/2015,PRE AVID BIN,
PL21,150715_AMPIC,12/30/2016,CINEFLIX NY,American Pickers,07/15/2015,PRE AVID BIN,
PL22,150717_AMPIC,12/31/2016,CINEFLIX NY,American Pickers,07/17/2015,PRE AVID BIN,
PL23,150722_AMPIC,12/31/2016,CINEFLIX NY,American Pickers,07/22/2015,PRE AVID BIN,
PL24,150724_AMPIC,12/31/2016,CINEFLIX NY,American Pickers,07/24/2015,PRE AVID BIN,
PL25,150729_AMPIC,12/31/2016,CINEFLIX NY,American Pickers,07/29/2015,PRE AVID BIN,
PL40,150805_AMPIC,1/2/2017,CINEFLIX NY,American Pickers,08/05/2015,PRE AVID BIN,
PL26,150806_AMPIC,12/31/2016,CINEFLIX NY,American Pickers,08/06/2015,PRE AVID BIN,
PL27,150807_AMPIC,12/31/2016,CINEFLIX NY,American Pickers,08/07/2015,PRE AVID BIN,
PL28,150811_AMPIC,12/31/2016,CINEFLIX NY,American Pickers,08/11/2015,PRE AVID BIN,
PL29,150812_EXTRA,12/31/2016,CINEFLIX NY,American Pickers,08/12/2015,PRE AVID BIN,
PL30,150814_AMPIC,12/31/2016,CINEFLIX NY,American Pickers,08/14/2015,PRE AVID BIN,
PL31,150819_AMPIC,12/31/2016,CINEFLIX NY,American Pickers,08/19/2015,PRE AVID BIN,
PL32,150825_AMPIC,12/31/2016,CINEFLIX NY,American Pickers,08/25/2015,PRE AVID BIN,
PL33,150826_AMPIC,12/31/2016,CINEFLIX NY,American Pickers,08/26/2015,PRE AVID BIN,
PL34,150828_AMPIC,12/31/2016,CINEFLIX NY,American Pickers,08/28/2015,PRE AVID BIN,
PL35,150901_AMPIC,12/31/2016,CINEFLIX NY,American Pickers,09/01/2015,PRE AVID BIN,
PL37,150903_AMPIC,1/2/2017,CINEFLIX NY,American Pickers,09/03/2015,PRE AVID BIN,
PL36,150909_AMPIC,12/31/2016,CINEFLIX NY,American Pickers,09/09/2015,PRE AVID BIN,
PL38,150910_AMPICstate champ,1/2/2017,CINEFLIX NY,American Pickers,09/10/2015,PRE AVID BIN,
PL39,150915_AMPIC,1/2/2017,CINEFLIX NY,American Pickers,09/15/2015,PRE AVID BIN,
PL41,150918_AMPIC,1/2/2017,CINEFLIX NY,American Pickers,09/18/2015,PRE AVID BIN,
PL42,150923_AMPIC,1/2/2017,CINEFLIX NY,American Pickers,09/23/2015,PRE AVID BIN,
PL43,150924_AMPIC,1/2/2017,CINEFLIX NY,American Pickers,09/24/2015,PRE AVID BIN,
PL44,"150925,28,29_AMPIC",1/2/2017,CINEFLIX NY,American Pickers,09/25/2015,PRE AVID BIN,
PL46,150930_Haus,1/2/2017,CINEFLIX NY,American Pickers,09/30/2015,PRE AVID BIN,
PL45,150930_Special and A,1/2/2017,CINEFLIX NY,American Pickers,09/30/2015,PRE AVID BIN,
PL48,151001_AMPIC,1/4/2017,CINEFLIX NY,American Pickers,10/01/2015,PRE AVID BIN,
PL47,151006_AMPIC,1/2/2017,CINEFLIX NY,American Pickers,10/06/2015,PRE AVID BIN,
PL57,151009_AMPIC,1/5/2017,CINEFLIX NY,American Pickers,10/09/2015,PRE AVID BIN,
PL72,151013-30_AMPIC,1/6/2017,CINEFLIX NY,American Pickers,10/13/2015,PRE AVID BIN,
PL95,151018_TheDEED_12,1/10/2017,Cineflix CANADA,The Deed,,HBIN_1647,
PL317,151106_Suspense PULL,2/27/2017,CINEFLIX NY,American Pickers,11/06/2015,,
PL314,151113_AMPIC,2/24/2017,CINEFLIX NY,American Pickers,11/13/2015,PRE Avid bin,
PL163,160106_Pilot,1/31/2017,CINEFLIX NY,,,PRE AVID,
PL153,160216_Leftovers and Beginnings,1/27/2017,CINEFLIX NY,American Pickers,02/16/2016,,
PL382,160224_AP8_02,4/28/2017,CINEFLIX NY,American Pickers,02/24/2016,,
PL383,160304_AP8_03,4/28/2017,CINEFLIX NY,American Pickers,03/04/2016,,
PL154,160304_GENERAL BIN,1/27/2017,Haus Internal,,,,
PL159,160310_GENERAL BIN,1/30/2017,Haus Internal,,,,
PL155,160314_AP8_04,1/28/2017,CINEFLIX NY,American Pickers,03/14/2016,,
PL160,160316_Double O,1/30/2017,CINEFLIX NY,American Pickers,03/16/2016,,
PL161,160316_Replacement Theory,1/30/2017,CINEFLIX NY,American Pickers,03/16/2016,,
PL158,160319_AP8_05,1/30/2017,CINEFLIX NY,American Pickers,03/19/2016,,
PL97,160321_AP8_07_TIM,1/10/2017,CINEFLIX NY,American Pickers,03/21/2016,,
PL98,160323_AP8_08,1/10/2017,CINEFLIX NY,American Pickers,03/23/2016,,
PL384,160328_AP8_09 Rock and Tension,4/28/2017,CINEFLIX NY,American Pickers,03/28/2016,,
PL101,160328_AP8_SciFi and Western Replacement,1/10/2017,CINEFLIX NY,American Pickers,03/28/2016,,
PL100,160328_AP8_Western,1/10/2017,CINEFLIX NY,American Pickers,03/28/2016,,
PL102,160401_AP8_10_No Waiting,1/10/2017,CINEFLIX NY,American Pickers,04/01/2016,,
PL103,"160401_AP8_11_Wait, Don't Tell Me",1/10/2017,CINEFLIX NY,American Pickers,04/01/2016,,
PL104,160405_AP8_12,1/10/2017,CINEFLIX NY,American Pickers,04/05/2016,,
PL105,160408_AP8_13,1/10/2017,CINEFLIX NY,American Pickers,04/08/2016,,
PL106,160413_AP8_14,1/10/2017,CINEFLIX NY,American Pickers,04/13/2016,,
PL107,160414_AP8_15,1/10/2017,CINEFLIX NY,American Pickers,04/14/2016,,
PL108,160419_AP8_16,1/10/2017,CINEFLIX NY,American Pickers,04/19/2016,,
PL109,160422_AP8_17,1/11/2017,CINEFLIX NY,American Pickers,04/22/2016,,
PL110,160427_AP8_18,1/11/2017,CINEFLIX NY,American Pickers,04/27/2016,,
PL111,160502_AP8_19,1/11/2017,CINEFLIX NY,American Pickers,05/02/2016,HBIN_1601,
PL112,160503_AP8_20,1/11/2017,CINEFLIX NY,American Pickers,05/03/2016,HBIN_1602,
PL113,160504_AP8_21 More Waiting +,1/11/2017,CINEFLIX NY,American Pickers,05/04/2016,HBIN_1603,
PL114,160510_AP8_22,1/11/2017,CINEFLIX NY,American Pickers,05/10/2016,,
PL115,160516_MCFI_01,1/11/2017,CINEFLIX NY,Murder Calls (etc.),,HBIN_1605,
PL116,160517_AP8_23_MAFIA,1/11/2017,CINEFLIX NY,American Pickers,05/17/2016,HBIN_1606,
PL119,160520_AP8_SPECIAL_Trumpet,1/11/2017,CINEFLIX NY,American Pickers,05/20/2016,,
PL120,160522_AP8_24,1/11/2017,CINEFLIX NY,American Pickers,05/22/2016,HBIN_1607,
PL121,160527_AP8_25,1/11/2017,CINEFLIX NY,American Pickers,05/27/2016,HBIN_1608,
PL122,160601_MURDER CALLS,1/11/2017,CINEFLIX NY,Murder Calls (etc.),,HBIN_1609,
PL961,160606_AP8_26,8/24/2017,CINEFLIX NY,American Pickers,06/06/2016,,
PL125,160607_Murder Calls_03,1/11/2017,CINEFLIX NY,Murder Calls (etc.),,HBIN_1613,
PL126,160608_AP8_27,1/11/2017,CINEFLIX NY,American Pickers,06/08/2016,HBIN_1611,
PL127,160617_AP8_28,1/11/2017,CINEFLIX NY,American Pickers,06/17/2016,HBIN_1614,
PL49,160617_NashvilleKit_Soul,1/4/2017,CINEFLIX NY,Nashville Kitchen (Development),,HBIN_1612,
PL50,160622_AP8_29_Madmen Military,1/4/2017,CINEFLIX NY,American Pickers,06/22/2016,HBIN_1615,
PL51,160627_MurderCalls_04,1/4/2017,Jupiter Films,Murder Calls (etc.),6/17/2016,HBIN_1616,
PL52,160627_TheDeed_04,1/4/2017,Cineflix CANADA,The Deed,,HBIN_1616,
PL53,160711_AP8_30,1/4/2017,CINEFLIX NY,American Pickers,07/11/2016,HBIN_1617,
PL54,160712_MurderCalls_05,1/5/2017,Jupiter Films,Murder Calls (etc.),7/12/2016,HBIN_1618,
PL55,160712_TheDeed_05,1/5/2017,Cineflix CANADA,The Deed,,HBIN_1618,
PL56,160725_AP8_31,1/5/2017,CINEFLIX NY,American Pickers,07/25/2016,HBIN_1619,
PL58,160726_MurderCalls_06,1/5/2017,Jupiter Films,Murder Calls (etc.),,HBIN_1620,
PL61,160729_AP8_32,1/6/2017,CINEFLIX NY,American Pickers,07/29/2016,HBIN_1621,
PL62,160804_AP8_33,1/6/2017,CINEFLIX NY,American Pickers,08/04/2016,HBIN_1622,
PL63,160805_MurderCalls_07,1/6/2017,Jupiter Films,Murder Calls (etc.),,HBIN_1623,
PL129,160808_AP8_34 JINGS,1/12/2017,CINEFLIX NY,American Pickers,08/08/2016,HBIN_1624,
PL65,160815_AP8_35,1/6/2017,CINEFLIX NY,American Pickers,08/15/2016,HBIN_1625,
PL60,160815_TheDeed_06,1/5/2017,Cineflix CANADA,The Deed,,HBIN_1620,
PL64,160815_TheDEED_07,1/6/2017,Cineflix CANADA,The Deed,,HBIN_1623,
PL66,160822_AP8_36,1/6/2017,CINEFLIX NY,American Pickers,08/22/2016,HBIN_1626,
PL67,160826_MurderCalls_08,1/6/2017,Jupiter Films,Murder Calls (etc.),,HBIN_1627,
PL68,160826_TheDEED_08,1/6/2017,Cineflix CANADA,The Deed,,HBIN_1627,
PL69,160829_AP8_37,1/6/2017,CINEFLIX NY,American Pickers,08/29/2016,HBIN_1628,
PL70,160830_AP8_38,1/6/2017,CINEFLIX NY,American Pickers,08/30/2016,HBIN_1630,
PL71,160907_AP8_39,1/6/2017,CINEFLIX NY,American Pickers,09/07/2016,HBIN_1631,
PL73,160908_AP8_40,1/6/2017,CINEFLIX NY,American Pickers,09/08/2016,HBIN_1632,
PL74,160912_MurderCalls_09,1/6/2017,Jupiter Films,Murder Calls (etc.),,HBIN_1633,
PL75,160912_TheDEED_09,1/6/2017,Cineflix CANADA,The Deed,,HBIN_1633,
PL76,160916_AP8_41_JINGS,1/6/2017,CINEFLIX NY,American Pickers,09/16/2016,HBIN_1634,
PL77,160921_AP8_42,1/7/2017,CINEFLIX NY,American Pickers,09/21/2016,HBIN_1635,
PL82,160925_MurderCalls_10,1/10/2017,Jupiter Films,Murder Calls (etc.),,HBIN_1638,
PL84,160926_AP8_43,1/10/2017,CINEFLIX NY,American Pickers,09/26/2016,HBIN_1637,
PL89,161007_AP8_44,1/10/2017,CINEFLIX NY,American Pickers,10/07/2016,HBIN_1641,
PL90,161008_MurderCalls_11,1/10/2017,Jupiter Films,Murder Calls (etc.),,HBIN_1642,
PL91,161014_AP8_45,1/10/2017,CINEFLIX NY,American Pickers,10/14/2016,HBIN_1643,
PL92,161014_AP8_46_JW Chase,1/10/2017,CINEFLIX NY,American Pickers,10/14/2016,HBIN_1645,
PL93,161014_AP8_47_50 Shades of Wait,1/10/2017,CINEFLIX NY,American Pickers,10/14/2016,HBIN_1644,
PL94,161018_MurderCalls_12,1/10/2017,Jupiter Films,Murder Calls (etc.),,HBIN_1647,
PL96,161101_AP8_48,1/10/2017,CINEFLIX NY,American Pickers,11/01/2016,HBIN_1648,
PL85,161108_AP8_49 Hymns & Chants,1/10/2017,CINEFLIX NY,American Pickers,11/08/2016,HBIN_1649,
PL141,161114_LeftRight_SugarHill_01,1/19/2017,LEFT/RIGHT TV,First Family Of Hip Hop,,HBIN_1650,
PL130,161118_AP8_50_Oktober Shanty,1/16/2017,CINEFLIX NY,American Pickers,11/18/2016,HBIN_1651,
PL320,161118_AP8_51,2/28/2017,CINEFLIX NY,American Pickers,11/18/2016,HBIN_1652,
PL131,161118_AP8_Extra Shanty,1/16/2017,CINEFLIX NY,American Pickers,11/18/2016,HBIN_1655,
PL142,161121_MurderCalls_13,1/19/2017,CINEFLIX NY,Murder Calls (etc.),,HBIN_1654,
PL59,161123_AP8_52,1/5/2017,CINEFLIX NY,American Pickers,11/23/2016,HBIN_1656,
PL128,161128_AP8_53,1/12/2017,CINEFLIX NY,American Pickers,11/28/2016,HBIN_1657,
PL143,161129_AP8_54,1/19/2017,CINEFLIX NY,American Pickers,11/29/2016,HBIN_1658,
PL144,161130_AP8_55,1/23/2017,CINEFLIX NY,American Pickers,11/30/2016,HBIN_1659,
PL138,161201_AP8_56,1/18/2017,CINEFLIX NY,American Pickers,12/01/2016,HBIN_1660,
PL140,161202_AP8_57,1/19/2017,CINEFLIX NY,American Pickers,12/02/2016,HBIN_1663,
PL145,161205_LEFTRIGHT_Sugar Hill 2,1/23/2017,LEFT/RIGHT TV,First Family Of Hip Hop,,HBIN_1661,
PL307,161208_AP8_59_MILITARY,2/17/2017,CINEFLIX NY,American Pickers,12/08/2016,HBIN_1662,
PL139,161212_MurderCalls_14,1/19/2017,CINEFLIX NY,Murder Calls (etc.),,HBIN_1664,
PL132,161215_TheDEED_13_NOLA,1/16/2017,Cineflix CANADA,The Deed,,HBIN_1665,
PL151,161219_AP8_58,1/26/2017,CINEFLIX NY,American Pickers,12/19/2016,HBIN_1666,
PL209,161221_AP8_61,2/2/2017,CINEFLIX NY,American Pickers,12/21/2016,HBIN_1669,
PL146,161221_MurderCalls_15,1/23/2017,CINEFLIX NY,Murder Calls (etc.),,HBIN_1668,
PL133,161221_TheDeed_NOLA2,1/16/2017,Cineflix CANADA,The Deed,,HBIN_1667,
PL280,161222_AP8_60,2/15/2017,CINEFLIX NY,American Pickers,12/22/2016,HBIN_1670,
PL281,161223_AP8_62,2/15/2017,CINEFLIX NY,American Pickers,12/23/2016,HBIN_1671,
PL295,170117_TFRG_01,2/17/2017,CINEFLIX NY,The Filthy Rich Guide,,HBIN_1710,
PL296,170118_AP8_63,2/17/2017,CINEFLIX NY,American Pickers,01/18/2017,HBIN_1701,
PL297,170118_AP8_64,2/17/2017,CINEFLIX NY,American Pickers,01/18/2017,HBIN_1703,
PL298,170118_TFRG_02,2/17/2017,CINEFLIX NY,The Filthy Rich Guide,,HBIN_1702,
PL339,170119_TFRG_03,3/22/2017,CINEFLIX NY,The Filthy Rich Guide,,HBIN_1704,
PL300,170123_TFRG_04,2/17/2017,CINEFLIX NY,The Filthy Rich Guide,,HBIN_1705,
PL301,170124_TFRG_05,2/17/2017,CINEFLIX NY,The Filthy Rich Guide,,HBIN_1706,
PL299,170126_AP8_65,2/17/2017,CINEFLIX NY,American Pickers,01/26/2017,HBIN_1707,
PL303,170126_TFRG_06,2/17/2017,CINEFLIX NY,The Filthy Rich Guide,,HBIN_1708,
PL304,170130_TFRG_07,2/17/2017,CINEFLIX NY,The Filthy Rich Guide,,HBIN_1709,
PL290,170131_TFRG_08,2/15/2017,CINEFLIX NY,The Filthy Rich Guide,,,
PL168,170202_JUPE_70Cop_01,2/2/2017,Jupiter Films,70's Cop Show,,HBIN_1713,
PL210,170202_JUPE_70COP_02,2/2/2017,Jupiter Films,70's Cop Show,,HBIN_1714,
PL305,170202_TFRG_10,2/17/2017,CINEFLIX NY,The Filthy Rich Guide,,HBIN_1712,
PL291,170214_ISLANDLIFE_01,2/15/2017,LEFT/RIGHT TV,Island Life,,SENT WITH MASTER BINS 1,
PL289,170216_JUPITER_70Cop,2/15/2017,Jupiter Films,70's Cop Show,,HBIN_1715,
PL294,170216_TFRG_FERRIS,2/16/2017,CINEFLIX NY,The Filthy Rich Guide,,HBIN_1716,
PL292,170221_AP8_66,2/15/2017,CINEFLIX NY,American Pickers,02/21/2017,HBIN_1719,
PL313,170222_AP8_69_AUTRY,2/22/2017,CINEFLIX NY,American Pickers,02/22/2017,HBIN_1717,
PL309,170301_TFRG_12,2/20/2017,CINEFLIX NY,The Filthy Rich Guide,,HBIN_1721,
PL315,170302_JUPITER_Kitty_01,2/24/2017,Jupiter Films,The Kitty Kelley Files,,HBIN_1722,
PL287,170302_TFRG_11,2/15/2017,CINEFLIX NY,The Filthy Rich Guide,,HBIN_1718,
PL321,170303_TFRG_13,3/3/2017,CINEFLIX NY,The Filthy Rich Guide,,HBIN_1725,
PL326,170310_TFRG_14_Stadium,3/10/2017,CINEFLIX NY,The Filthy Rich Guide,,HBIN_1726,
PL327,170313_LeftRight_Peterson_01,3/13/2017,LEFT/RIGHT TV,Scott Peterson Show,,PLAYLIST SENT VIA SA,
PL323,170316_CFLIX_TFRG_15,3/7/2017,CINEFLIX NY,The Filthy Rich Guide,,HBIN_1728,
PL333,170317_CFLIX_AP8_72_CARNIVAL,3/16/2017,CINEFLIX NY,American Pickers,03/17/2017,HBIN_1729,
PL283,170321_AP8_67,2/15/2017,CINEFLIX NY,American Pickers,03/21/2017,HBIN_1720,
PL349,170406_AP8_75,3/30/2017,CINEFLIX NY,American Pickers,04/06/2017,HBIN_1735,
PL357,170410_AP8_77_PONG,4/6/2017,CINEFLIX NY,American Pickers,04/10/2017,HBIN_1737,
PL344,170410_TFRG_17,3/29/2017,CINEFLIX NY,The Filthy Rich Guide,,HBIN_1736,
PL352,170411_AP8_76,4/5/2017,CINEFLIX NY,American Pickers,04/11/2017,HBIN_1738,
PL369,170415_AP8_50s Film,4/14/2017,CINEFLIX NY,American Pickers,04/15/2017,HBIN_1739,
PL621,170425_Light Tension,5/12/2017,Jupiter Films,Murder Calls (etc.),,,
PL284,170425_MURDERCALLS_17,2/15/2017,Jupiter Films,Murder Calls (etc.),,HBIN_1740,
PL378,170425_TFRG_20 VICE,4/25/2017,CINEFLIX NY,The Filthy Rich Guide,,HBIN_1741,
PL612,170501_Country,5/12/2017,CINEFLIX NY,American Pickers,05/01/2017,,
PL613,170501_Dramatic Tension,5/12/2017,Jupiter Films,Murder Calls (etc.),,,
PL614,170501_Electronica Tension,5/12/2017,Jupiter Films,Murder Calls (etc.),,,
PL615,170501_Garage Rock,5/12/2017,CINEFLIX NY,American Pickers,05/01/2017,,
PL617,170501_Hippie Jam Band,5/12/2017,CINEFLIX NY,American Pickers,05/01/2017,,
PL623,170501_SOUNDTRACK Piano Featured,5/12/2017,Jupiter Films,Murder Calls (etc.),,,
PL624,170501_Southern Rock,5/12/2017,CINEFLIX NY,American Pickers,05/01/2017,,
PL625,170501_Tense Drones,5/12/2017,Jupiter Films,Murder Calls (etc.),,,
PL358,170502_AP8_78,4/7/2017,CINEFLIX NY,American Pickers,05/02/2017,HBIN_1742,
PL379,170505_AP8_79,4/25/2017,CINEFLIX NY,American Pickers,05/05/2017,HBIN_1743,
PL386,170510_AP9_01,5/1/2017,CINEFLIX NY,American Pickers,05/10/2017,HBIN_1744,
PL398,170511_Indie Folk,5/12/2017,Scott Sternberg Productions,,,,
PL398,170511_Sternberg_IndieFolk_01,5/8/2017,Scott Sternberg Productions,,,HBIN_1745,
PL730,170522_AP9_02,5/22/2017,CINEFLIX NY,American Pickers,05/22/2017,HBIN_1747,
PL360,170522_TFRG_19,4/10/2017,CINEFLIX NY,The Filthy Rich Guide,,HBIN_1746,
PL781,170531_AP9_03,5/31/2017,CINEFLIX NY,American Pickers,05/31/2017,HBIN_1749,
PL795,170612_AP9_04,6/12/2017,CINEFLIX NY,American Pickers,06/12/2017,HBIN_1750,
PL796,170612-AP9_FRENCH,6/12/2017,CINEFLIX NY,American Pickers,06/12/2017,HBIN_1751,
PL883,170720_AP9_05,7/20/2017,CINEFLIX NY,American Pickers,07/20/2017,,
PL941,170815_AP9_06,8/14/2017,CINEFLIX NY,American Pickers,08/15/2017,,
PL968,170905_AP9_07,9/5/2017,CINEFLIX NY,American Pickers,09/05/2017,HBIN_1755,
PL994,170911_AP9_08,9/8/2017,CINEFLIX NY,American Pickers,09/11/2017,HBIN_1756,
PL1001,171002_AP9_09,10/2/2017,CINEFLIX NY,American Pickers,10/02/2017,HBIN_1757,
PL1021,171024_AP9_10,10/24/2017,CINEFLIX NY,American Pickers,10/24/2017,HBIN_1758,
PL1022,171025_AP9_11,10/24/2017,CINEFLIX NY,American Pickers,10/25/2017,HBIN_1758,
PL1039,171113_AP9_13 JAZZ,11/13/2017,CINEFLIX NY,American Pickers,11/13/2017,HBIN_1761,
PL1044,171115_Intake Bin_02,11/15/2017,Haus Internal,,,,
PL820,171115_IntakeBin_01,6/20/2017,Haus Internal,,,,
PL1047,171117_YoungHipHop,11/17/2017,LEFT/RIGHT TV,,11/17/2017,HBIN_1760,
PL1035,171119_AP9_12,11/10/2017,CINEFLIX NY,American Pickers,11/19/2017,,
PL1056,171205_Citizen Trump,12/5/2017,LEFT/RIGHT TV,Citizen Trump,12/5/2017,1763,
PL1085,180118_AP9_Carnival,1/18/2018,CINEFLIX NY,American Pickers,,,
PL1095,180205_AP9_20,2/5/2018,CINEFLIX NY,American Pickers,2/5/2018,HBIN_1807,
PL1115,180216_AP9 24,2/16/2018,Haus Internal,American Pickers,2/16/2018,HBIN_1812,
PL1114,180216_AP9_SpecialOp_Dramatic Tension,2/16/2018,CINEFLIX NY,American Pickers,,,
PL1118,180220_AP9_25,2/20/2018,Haus Internal,American Pickers,2/21/2018,HBIN_1812,
PL1119,180220_AP9_26,2/20/2018,CINEFLIX NY,American Pickers,2/21/2018,HBIN_1813,
PL1122,180222_AP9_28,2/22/2018,CINEFLIX NY,American Pickers,,,
PL1124,180223_AP9_29,2/23/2018,CINEFLIX NY,American Pickers,2/23/2018,HBIN_1816,
PL1136,180228_AP9_30 Luau Plus,2/28/2018,CINEFLIX NY,American Pickers,,,
PL1186,180315_AP9_31,3/15/2018,CINEFLIX NY,American Pickers,3/15/2018,1818,
PL1190,180327_AP9_32,3/27/2018,CINEFLIX NY,American Pickers,3/27/2018,HBIN_1819,
PL1193,180329_AP9_33,3/29/2018,CINEFLIX NY,American Pickers,3/29/2018,HBIN_1820,
PL1592,181026_AP_DANIELSAN,10/27/2018,Haus Internal,,,,
PL1671,190321_ModernMillenial,3/22/2019,CINEFLIX NY,,3/21/2019,SA PLAYLIST,
PL1672,190321_ModernMillenial2,3/22/2019,CINEFLIX NY,,3/21/2019,SA PLAYLIST,
PL1692,190410_AP1023 KSL Huey Lewis,4/10/2019,CINEFLIX NY,American Pickers,4/10/2019,HBIN1929,
PL2323,190806_LeftRight_Army Wives (LP),8/6/2019,LEFT/RIGHT TV,,8/6/2019,HBIN_1955,
PL1661,1910308_AETN SONGS FOR AP10,3/8/2019,CINEFLIX NY,American Pickers,3/15/2019,,All of these songs were given to A&E
PL2378,191108_LP_HBO Surf Teaser,11/8/2019,HBO,,11/8/2019,,
PL2381,191108_LR_LP Hip Hop and POP,11/11/2019,LEFT/RIGHT TV,,11/8/2019,HBIN_1969,
PL2365,191108_OGILVYDE_Romantic Ideas,10/31/2019,Ogilvy DE,,11/8/2019,NONE,
PL3018,191217_ADJ_Six + One BRONX ZOO Holiday Lights,5/27/2021,CL026,,12/17/2019,,
PL2431,200111_LR_JSwim LIBRARY PULL,1/13/2020,LEFT RIGHT,Johnny Swim,1/13/2020,HBIN_2004,
PL3020,200207_SMALL ARMY_Kennebunk Savings Bank,6/2/2021,CL043,,02/07/2020,,
PL2500,200421_ALEX_Kinderbatallion LP,4/22/2020,Haus Internal,,4/21/2020,N/A,
PL3206,201112_Six+One_BronxZooChristmas_ROUND1,4/13/2022,Six + One,,11/12/2020,,
PL3143,201210_MELILLO_Udemy Educational,1/17/2022,CL033,,12/10/2020,,
PL3087,210122_Role Players Movie DRONES,8/31/2021,CL062,Role Players Movie,6/16/2021,,
PL3088,210122_Role Players Movie EPIC,8/31/2021,CL062,Role Players Movie,6/16/2021,,
PL3089,210122_Role Players Movie FULL,8/31/2021,CL062,Role Players Movie,6/16/2021,,
PL3090,210122_Role Players Movie Melancholic,8/31/2021,CL062,Role Players Movie,6/16/2021,,
PL3091,210122_Role Players Movie TENSE BEATS,8/31/2021,CL062,Roleplayers Movie,6/16/2021,,
PL3092,210122_Role Players Movie TENSE PULSE,8/31/2021,CL062,Role Players Movie,6/16/2021,,
PL2858,210129_Max's Special OP,1/29/2021,CL009,American Pickers,1/29/2021,HBIN_2112,
PL3033,210420_Six+One_BronxZoo_Eric Carle,6/9/2021,CL026,Bronx Zoo,4/20/2021,,
PL3145,210427_MELILLO_Truist LP,1/17/2022,Melillo Music,,04/27/2021,,
PL3144,210812_SCHOLZ_Sparkasse UEFA,1/17/2022,CL067,,8/12/2021,,
PL3133,210830_FILM DIMENSION_E-Cars,12/17/2021,CL059,,8/30/2021,,
PL3139,210901_FANZONE_Wolfsburg Launch,1/13/2022,CL055,,9/1/2021,,
PL3141,211007_THE CIRCUS_Texas,1/13/2022,LEFT RIGHT,The Circus,10/7/2021,,
PL3146,211014_MELILLO_Truist Caremaker,1/17/2022,Melillo Music,,10/14/2021,,
PL3132,211201_Bayrischer_Spaghetti Western,12/17/2021,CL064,,12/1/2021,,
PL3131,211210_PLATINUM_Anthro2_70s RETRO_new music,12/10/2021,Platinum Rye,,12/9/2021,,
PL3148,"211221_PLATINUM_Anthropologie 2 LP ""Footloose""",1/17/2022,Platinum Rye,,12/21/2021,,
PL3226,220422_SIX+ONE_Spectrum Mobile LP1,4/29/2022,Six + One,,4/22/2022,,
PL3220,220428_SIX+ONE_Spectrum Mobile LP2,4/29/2022,Six + One,,4/28/2022,,
PL3303,221111_SHMV_04,11/11/2022,Truly Original,Summer House: Martha's Vineyard,11/11/2022,HBIN_2250,
PL3304,221111_SHMV_05,11/11/2022,Truly Original,Summer House: Martha's Vineyard,11/11/2022,HBIN_2250,
PL3337,230322_LP_6+1 Bronx Zoo Jungle 1,3/28/2023,Six + One,,3/22/2023,,
PL3338,230323_LP_6+1 Bronz Zoo Jungle 2,3/28/2023,Six + One,,3/23/2023,,
PL3340,230328_LP_SHMV Usher2,3/28/2023,Truly Original,SUMMER HOUSE: Martha's Vineyard,3/28/2023,We Transfer,
PL3339,230328_LP_SHMV_Usher1,3/28/2023,Truly Original,Summer House Martha's Vineyard,3/28/2023,WE TRANSFER,
PL3407,231207_VPR11_12,12/7/2023,Evolution Media,Vanderpump Rules,12/8/2023,HBIN_2368,
PL3584,240108_HAVAS_WellsFargo_BeachNative,1/22/2025,HAVAS Worldwide NY,240108_HAVAS_WellsFargo_BeachNative,1/8/2024,,
PL3585,240108_HAVAS_WellsFargo_BeachWatermelon,1/22/2025,HAVAS Worldwide NY,AJ240109 WELLS FARGO TIK TOK,1/9/2024,,
PL3586,240108_HAVAS_WellsFargo_Expand Horizons,1/22/2025,HAVAS Worldwide NY,AJ240109 WELLS FARGO TIK TOK,1/9/2024,,
PL3414,240110_Hip Hop Dramedy Double Lot,1/10/2024,Evolution Media,Vanderpump Rules,1/12/2024,HBIN_2401,
PL3415,240110_Hip Hop Dramedy Double Lot SHMV,1/12/2024,Truly Original,SUMMER HOUSE:Martha's Vineyard Season 2,1/12/2024,HBIN_.2402,
PL3655,250726_SOHO4_Film Score_Mysterious,7/28/2025,Haymaker East,Southern Hospitality Season 4,7/28/2025,HBIN_2547,
PL3656,250726_SOHO4_FILM SCORE_Tension,7/29/2025,Haymaker East,Southern Hospitality Season 4,7/28/2025,HBIN_2547,
PL3654,250726_SOHO4_LiteTension,7/28/2025,Haymaker East,Southern Hospitality Season 4,7/28/2025,HBIN_2547,
PL3657,250801_SOHO4_More EDM,8/4/2025,Haymaker East,Southern Hospitality Season 4,8/1/2025,HBIN_2551,
PL3666,250819_INTAKE LOT_SOHO4_05 EDM (EX),8/26/2025,Haymaker East,Southern Hospitality Season 4,8/29/2025,HBIN_2560,
PL3667,250827_INTAKE LOT_SOHO4_06 TENSION (EX),8/29/2025,Haymaker East,Southern Hospitality Season 4,8/29/2025,HBIN_2561,
PL2854,ADJOB_201204_NORTHNOTE_CLOUD 9,1/27/2021,Haus Internal,,1/25/2021,,
PL2855,ADJOB_201228_NORTHNOTE_JagPace,1/28/2021,North Note,,1/29/2021,LIST,
PL2853,ADJOB_210110_SIXPLUSONE_SPECTRUM GAMERS,1/27/2021,Six + One,,1/27/2021,,
PL2878,ADJOB_210207_BRONX ZOO_BEEGEES,2/18/2021,Six + One,,2/10/2021,,
PL3136,AJ | 210821_LOONEY_Bahlsen_ROUND1,1/13/2022,Looney Advertising,,8/21/2021,,
PL3137,AJ | 210821_LOONEY_Bahlsen_ROUND2,1/13/2022,Looney Advertising,,8/21/2021,,
PL3135,AJ | 210921_LOONEY_Chubb,1/13/2022,Looney Advertising,,9/21/2021,,
PL3142,AJ | 211105 GOLDENEN_Round1 Modern Funk,1/13/2022,Zum Goldenen Hirschen,,11/5/2021,,
PL3140,AJ | 211105_ZumGoldenen_TBC,1/13/2022,CL066,,11/23/2021,,
PL3640,AJ | 241025 PUBLICIS Eliquis LP Part 2 Round 1,7/16/2025,PUBLICIS Health.Pfizer,,6/12/2025,DISCO,
PL3638,AJ | 241025_PUBLICIS Eliquis LP,7/16/2025,PUBLICIS Health.Pfizer,,7/15/2025,DISCO,
PL3639,AJ | 241025_PUBLICIS Eliquis_Round4,7/16/2025,PUBLICIS Health.Pfizer,,1/29/2025,DISCO,
PL3642,AJ | PFIZER Paxlovid Board-O-Matic LP PaintNSip,7/16/2025,PUBLICIS New York,,3/26/2025,WETXFR,
PL3641,AJ | PFIZER Paxlovid Board-O-Matic LP Superfan,7/16/2025,PUBLICIS New York,,3/26/2025,WETXFR,
PL1513,AJ 180830_LEIJAS SPECTRUM_FASHIONISTA,9/5/2018,Leijas ,,,,
PL1514,AJ 180830_LEIJAS SPECTRUM_FORTNITE SOLDIER,9/5/2018,Leijas ,,,,
PL1515,AJ 180830_LEIJAS SPECTRUM_HORROR,9/5/2018,Leijas ,,,,
PL1516,AJ 180830_LEIJAS SPECTRUM_QVC U LATER,9/5/2018,Leijas ,,,,
PL1511,AJ_180830_Leijas Spectrum_Ballerina,9/5/2018,Leijas ,,,,
PL1512,AJ_180830_Leijas Spectrum_Bipartisan,9/5/2018,Leijas ,,,,
PL2521,AJ_200514_N-NOTE | VIBRANT ALCOHOL,5/15/2020,North Note,,5/15/2020,,
PL3207,AJ_201116_Six+One_BronxZooChristmas_ROUND2,4/13/2022,Six + One,,11/16/2020,,
PL3208,AJ_201117_SIX+ONE_BronxZooChristmas_ROUND3,4/13/2022,Six + One,,11/17/2020,,
PL3209,AJ_201117_SIX+ONE_BronxZooChristmas_ROUND4,4/13/2022,Six + One,,11/17/2020,,
PL3071,AJ_210812_SHOLZ_Sparkasse,8/13/2021,Sholz + Friends,,08/12/2021,,
PL3125,AJ_211018_IBM,11/8/2021,Karl Westman,,10/18/2021,,
PL3128,AJ_211202_PLATINUMRYE_Men's Grooming_NEW MAMBO,12/2/2021,Platinum Rye,,12/02/2021,,
PL3185,AJ_211222_80s BOUNCE,1/25/2022,Platinum Rye,,12/22/2021,,
PL3228,AJ_220302_DINOZOO,6/30/2022,Six + One,,3/15/2022,,
PL3227,AJ_220619_ALLIANZ_BBDO,6/30/2022,BBDO Dusseldorf,,6/19/2022,,
PL3595,AJ_240229_SixPlusOne_SpectrumMovers_Animation_1,3/19/2025,Six + One,,,,
PL3596,AJ_240229_SixPlusOne_SpectrumMovers_Animation_2,4/1/2025,Six + One,,5/2/2024,,
PL3601,AJ_240229_SixPlusOne_SpectrumMovers_Animation_3,4/1/2025,Six + One,,5/7/2024,,
PL3597,AJ_240229_SixPlusOne_SpectrumMovers_FirstDinner_1,4/1/2025,Six + One,,5/3/2024,,
PL3598,AJ_240229_SixPlusOne_SpectrumMovers_FirstDinner_2,4/1/2025,Six + One,,5/6/2024,,
PL3602,AJ_240229_SixPlusOne_SpectrumMovers_FirstMission,4/1/2025,Six + One,,5/13/2024,,
PL3603,AJ_240229_SixPlusOne_SpectrumMovers_FirstNap,4/1/2025,Six + One,,5/13/2024,,
PL3599,AJ_240229_SixPlusOne_SpectrumMovers_FirstStream_1,4/1/2025,Six + One,,5/3/2024,,
PL3600,AJ_240229_SixPlusOne_SpectrumMovers_FirstStream_2,4/1/2025,Six + One,,5/6/2024,,
PL3604,AJ_240229_VLMY&R_Wahl_1,4/1/2025,VLMY&R,,2/29/2024,,
PL3607,AJ_240312_DigitasHealth_Pfizer_David_1,4/1/2025,Digitas Health,,3/12/2024,,
PL3608,AJ_240401_DigitasHealth_Pfizer_Seasonless_1,4/1/2025,Digitas Health,,4/1/2024,,
PL3609,AJ_240401_DigitasHealth_Pfizer_Seasonless_2,4/1/2025,Digitas Health,,4/1/2024,,
PL3605,AJ_240411_VLMY&R_Wahl_2,4/1/2025,VLMY&R,,4/11/2024,,
PL3610,AJ_240426_VLMY&R_Phillips66,4/1/2025,VLMY&R,,4/26/2024,,
PL3606,AJ_240503_VLMY&R_Wahl_3,4/1/2025,VLMY&R,,5/3/2024,,
PL3611,AJ_240507_PublicisHealth_Breathless_1,4/1/2025,Publicis Health,,5/7/2024,,
PL3612,AJ_240508_PublicisHealth_Breathless_2,4/1/2025,Publicis Health,,5/8/2024,,
PL3613,AJ_240605_PublicisHealth_PrevnarRadio,4/1/2025,Publicis Health,,6/17/2024,,
PL3614,AJ_240611_McCann_DrivingSpot,4/1/2025,McCann,,5/24/2023,,
PL3615,AJ_240703_PublicisHealth_Paxlovid Boardomatics,4/1/2025,Publicis Health,,7/3/2024,,
PL3616,AJ_240712_Six+One_SPECTRUM_Brooklyn,4/1/2025,Six + One,,7/12/2024,,
PL3617,AJ_240712_Six+One_SPECTRUM_Manhattan,4/1/2025,Six + One,,7/12/2024,,
PL3618,AJ_240712_Six+One_SPECTRUM_Queens,4/1/2025,Six + One,,7/12/2024,,
PL3619,AJ_240712_Six+One_SPECTRUM_Staten Island,4/1/2025,Six + One,,7/12/2024,,
PL3620,AJ_24808_CREATIVE LICENSE_Marching Band,4/1/2025,Creative License,,8/8/2024,,
PL1624,AP1001,12/14/2018,CINEFLIX NY,American Pickers,,,This is a combination of SPEC OP_181204 & SPEC OP_181212
PL1631,AP1002,1/24/2019,CINEFLIX NY,American Pickers,12/14/2018,HBIN_1869,
PL1632,AP1003_MANLY,1/24/2019,CINEFLIX NY,American Pickers,12/17/2018,HBIN_1870,
PL1633,AP1004,1/24/2019,CINEFLIX NY,American Pickers,1/11/2019,HBIN_1901,
PL1634,AP1005,1/24/2019,CINEFLIX NY,American Pickers,1/14/2019,HBIN_1902,
PL1636,AP1006,1/24/2019,CINEFLIX NY,American Pickers,1/17/2019,HBIN_1903,
PL1637,AP1007,1/24/2019,Cineflix NY,American Pickers,1/21/2019,HBIN_1904,
PL1638,AP1008,1/24/2019,Cineflix NY,American Pickers,1/23/2019,HBIN_1905,
PL1640,AP1009,1/24/2019,CINEFLIX NY,American Pickers,1/24/2019,HBIN_1906,
PL1649,AP1014_Manly 1 + 2,2/13/2019,CINEFLIX NY,American Pickers,2/13/2019,HBIN_1914,
PL1655,AP1015,3/6/2019,CINEFLIX NY,American Pickers,3/1/2019,HBIN_1917,
PL1657,AP1017,3/6/2019,CINEFLIX NY,American Pickers,3/4/2019,HBIN_1918,
PL1658,AP1018,3/6/2019,CINEFLIX NY,American Pickers,3/6/2019,HBIN_1919,
PL1659,AP1019,3/6/2019,CINEFLIX NY,American Pickers,3/6/2019,HBIN_1920,
PL1675,AP1020,3/27/2019,CINEFLIX NY,American Pickers,3/27/2019,HBIN_1926,
PL1696,AP1021,4/12/2019,CINEFLIX NY,American Pickers,4/8/2019,HBIN1927,
PL1697,AP1022,4/12/2019,CINEFLIX NY,American Pickers,4/9/2019,HBIN_1928,
PL1698,AP1024,4/12/2019,CINEFLIX NY,American Pickers,4/12/2019,HBIN_1930,Duplicate of INTAKE LOT_190304
PL1703,AP1025,4/18/2019,CINEFLIX NY,American Pickers,4/17/2019,HBIN_1931,
PL1704,AP1026,4/18/2019,CINEFLIX NY,American Pickers,4/18/2019,HBIN_1932,
PL1718,AP1027,4/29/2019,CINEFLIX NY,American Pickers,4/29/2019,HBIN1934,
PL1732,AP1029,5/22/2019,CINEFLIX NY,American Pickers,5/22/2019,,
PL2170,AP1030,6/20/2019,CINEFLIX NY,American Pickers,6/5/2019,HBIN1939,
PL1861,AP1031,6/11/2019,CINEFLIX NY,American Pickers,6/11/2019,HBIN1940,Tense Drones
PL2151,AP1032,6/18/2019,CINEFLIX NY,American Pickers,6/18/2019,HBIN_1941,Duplicate of lot SPEC OP_190617_BUNDY_1
PL2206,AP1034,7/9/2019,Cineflix NY,American Pickers,6/25/2019,HBIN_1944,
PL2207,AP1035,7/9/2019,CINEFLIX NY,American Pickers,6/26/2019,HBIN_1945,
PL2317,AP1036,7/29/2019,CINEFLIX NY,American Pickers,7/29/2019,HBIN_1954,
PL2344,AP1037_SALOON PIANO,9/17/2019,CINEFLIX NY,American Pickers,9/17/2019,,HBIN_1962
PL2361,AP1038,10/31/2019,CINEFLIX NY,American Pickers,8/30/2019,HBIN1957,
PL2362,AP1039,10/31/2019,CINEFLIX NY,American Pickers,9/3/2019,HBIN1958,
PL2363,AP1040,10/31/2019,CINEFLIX NY,American Pickers,9/4/2019,HBIN1959,
PL2364,AP1041,10/31/2019,CINEFLIX NY,American Pickers,9/25/2019,HBIN1962,
PL2366,AP1042,10/31/2019,CINEFLIX NY,American Pickers,10/10/2019,HBIN1965,
PL2368,AP1043,10/31/2019,CINEFLIX NY,American Pickers,8/25/2019,HBIN1966,
PL2367,AP1044,10/31/2019,CINEFLIX NY,American Pickers,8/25/2019,HBIN1967,
PL2369,AP1045,10/31/2019,CINEFLIX NY,American Pickers,10/31/2019,HBIN1968,
PL2377,AP1046,11/8/2019,CINEFLIX NY,American Pickers,11/8/2019,,This is a duplicate of Jupiter Football Bin1
PL2444,AP1059,1/28/2020,CL009,American Pickers,1/28/2020,HBIN_2009,
PL2835,AP1069,12/9/2020,CL009,American Pickers,12/9/2020,HBIN_2060,
PL2836,AP1070,12/9/2020,CL009,American Pickers,12/9/2020,HBIN_2062,
PL311,AP8_68,2/21/2017,CINEFLIX NY,American Pickers,3/2/2017,HBIN_1723,
PL312,AP8_70,2/21/2017,CINEFLIX NY,American Pickers,3/15/2017,HBIN_1727,
PL325,AP8_71,3/8/2017,CINEFLIX NY,American Pickers,8_/71/20AP,HBIN_1730,
PL338,AP8_73,3/20/2017,CINEFLIX NY,American Pickers,4/6/2017,HBIN_1733,
PL343,AP8_74,3/27/2017,CINEFLIX NY,American Pickers,4/6/2017,HBIN_1734,
PL368,AP8_KITTY_01,4/13/2017,CINEFLIX NY,American Pickers,3/2/2017,HBIN_1722,
PL1599,AP9 69,11/5/2018,CINEFLIX NY,American Pickers,11/2/2018,HBIN_1858,
PL1600,AP9 Asia Garden,11/6/2018,Cineflix NY,American Pickers,11/5/2018,HBIN1859,
PL1463,AP9 Special GOSPEL PLUS,7/11/2018,CINEFLIX NY,American Pickers,7/11/2018,HBIN_1831,
PL1477,AP9 Special Op MOMENTUM,7/23/2018,CINEFLIX NY,American Pickers,7/13/2018,HBIN_1838,
PL1478,AP9 Special Op NERDS,7/23/2018,CINEFLIX NY,American Pickers,6/14/2018,HBIN_1840,
PL1096,AP9_14 Alternative Rock,2/5/2018,CINEFLIX NY,American Pickers,,,
PL1097,AP9_15 CLASSIC ROCK,2/5/2018,CINEFLIX NY,American Pickers,,,
PL1098,AP9_16 Film Scores,2/5/2018,CINEFLIX NY,American Pickers,,,
PL1099,AP9_17 JAZZ,2/5/2018,CINEFLIX NY,American Pickers,,,
PL1109,AP9_23,2/8/2018,CINEFLIX NY,American Pickers,2/8/2018,HBIN_1810,
PL1298,AP9_35,5/3/2018,CINEFLIX NY,American Pickers,5/1/2018,HBIN_1822,
PL1299,AP9_36,5/3/2018,CINEFLIX NY,American Pickers,5/2/2018,HBIN_1823,
PL1304,AP9_37,5/7/2018,CINEFLIX NY,American Pickers,5/2/2018,HBIN_1825,
PL1305,AP9_38,5/8/2018,CINEFLIX NY,American Pickers,5/7/2018,HBIN_1826,
PL1306,AP9_39,5/8/2018,CINEFLIX NY,American Pickers,5/8/2018,HBIN_1829,
PL1311,AP9_40,5/11/2018,CINEFLIX NY,American Pickers,5/11/2018,HBIN_1828,
PL1312,AP9_41,5/11/2018,CINEFLIX NY,American Pickers,5/11/2018,HBIN_1829,
PL1400,AP9_43 Special Op HEAT,5/30/2018,CINEFLIX NY,American Pickers,5/30/2018,HBIN_1831,
PL1413,AP9_44,6/6/2018,CINEFLIX NY,American Pickers,6/6/2018,HBIN_1832,
PL1420,AP9_45,6/8/2018,CINEFLIX NY,American Pickers,6/8/2018,HBIN_1833,
PL1421,AP9_46,6/8/2018,CINEFLIX NY,American Pickers,6/11/2018,HBIN_1834,
PL1423,AP9_46,6/11/2018,CINEFLIX NY,American Pickers,6/11/2018,HBIN_1834,
PL1424,AP9_47,6/12/2018,CINEFLIX NY,American Pickers,6/12/2018,HBIN_1835,
PL1425,AP9_48,6/12/2018,CINEFLIX NY,American Pickers,6/13/2018,HBIN_1836,
PL1426,AP9_49,6/12/2018,CINEFLIX NY,American Pickers,6/15/2018,HBIN_1837,
PL1476,AP9_50,7/23/2018,CINEFLIX NY,,6/20/2018,HBIN_1839,
PL1446,AP9_52 Military Action,7/3/2018,CINEFLIX NY,American Pickers,7/3/2018,HBIN_1841,
PL1479,AP9_53,7/23/2018,CINEFLIX NY,American Pickers,7/9/2018,HBIN_1842,
PL1480,AP9_54,7/23/2018,CINEFLIX NY,American Pickers,7/10/2018,HBIN_1843,
PL1481,AP9_55,7/23/2018,CINEFLIX NY,American Pickers,7/18/2018,HBIN_1844,
PL1482,AP9_56,7/23/2018,CINEFLIX NY,American Pickers,7/23/2018,HBIN_1845,
PL1487,AP9_58,8/1/2018,CINEFLIX NY,American Pickers,7/31/2018,HBIN_1847,
PL1488,AP9_59,8/1/2018,CINEFLIX NY,American Pickers,8/1/2018,HBIN_1848,
PL1501,AP9_64,8/23/2018,CINEFLIX NY,American Pickers,8/15/2018,HBIN_1853,
PL1502,AP9_65,8/23/2018,CINEFLIX NY,American Pickers,8/23/2018,HBIN_1854,
PL1504,AP9_66,8/23/2018,CINEFLIX NY,American Pickers,8/23/2018,HBIN_1855,
PL1605,AP968,11/9/2018,Cineflix NY,American Pickers,10/9/2018,HBIN_1857,
PL1601,AP971,11/7/2018,CINEFLIX NY,American Pickers,11/7/2018,HBIN_1861,
PL1602,AP972,11/8/2018,CINEFLIX NY,American Pickers,11/8/2018,HBIN_1862,
PL1604,AP973,11/9/2018,CINEFLIX NY,American Pickers,11/9/2018,HBIN_1863,
PL1606,AP974,11/13/2018,CINEFLIX NY,American Pickers,11/13/2018,HBIN_1864,
PL1614,AP975,12/5/2018,CINEFLIX NY,American Pickers,11/21/2018,HBIN_1865,This lot was originally written for THE DEED Season 2
PL1615,AP976,12/5/2018,CINEFLIX NY,American Pickers,11/21/2018,HBIN_1866,
PL1609,AP977,11/21/2018,CINEFLIX NY,American Pickers,11/21/2018,HBIN_1867,
PL1647,AQUARIUM NEW SONGS,2/7/2019,LEFT RIGHT,,,,
PL1713,ARTIST FEAT_190424_ASHA,4/24/2019,Haus Internal,,,,Created for an Instagram Playlist
PL1714,ARTIST FEAT_190426_NOLAN ELECTRONIC,4/26/2019,Haus Internal,,,,
PL3380,BLANKET_Indie Film_ Advanced Chemistry,9/27/2023,"Sexy, Sexy Science",INDIE FILM_Advanced Chemistry,9/27/2023,DIRECT DOWNLOAD,
PL332,CFLIX_TFRG_16,3/16/2017,CINEFLIX NY,The Filthy Rich Guide,,HBIN_1731,
PL1720,CINEFLIX DEV_JusticeDeniedSizzler,5/1/2019,CINEFLIX NY,,5/1/2019,HBIN_1936,
PL859,CINEFLIX HAUS 1,7/6/2017,CINEFLIX NY,,,,
PL2318,CINEFLIX HAUS 10,7/29/2019,CINEFLIX NY,,,,
PL860,CINEFLIX HAUS 2,7/6/2017,CINEFLIX NY,,,,
PL861,CINEFLIX HAUS 3,7/6/2017,CINEFLIX NY,,,,
PL863,CINEFLIX HAUS 4,7/6/2017,CINEFLIX NY,,,,
PL862,CINEFLIX HAUS 5,7/6/2017,CINEFLIX NY,,,,
PL1015,CINEFLIX HAUS 6,10/3/2017,Haus Internal,,,,
PL1045,CINEFLIX HAUS 6,11/16/2017,Haus Internal,,,,
PL1588,CINEFLIX HAUS 8,10/9/2018,Cineflix NY,,,,
PL1705,CINEFLIX HAUS 9,4/18/2019,CINEFLIX NY,American Pickers,,,Bin location at Cineflix
PL1108,CINEFLIX_HAUS 7,2/6/2018,CINEFLIX NY,,,,
PL870,CINEFLIX_Lost Boys 1,7/13/2017,CINEFLIX NY,,,,
PL871,CINEFLIX_Lost Boys 2,7/13/2017,CINEFLIX NY,,,,
PL2678,CMLUPDATE  SIB,8/25/2020,LEFT RIGHT TV,,,,
PL2643,CMLUPDATE Film Score_Action,8/6/2020,LEFT RIGHT TV,,,,
PL2652,CMLUPDATE Film Score_Adventure,8/11/2020,LEFT RIGHT TV,,,,
PL2661,CMLUPDATE Heartland Rock,8/18/2020,LEFT RIGHT TV,,,,
PL2675,CMLUPDATE New Age,8/25/2020,LEFT RIGHT TV,,,,
PL2666,CMLUPDATE Old Timey,8/24/2020,LEFT RIGHT TV,,,,
PL2669,CMLUPDATE_ FS_FinalReel,8/24/2020,LEFT RIGHT TV,,,,
PL2630,CMLUpdate_50's Rock & Pop,7/30/2020,LEFT RIGHT TV,,,,
PL2638,CMLUPDATE_60's British Invasion,8/4/2020,LEFT RIGHT TV,,,,
PL2639,CMLUPDATE_60's Rock & Pop,8/4/2020,LEFT RIGHT TV,,,,
PL2640,CMLUPDATE_60's Surf,8/4/2020,LEFT RIGHT TV,,,,
PL2699,CMLUPDATE_80's_Hair Metal,9/3/2020,LEFT RIGHT TV,,,,
PL2700,CMLUPDATE_80's_New Wave,9/3/2020,LEFT RIGHT TV,,,,
PL2698,CMLUPDATE_80's_PopRock,9/3/2020,LEFT RIGHT TV,,,,
PL2701,CMLUPDATE_80's_Post Punk,9/3/2020,LEFT RIGHT TV,,,,
PL2725,CMLUPDATE_ALTERNATIVE_Assorted,9/21/2020,LEFT RIGHT TV,,9/21/2020,,
PL2716,CMLUPDATE_ALTERNATIVE_Funk Rock,9/21/2020,LEFT RIGHT TV,,9/21/2020,,
PL2717,CMLUPDATE_ALTERNATIVE_Garage Rock,9/21/2020,LEFT RIGHT TV,,9/21/2020,,
PL2718,CMLUPDATE_ALTERNATIVE_Grunge,9/21/2020,LEFT RIGHT TV,,9/21/2020,,
PL2720,CMLUPDATE_ALTERNATIVE_Indie,9/21/2020,LEFT RIGHT TV,,9/21/2020,,
PL2721,CMLUPDATE_ALTERNATIVE_Industrial,9/21/2020,LEFT RIGHT TV,,9/21/2020,,
PL2719,CMLUPDATE_ALTERNATIVE_Pop Punk,9/21/2020,LEFT RIGHT TV,,9/21/2020,,
PL2715,CMLUPDATE_ALTERNATIVE_Post Grunge,9/21/2020,LEFT RIGHT TV,,9/21/2020,,
PL2722,CMLUPDATE_ALTERNATIVE_Post Punk Revival,9/21/2020,LEFT RIGHT TV,,9/21/2020,,
PL2724,CMLUPDATE_ALTERNATIVE_Southern Rock,9/21/2020,LEFT RIGHT TV,,9/21/2020,,
PL2723,CMLUPDATE_ALTERNATIVE_Stoner Rock,9/21/2020,LEFT RIGHT TV,,9/21/2020,,
PL2642,CMLUPDATE_Ambient,8/5/2020,LEFT RIGHT TV,,,,
PL2641,CMLUPDATE_Blues,8/4/2020,LEFT RIGHT TV,,,,
PL2632,CMLUpdate_Christmas,7/30/2020,LEFT RIGHT TV,,,,
PL2708,CMLUPDATE_Classic Rock_ Acoustic,9/14/2020,LEFT RIGHT TV,,,,
PL2714,CMLUPDATE_CLASSIC ROCK_Assorted,9/14/2020,LEFT RIGHT TV,,,,
PL2709,CMLUPDATE_Classic Rock_Blues Rock,9/14/2020,LEFT RIGHT TV,,,,
PL2712,CMLUPDATE_CLASSIC ROCK_Hard Rock,9/14/2020,LEFT RIGHT TV,,,,
PL2713,CMLUPDATE_CLASSIC ROCK_Southern Rock,9/14/2020,LEFT RIGHT TV,,,,
PL2635,CMLUpdate_Classical,8/4/2020,LEFT RIGHT TV,,,,
PL2696,CMLUPDATE_Country,9/3/2020,LEFT RIGHT TV,,,,
PL2631,CMLUpdate_Dance Music Assorted,7/30/2020,Jupiter Entertainment,,,,
PL2646,CMLUPDATE_Dramatic Risers,8/10/2020,LEFT RIGHT TV,,,,
PL2679,CMLUPDATE_Drum Beats,8/25/2020,LEFT RIGHT TV,,,,
PL2636,CMLUpdate_Experimental Electronic,8/4/2020,LEFT RIGHT TV,,,,
PL2648,CMLUPDATE_Film Score_Battle,8/10/2020,LEFT RIGHT TV,,,,
PL2647,CMLUPDATE_Film Score_Dramatic Builds,8/10/2020,LEFT RIGHT TV,,,,
PL2645,CMLUPDATE_Film Score_Epic,8/10/2020,LEFT RIGHT TV,,,,
PL2649,CMLUPDATE_Film Score_Regal,8/10/2020,LEFT RIGHT TV,,,,
PL2684,CMLUPDATE_Folk,8/27/2020,LEFT RIGHT TV,,,,
PL2686,CMLUPDATE_FS Creepy Scary,8/31/2020,LEFT RIGHT TV,,,,
PL2651,CMLUPDATE_FS Defeated,8/10/2020,LEFT RIGHT TV,,,,
PL2694,CMLUPDATE_FS_CLT,9/2/2020,LEFT RIGHT TV,,,,
PL2690,CMLUPDATE_FS_Dramatic Tension,9/1/2020,LEFT RIGHT TV,,,,
PL2656,CMLUPDATE_FS_Fantasy Magical,8/12/2020,LEFT RIGHT TV,,,,
PL2692,CMLUPDATE_FS_Intrigue,9/1/2020,LEFT RIGHT TV,,,,
PL2691,CMLUPDATE_FS_Melancholic,9/1/2020,LEFT RIGHT TV,,,,
PL2689,CMLUPDATE_FS_Mysterious,9/1/2020,LEFT RIGHT TV,,,,
PL2670,CMLUPDATE_FS_Romantic,8/24/2020,LEFT RIGHT TV,,,,
PL2671,CMLUPDATE_FS_Sports,8/24/2020,LEFT RIGHT TV,,,,
PL2688,CMLUPDATE_FS_Tense Drones,9/1/2020,LEFT RIGHT TV,,,,
PL2697,CMLUPDATE_FS_Tension,9/3/2020,LEFT RIGHT TV,,,,
PL2680,CMLUPDATE_FS_Uplifting,8/25/2020,LEFT RIGHT TV,,,,
PL2672,CMLUPDATE_FS_Western,8/24/2020,LEFT RIGHT TV,,,,
PL2674,CMLUPDATE_FS_Whimsical,8/25/2020,LEFT RIGHT TV,,,,
PL2655,CMLUPDATE_Great American Songbook,8/12/2020,LEFT RIGHT TV,,,,
PL2650,CMLUPDATE_Heavy Metal,8/10/2020,LEFT RIGHT TV,,,,
PL2693,CMLUPDATE_Hip Hop,9/2/2020,LEFT RIGHT TV,,,,
PL2660,CMLUPDATE_House,8/17/2020,LEFT RIGHT TV,,,,
PL2682,CMLUPDATE_Jazz,8/26/2020,LEFT RIGHT TV,,,,
PL2683,CMLUPDATE_Light Tension,8/26/2020,LEFT RIGHT TV,,,,
PL2654,CMLUPDATE_Military & Marching Band,8/12/2020,LEFT RIGHT TV,,,,
PL2702,CMLUPDATE_POP_Dance,9/9/2020,LEFT RIGHT TV,,,,
PL2703,CMLUPDATE_POP_Electropop,9/9/2020,LEFT RIGHT TV,,,,
PL2704,CMLUPDATE_POP_Funk,9/9/2020,LEFT RIGHT TV,,,,
PL2705,CMLUPDATE_POP_R & B,9/9/2020,LEFT RIGHT TV,,,,
PL2706,CMLUPDATE_POP_Rock,9/9/2020,LEFT RIGHT TV,,,,
PL2707,CMLUPDATE_POP_Synthpop,9/9/2020,LEFT RIGHT TV,,,,
PL2667,CMLUPDATE_Religious,8/24/2020,LEFT RIGHT TV,,,,
PL2676,CMLUPDATE_Tense Beats,8/25/2020,LEFT RIGHT TV,,,,
PL2681,CMLUPDATE_Tense Pulses,8/26/2020,LEFT RIGHT TV,,,,
PL2668,CMLUPDATE_Traditional,8/24/2020,LEFT RIGHT TV,,,,
PL2673,CMLUPDATE_TV Game Show,8/25/2020,LEFT RIGHT TV,,,,
PL2687,CMLUPDATE_World Ethnic,8/31/2020,LEFT RIGHT TV,,,,
PL3353,DRIVE_iCrime FILM SCORE_Tense Drone,4/18/2023,Scott Sternberg Productions,iCrime,4/17/2023,FEDEX,
PL3354,DRIVE_iCrime FILM SCORE_Tense Pulse,4/18/2023,Scott Sternberg Productions,iCrime,4/17/2023,FEDEX,
PL3345,DRIVE_iCrime_FILM SCORE_Action,4/17/2023,Scott Sternberg Productions,iCrime,4/17/2023,FEDEX DRIVE,
PL3346,DRIVE_ICrime_FILM SCORE_Creepy Scary,4/17/2023,Scott Sternberg Productions,iCrime,4/17/2023,FEDEX,
PL3347,DRIVE_iCrime_FILM SCORE_Dramatic Tension,4/17/2023,Scott Sternberg Productions,iCrime,4/17/2023,FEDEX,
PL3348,DRIVE_iCrime_FILM SCORE_Intrigue,4/18/2023,Scott Sternberg Productions,iCrime,4/17/2023,FEDEX,
PL3349,DRIVE_iCrime_FILM SCORE_Light Tension,4/18/2023,Scott Sternberg Productions,iCrime,4/17/2023,FEDEX,
PL3350,DRIVE_iCrime_FILM SCORE_Mysterious,4/18/2023,Scott Sternberg Productions,iCrime,4/17/2023,FEDEX,
PL3351,DRIVE_iCrime_FILM SCORE_Serious,4/18/2023,Scott Sternberg Productions,iCrime,4/17/2023,FEDEX,
PL3352,DRIVE_iCrime_FILM SCORE_Tense Beat,4/18/2023,Scott Sternberg Productions,iCrime,4/17/2023,FEDEX,
PL3355,DRIVE_iCrime_FILM SCORE_Tension,4/19/2023,Scott Sternberg Productions,iCrime,4/17/2023,FEDEX,
PL2371,Dunkirk 1,10/31/2019,CINEFLIX NY,,10/25/2019,HBIN1966,
PL2370,Dunkirk1,10/31/2019,Jupiter Entertainment,,10/25/2019,HBIN1966,
PL3084,Film Dimensionen Berlin_ E-Cars USAGE list,8/30/2021,Film Dimensionen Berlin,,8/12/2021,,
PL817,FLIX_60's Rock and Pop,6/16/2017,CINEFLIX NY,,,,
PL804,FLIX_80's ROCK and POP,6/14/2017,CINEFLIX NY,,,,
PL806,FLIX_Alternative Rock,6/14/2017,CINEFLIX NY,,,,
PL807,FLIX_Alternative Rock_Acoustic,6/15/2017,CINEFLIX NY,,,,
PL808,FLIX_Classic Rock,6/15/2017,CINEFLIX NY,,,,
PL809,FLIX_Classic Rock_Acoustic,6/15/2017,CINEFLIX NY,,,,
PL810,FLIX_Country and Americana,6/15/2017,CINEFLIX NY,,,,
PL811,FLIX_FILM SCORE_Comic Light Tension,6/15/2017,CINEFLIX NY,,,,
PL812,FLIX_FILM SCORE_Dramatic Builds,6/15/2017,CINEFLIX NY,,,,
PL813,FLIX_Folk,6/15/2017,CINEFLIX NY,,,,
PL814,FLIX_Heartland Rock,6/15/2017,CINEFLIX NY,,,,
PL815,FLIX_World Ethnic,6/15/2017,CINEFLIX NY,,,,
PL842,HAUS_Ticking Tension,6/28/2017,CINEFLIX NY,,,HBIN_1752,
PL895,HIP HOP / RAP,7/26/2017,Haus Internal,,,,
PL405,HMBIN_1601_American Rock 1,5/9/2017,Scott Sternberg Productions,HARD DRIVE SUBMIT,,,
PL399,HMBIN_1601_American Rock 1 L/R,5/9/2017,LEFT/RIGHT TV,HARD DRIVE SUBMIT,,,
PL401,HMBIN_1601_American Rock 1 Weinberger,5/9/2017,Weinberger Media,HARD DRIVE SUBMIT,,,
PL404,HMBIN_1602 American Rock 2,5/9/2017,Weinberger Media,HARD DRIVE SUBMIT,,,
PL404,HMBIN_1602 American Rock 2,5/9/2017,Scott Sternberg Productions,HARD DRIVE SUBMIT,,,
PL402,HMBIN_1602_American Rock 2,5/9/2017,LEFT/RIGHT TV,HARD DRIVE SUBMIT,,,
PL409,HMBIN_1603 Rock and Roll,5/9/2017,LEFT/RIGHT TV,HARD DRIVE SUBMIT,,,
PL409,HMBIN_1603 Rock and Roll,5/9/2017,Scott Sternberg Productions,HARD DRIVE SUBMIT,,,
PL409,HMBIN_1603 Rock and Roll,5/9/2017,Weinberger Media,HARD DRIVE SUBMIT,,,
PL410,HMBIN_1604 Lite Tension 1,5/10/2017,LEFT/RIGHT TV,HARD DRIVE SUBMIT,,,
PL411,HMBIN_1604 Lite Tension 1,5/10/2017,Weinberger Media,HARD DRIVE SUBMIT,,,
PL412,HMBIN_1604 Lite Tension 1,5/10/2017,Scott Sternberg Productions,HARD DRIVE SUBMIT,,,
PL413,HMBIN_1605 Lite Tension 2,5/10/2017,LEFT/RIGHT TV,HARD DRIVE SUBMIT,,,
PL414,HMBIN_1605 Lite Tension 2,5/10/2017,Weinberger Media,HARD DRIVE SUBMIT,,,
PL415,HMBIN_1605 Lite Tension 2,5/10/2017,Scott Sternberg Productions,HARD DRIVE SUBMIT,,,
PL416,HMBIN_1606_Tension 1,5/10/2017,LEFT/RIGHT TV,HARD DRIVE SUBMIT,,,
PL417,HMBIN_1606_Tension 1,5/10/2017,Weinberger Media,HARD DRIVE SUBMIT,,,
PL418,HMBIN_1606_Tension 1,5/10/2017,Scott Sternberg Productions,HARD DRIVE SUBMIT,,,
PL419,HMBIN_1607 Tension 2,5/10/2017,LEFT/RIGHT TV,HARD DRIVE SUBMIT,,,
PL420,HMBIN_1607 Tension 2,5/10/2017,Weinberger Media,HARD DRIVE SUBMIT,,,
PL421,HMBIN_1607 Tension 2,5/10/2017,Scott Sternberg Productions,HARD DRIVE SUBMIT,,,
PL422,HMBIN_1608_Tense Drones 1,5/10/2017,LEFT/RIGHT TV,HARD DRIVE SUBMIT,,,
PL423,HMBIN_1608_Tense Drones 1,5/10/2017,Weinberger Media,HARD DRIVE SUBMIT,,,
PL424,HMBIN_1608_Tense Drones 1,5/10/2017,Scott Sternberg Productions,HARD DRIVE SUBMIT,,,
PL425,HMBIN_1610 Alternative Rock 1,5/10/2017,LEFT/RIGHT TV,HARD DRIVE SUBMIT,,,
PL426,HMBIN_1610 Alternative Rock 1,5/10/2017,Weinberger Media,HARD DRIVE SUBMIT,,,
Pl427,HMBIN_1610 Alternative Rock 1,5/10/2017,Scott Sternberg Productions,HARD DRIVE SUBMIT,,,
PL428,HMBIN_1611_Alternative Rock 2,5/10/2017,LEFT/RIGHT TV,HARD DRIVE SUBMIT,,,
PL429,HMBIN_1611_Alternative Rock 2,5/10/2017,Weinberger Media,HARD DRIVE SUBMIT,,,
PL430,HMBIN_1611_Alternative Rock 2,5/10/2017,Scott Sternberg Productions,HARD DRIVE SUBMIT,,,
PL431,HMBIN_1612_Classic Rock 1,5/10/2017,LEFT/RIGHT TV,HARD DRIVE SUBMIT,,,
PL432,HMBIN_1612_Classic Rock 1,5/10/2017,Weinberger Media,HARD DRIVE SUBMIT,,,
PL433,HMBIN_1612_Classic Rock 1,5/10/2017,Scott Sternberg Productions,HARD DRIVE SUBMIT,,,
PL434,HMBIN_1613 Classic Rock 2,5/10/2017,LEFT/RIGHT TV,HARD DRIVE SUBMIT,,,
PL435,HMBIN_1613 Classic Rock 2,5/10/2017,Weinberger Media,HARD DRIVE SUBMIT,,,
PL436,HMBIN_1613 Classic Rock 2,5/10/2017,Scott Sternberg Productions,HARD DRIVE SUBMIT,,,
PL437,HMBIN_1614 Garage Rock 1,5/10/2017,LEFT/RIGHT TV,HARD DRIVE SUBMIT,,,
PL438,HMBIN_1614 Garage Rock 1,5/10/2017,Weinberger Media,HARD DRIVE SUBMIT,,,
PL439,HMBIN_1614 Garage Rock 1,5/10/2017,Scott Sternberg Productions,HARD DRIVE SUBMIT,,,
PL440,HMBIN_1615 Americana 1,5/10/2017,LEFT/RIGHT TV,HARD DRIVE SUBMIT,,,
PL441,HMBIN_1615 Americana 1,5/10/2017,Weinberger Media,HARD DRIVE SUBMIT,,,
PL442,HMBIN_1615 Americana 1,5/10/2017,Scott Sternberg Productions,HARD DRIVE SUBMIT,,,
PL443,"HMBIN_1616 Acoustic, Americana, Country",5/10/2017,LEFT/RIGHT TV,HARD DRIVE SUBMIT,,,
PL444,"HMBIN_1616 Acoustic, Americana, Country",5/10/2017,Weinberger Media,HARD DRIVE SUBMIT,,,
PL445,"HMBIN_1616 Acoustic, Americana, Country",5/10/2017,Scott Sternberg Productions,HARD DRIVE SUBMIT,,,
PL446,HMBIN_1617 Garage Rock 2,5/10/2017,LEFT/RIGHT TV,HARD DRIVE SUBMIT,,,
PL447,HMBIN_1617 Garage Rock 2,5/10/2017,Weinberger Media,HARD DRIVE SUBMIT,,,
PL448,HMBIN_1617 Garage Rock 2,5/10/2017,Scott Sternberg Productions,HARD DRIVE SUBMIT,,,
PL449,HMBIN_1618 Southern Rock 1,5/10/2017,LEFT/RIGHT TV,HARD DRIVE SUBMIT,,,
PL450,HMBIN_1618 Southern Rock 1,5/10/2017,Weinberger Media,HARD DRIVE SUBMIT,,,
PL451,HMBIN_1618 Southern Rock 1,5/10/2017,Scott Sternberg Productions,HARD DRIVE SUBMIT,,,
PL452,HMBIN_1619 Southern Rock 2,5/10/2017,LEFT/RIGHT TV,HARD DRIVE SUBMIT,,,
PL453,HMBIN_1619 Southern Rock 2,5/10/2017,Weinberger Media,HARD DRIVE SUBMIT,,,
PL454,HMBIN_1619 Southern Rock 2,5/10/2017,Scott Sternberg Productions,HARD DRIVE SUBMIT,,,
PL455,HMBIN_1620 Country 1,5/10/2017,LEFT/RIGHT TV,HARD DRIVE SUBMIT,,,
Pl456,HMBIN_1620 Country 1,5/10/2017,Weinberger Media,HARD DRIVE SUBMIT,,,
PL457,HMBIN_1620 Country 1,5/10/2017,Scott Sternberg Productions,HARD DRIVE SUBMIT,,,
PL458,HMBIN_1621_American Rock 3,5/10/2017,LEFT/RIGHT TV,HARD DRIVE SUBMIT,,,
PL459,HMBIN_1621_American Rock 3,5/10/2017,Weinberger Media,HARD DRIVE SUBMIT,,,
PL460,HMBIN_1621_American Rock 3,5/10/2017,Scott Sternberg Productions,HARD DRIVE SUBMIT,,,
PL461,HMBIN_1622 Assorted Jazzy 1,5/10/2017,LEFT/RIGHT TV,HARD DRIVE SUBMIT,,,
PL462,HMBIN_1622 Assorted Jazzy 1,5/10/2017,Weinberger Media,HARD DRIVE SUBMIT,,,
PL463,HMBIN_1622 Assorted Jazzy 1,5/10/2017,Scott Sternberg Productions,HARD DRIVE SUBMIT,,,
PL464,HMBIN_1623 Orchestral Action 1,5/10/2017,LEFT/RIGHT TV,HARD DRIVE SUBMIT,,,
PL465,HMBIN_1623 Orchestral Action 1,5/10/2017,Weinberger Media,HARD DRIVE SUBMIT,,,
PL466,HMBIN_1623 Orchestral Action 1,5/10/2017,Scott Sternberg Productions,HARD DRIVE SUBMIT,,,
PL467,HMBIN_1624 Orchestral 1,5/10/2017,LEFT/RIGHT TV,HARD DRIVE SUBMIT,,,
PL468,HMBIN_1624 Orchestral 1,5/10/2017,Weinberger Media,HARD DRIVE SUBMIT,,,
PL469,HMBIN_1624 Orchestral 1,5/10/2017,Scott Sternberg Productions,HARD DRIVE SUBMIT,,,
PL470,HMBIN_1625 Blues 1,5/10/2017,LEFT/RIGHT TV,HARD DRIVE SUBMIT,,,
PL471,HMBIN_1625 Blues 1,5/10/2017,Weinberger Media,HARD DRIVE SUBMIT,,,
PL472,HMBIN_1625 Blues 1,5/10/2017,Scott Sternberg Productions,HARD DRIVE SUBMIT,,,
PL473,HMBIN_1626 Tension 3,5/10/2017,LEFT/RIGHT TV,HARD DRIVE SUBMIT,,,
PL474,HMBIN_1626 Tension 3,5/10/2017,Weinberger Media,HARD DRIVE SUBMIT,,,
PL475,HMBIN_1626 Tension 3,5/10/2017,Scott Sternberg Productions,HARD DRIVE SUBMIT,,,
PL476,HMBIN_1627 Spaghetti Western,5/10/2017,LEFT/RIGHT TV,HARD DRIVE SUBMIT,,,
PL477,HMBIN_1627 Spaghetti Western,5/10/2017,Weinberger Media,HARD DRIVE SUBMIT,,,
Pl478,HMBIN_1627 Spaghetti Western,5/10/2017,Scott Sternberg Productions,HARD DRIVE SUBMIT,,,
PL212,HMBIN_1701_Driving Alternative Rock,2/3/2017,LEFT/RIGHT TV,HARD DRIVE SUBMIT,,HMBIN_1701,
PL212,HMBIN_1701_Driving Alternative Rock,5/11/2017,Weinberger Media,HARD DRIVE SUBMIT,,,
PL212,HMBIN_1701_Driving Alternative Rock,5/11/2017,Scott Sternberg Productions,HARD DRIVE SUBMIT,,,
PL213,HMBIN_1702_Blues 2,2/3/2017,LEFT/RIGHT TV,MASSIVE TITLE TRANSFER 2,,HMBIN_1702,
PL213,HMBIN_1702_Blues 2,5/11/2017,Weinberger Media,HARD DRIVE SUBMIT,,,
PL213,HMBIN_1702_Blues 2,5/11/2017,Scott Sternberg Productions,HARD DRIVE SUBMIT,,,
PL214,HMBIN_1703_AcousticSingerSongwriter,2/4/2017,LEFT/RIGHT TV,MASSIVE TITLE TRANSFER 2,,HMBIN_1703,
PL214,HMBIN_1703_AcousticSingerSongwriter,5/11/2017,Weinberger Media,HARD DRIVE SUBMIT,,,
PL214,HMBIN_1703_AcousticSingerSongwriter,5/11/2017,Scott Sternberg Productions,HARD DRIVE SUBMIT,,,
PL215,HMBIN_1704_AltCountry AltFolk,2/4/2017,LEFT/RIGHT TV,MASSIVE TITLE TRANSFER 2,,HMBIN_1704,
PL215,HMBIN_1704_AltCountry AltFolk,5/11/2017,Weinberger Media,HARD DRIVE SUBMIT,,,
PL215,HMBIN_1704_AltCountry AltFolk,5/11/2017,Scott Sternberg Productions,HARD DRIVE SUBMIT,,,
PL216,HMBIN_1705_Disco 1,2/4/2017,LEFT/RIGHT TV,MASSIVE TITLE TRANSFER 2,,HMBIN_1705,
PL216,HMBIN_1705_Disco 1,5/11/2017,Weinberger Media,HARD DRIVE SUBMIT,,,
PL216,HMBIN_1705_Disco 1,5/11/2017,Scott Sternberg Productions,HARD DRIVE SUBMIT,,,
PL217,HMBIN_1706_Porn Music,2/5/2017,LEFT/RIGHT TV,MASSIVE TITLE TRANSFER 2,,HMBIN_1706,
PL217,HMBIN_1706_Porn Music,5/11/2017,Weinberger Media,HARD DRIVE SUBMIT,,,
PL217,HMBIN_1706_Porn Music,5/11/2017,Scott Sternberg Productions,HARD DRIVE SUBMIT,,,
PL218,HMBIN_1707_Funk And Soul,2/6/2017,LEFT/RIGHT TV,MASSIVE TITLE TRANSFER 2,,,
PL218,HMBIN_1707_Funk And Soul,5/11/2017,Weinberger Media,HARD DRIVE SUBMIT,,,
PL218,HMBIN_1707_Funk And Soul,5/11/2017,Scott Sternberg Productions,HARD DRIVE SUBMIT,,,
PL219,HMBIN_1708_Garage Rock 3,2/6/2017,LEFT/RIGHT TV,MASSIVE TITLE TRANSFER 2,,HMBIN_1707,
PL219,HMBIN_1708_Garage Rock 3,5/11/2017,Weinberger Media,104,,,
PL219,HMBIN_1708_Garage Rock 3,5/11/2017,Scott Sternberg Productions,HARD DRIVE SUBMIT,,,
PL220,HMBIN_1709_Alt Rock Assorted,2/6/2017,LEFT/RIGHT TV,MASSIVE TITLE TRANSFER 2,,,
PL220,HMBIN_1709_Alt Rock Assorted,5/11/2017,Weinberger Media,HARD DRIVE SUBMIT,,,
PL220,HMBIN_1709_Alt Rock Assorted,5/11/2017,Scott Sternberg Productions,HARD DRIVE SUBMIT,,,
PL221,HMBIN_1710_SOUNDTRACK_Action,2/6/2017,LEFT/RIGHT TV,MASSIVE TITLE TRANSFER 2,,,
PL221,HMBIN_1710_SOUNDTRACK_Action,5/11/2017,Weinberger Media,HARD DRIVE SUBMIT,,,
PL221,HMBIN_1710_SOUNDTRACK_Action,5/11/2017,Scott Sternberg Productions,HARD DRIVE SUBMIT,,,
PL258,HMBIN_1711_SOUNDTRACK_Intrigue,2/13/2017,LEFT/RIGHT TV,MASSIVE TITLE TRANSFER 2,,,
PL258,HMBIN_1711_SOUNDTRACK_Intrigue,5/11/2017,Weinberger Media,HARD DRIVE SUBMIT,,,
PL258,HMBIN_1711_SOUNDTRACK_Intrigue,5/11/2017,Scott Sternberg Productions,HARD DRIVE SUBMIT,,,
PL223,HMBIN_1712_SOUNDTRACK_Lite Tension,2/6/2017,LEFT/RIGHT TV,MASSIVE TITLE TRANSFER 2,,,
PL223,HMBIN_1712_SOUNDTRACK_Lite Tension,5/11/2017,Weinberger Media,HARD DRIVE SUBMIT,,,
PL223,HMBIN_1712_SOUNDTRACK_Lite Tension,5/11/2017,Scott Sternberg Productions,HARD DRIVE SUBMIT,,,
PL225,HMBIN_1713_TENSE BEATS,2/7/2017,LEFT/RIGHT TV,MASSIVE TITLE TRANSFER 2,,,
PL225,HMBIN_1713_TENSE BEATS,5/11/2017,Weinberger Media,HARD DRIVE SUBMIT,,,
PL225,HMBIN_1713_TENSE BEATS,5/11/2017,Scott Sternberg Productions,HARD DRIVE SUBMIT,,,
PL226,HMBIN_1714_Tense Drones,2/7/2017,LEFT/RIGHT TV,MASSIVE TITLE TRANSFER 2,,,
PL226,HMBIN_1714_Tense Drones,5/11/2017,Weinberger Media,HARD DRIVE SUBMIT,,,
PL226,HMBIN_1714_Tense Drones,5/11/2017,Scott Sternberg Productions,HARD DRIVE SUBMIT,,,
PL227,HMBIN_1715_Tension and Intrigue,2/7/2017,LEFT/RIGHT TV,MASSIVE TITLE TRANSFER 2,,,
PL227,HMBIN_1715_Tension and Intrigue,5/11/2017,Weinberger Media,HARD DRIVE SUBMIT,,,
PL227,HMBIN_1715_Tension and Intrigue,5/11/2017,Scott Sternberg Productions,HARD DRIVE SUBMIT,,,
PL228,HMBIN_1716_Lite Tension 5,2/7/2017,LEFT/RIGHT TV,MASSIVE TITLE TRANSFER 2,,,
PL228,HMBIN_1716_Lite Tension 5,5/11/2017,Weinberger Media,HARD DRIVE SUBMIT,,,
PL228,HMBIN_1716_Lite Tension 5,5/11/2017,Scott Sternberg Productions,HARD DRIVE SUBMIT,,,
PL229,HMBIN_1717_SOUNDTRACK_Dark Mystery,2/7/2017,LEFT/RIGHT TV,MASSIVE TITLE TRANSFER 2,,,
PL229,HMBIN_1717_SOUNDTRACK_Dark Mystery,5/11/2017,Weinberger Media,HARD DRIVE SUBMIT,,,
PL229,HMBIN_1717_SOUNDTRACK_Dark Mystery,5/11/2017,Scott Sternberg Productions,HARD DRIVE SUBMIT,,,
PL230,HMBIN_1718_SOUNDTRACK_Comic Tension,2/8/2017,LEFT/RIGHT TV,MASSIVE TITLE TRANSFER 2,,,
PL230,HMBIN_1718_SOUNDTRACK_Comic Tension,5/11/2017,Weinberger Media,HARD DRIVE SUBMIT,,,
PL230,HMBIN_1718_SOUNDTRACK_Comic Tension,5/11/2017,Scott Sternberg Productions,HARD DRIVE SUBMIT,,,
PL231,HMBIN_1719_American Rock 4,2/8/2017,LEFT/RIGHT TV,MASSIVE TITLE TRANSFER 2,,,
PL231,HMBIN_1719_American Rock 4,5/11/2017,Weinberger Media,HARD DRIVE SUBMIT,,,
PL231,HMBIN_1719_American Rock 4,5/11/2017,Scott Sternberg Productions,HARD DRIVE SUBMIT,,,
PL259,HMBIN_1720_American Rock 5,2/13/2017,LEFT/RIGHT TV,MASSIVE TITLE TRANSFER 2,,,
PL259,HMBIN_1720_American Rock 5,5/11/2017,Weinberger Media,HARD DRIVE SUBMIT,,,
PL259,HMBIN_1720_American Rock 5,5/11/2017,Scott Sternberg Productions,HARD DRIVE SUBMIT,,,
PL233,HMBIN_1721_American Rock 6,2/8/2017,LEFT/RIGHT TV,MASSIVE TITLE TRANSFER 2,,,
PL233,HMBIN_1721_American Rock 6,5/11/2017,Weinberger Media,HARD DRIVE SUBMIT,,,
PL233,HMBIN_1721_American Rock 6,5/11/2017,Scott Sternberg Productions,HARD DRIVE SUBMIT,,,
PL260,HMBIN_1722_American Rock 7,2/13/2017,LEFT/RIGHT TV,MASSIVE TITLE TRANSFER 2,,,
PL260,HMBIN_1722_American Rock 7,5/11/2017,Weinberger Media,HARD DRIVE SUBMIT,,,
PL260,HMBIN_1722_American Rock 7,5/11/2017,Scott Sternberg Productions,HARD DRIVE SUBMIT,,,
PL235,HMBIN_1723_Hard Rock 2,2/8/2017,LEFT/RIGHT TV,MASSIVE TITLE TRANSFER 2,,,
PL235,HMBIN_1723_Hard Rock 2,5/11/2017,Weinberger Media,HARD DRIVE SUBMIT,,,
PL235,HMBIN_1723_Hard Rock 2,5/11/2017,Scott Sternberg Productions,HARD DRIVE SUBMIT,,,
PL237,HMBIN_1725_Electronica and Techno,2/8/2017,LEFT/RIGHT TV,MASSIVE TITLE TRANSFER 2,,,
PL237,HMBIN_1725_Electronica and Techno,5/11/2017,Weinberger Media,HARD DRIVE SUBMIT,,,
PL237,HMBIN_1725_Electronica and Techno,5/11/2017,Scott Sternberg Productions,HARD DRIVE SUBMIT,,,
PL238,"HMBIN_1726_Indie Rock,Pop and Folk",2/8/2017,LEFT/RIGHT TV,MASSIVE TITLE TRANSFER 2,,,
PL238,"HMBIN_1726_Indie Rock,Pop and Folk",5/11/2017,Weinberger Media,HARD DRIVE SUBMIT,,,
PL238,"HMBIN_1726_Indie Rock,Pop and Folk",5/11/2017,Scott Sternberg Productions,HARD DRIVE SUBMIT,,,
PL239,HMBIN_1727_Assorted Jazzy 2,2/8/2017,LEFT/RIGHT TV,MASSIVE TITLE TRANSFER 2,,,
PL239,HMBIN_1727_Assorted Jazzy 2,5/11/2017,Weinberger Media,HARD DRIVE SUBMIT,,,
PL239,HMBIN_1727_Assorted Jazzy 2,5/11/2017,Scott Sternberg Productions,HARD DRIVE SUBMIT,,,
PL240,HMBIN_1728_SOUNDTRACK_Drama Tension,2/8/2017,LEFT/RIGHT TV,MASSIVE TITLE TRANSFER 2,,,
PL240,HMBIN_1728_SOUNDTRACK_Drama Tension,5/11/2017,Weinberger Media,HARD DRIVE SUBMIT,,,
PL240,HMBIN_1728_SOUNDTRACK_Drama Tension,5/11/2017,Scott Sternberg Productions,HARD DRIVE SUBMIT,,,
PL262,HMBIN_1729_SOUNDTRACK_misc 1,2/13/2017,LEFT/RIGHT TV,MASSIVE TITLE TRANSFER 2,,,
PL262,HMBIN_1729_SOUNDTRACK_misc 1,5/11/2017,Weinberger Media,HARD DRIVE SUBMIT,,,
PL262,HMBIN_1729_SOUNDTRACK_misc 1,5/11/2017,Scott Sternberg Productions,HARD DRIVE SUBMIT,,,
PL242,HMBIN_1730_SOUNDTRACK_Misc 2,2/9/2017,LEFT/RIGHT TV,MASSIVE TITLE TRANSFER 2,,,
PL242,HMBIN_1730_SOUNDTRACK_Misc 2,5/11/2017,Weinberger Media,HARD DRIVE SUBMIT,,,
PL242,HMBIN_1730_SOUNDTRACK_Misc 2,5/11/2017,Scott Sternberg Productions,HARD DRIVE SUBMIT,,,
PL243,HMBIN_1731_SOUNDTRACK_Misc 3,2/9/2017,LEFT/RIGHT TV,MASSIVE TITLE TRANSFER 2,,,
PL243,HMBIN_1731_SOUNDTRACK_Misc 3,5/11/2017,Weinberger Media,HARD DRIVE SUBMIT,,,
PL243,HMBIN_1731_SOUNDTRACK_Misc 3,5/11/2017,Scott Sternberg Productions,HARD DRIVE SUBMIT,,,
PL244,HMBIN_1732_SOUNDTRACK_Misc 4,2/9/2017,LEFT/RIGHT TV,MASSIVE TITLE TRANSFER 2,,,
PL244,HMBIN_1732_SOUNDTRACK_Misc 4,5/11/2017,Weinberger Media,HARD DRIVE SUBMIT,,,
PL244,HMBIN_1732_SOUNDTRACK_Misc 4,5/11/2017,Scott Sternberg Productions,HARD DRIVE SUBMIT,,,
PL245,HMBIN_1733_SOUNDTRACK_Misc 5,2/9/2017,LEFT/RIGHT TV,MASSIVE TITLE TRANSFER 2,,,
PL245,HMBIN_1733_SOUNDTRACK_Misc 5,5/11/2017,Weinberger Media,HARD DRIVE SUBMIT,,,
PL245,HMBIN_1733_SOUNDTRACK_Misc 5,5/11/2017,Scott Sternberg Productions,HARD DRIVE SUBMIT,,,
PL247,HMBIN_1734_Orchestral 2,2/10/2017,LEFT/RIGHT TV,MASSIVE TITLE TRANSFER 2,,,
PL247,HMBIN_1734_Orchestral 2,5/11/2017,Weinberger Media,HARD DRIVE SUBMIT,,,
PL247,HMBIN_1734_Orchestral 2,5/11/2017,Scott Sternberg Productions,HARD DRIVE SUBMIT,,,
PL248,"HMBIN_1735_70's Rock,Pop,Motown",2/10/2017,LEFT/RIGHT TV,MASSIVE TITLE TRANSFER 2,,,
PL248,"HMBIN_1735_70's Rock,Pop,Motown",5/11/2017,Weinberger Media,HARD DRIVE SUBMIT,,,
PL248,"HMBIN_1735_70's Rock,Pop,Motown",5/11/2017,Scott Sternberg Productions,HARD DRIVE SUBMIT,,,
PL265,HMBIN_1736_Grunge,2/13/2017,LEFT/RIGHT TV,MASSIVE TITLE TRANSFER 2,,,
PL265,HMBIN_1736_Grunge,5/11/2017,Weinberger Media,HARD DRIVE SUBMIT,,,
PL265,HMBIN_1736_Grunge,5/11/2017,Scott Sternberg Productions,HARD DRIVE SUBMIT,,,
PL250,HMBIN_1737_Alternative Rock 4,2/10/2017,LEFT/RIGHT TV,MASSIVE TITLE TRANSFER 2,,,
PL250,HMBIN_1737_Alternative Rock 4,5/11/2017,Weinberger Media,HARD DRIVE SUBMIT,,,
PL250,HMBIN_1737_Alternative Rock 4,5/11/2017,Scott Sternberg Productions,HARD DRIVE SUBMIT,,,
PL251,HMBIN_1738_Alternative Rock 5,2/10/2017,LEFT/RIGHT TV,MASSIVE TITLE TRANSFER 2,,,
PL251,HMBIN_1738_Alternative Rock 5,5/11/2017,Weinberger Media,HARD DRIVE SUBMIT,,,
PL251,HMBIN_1738_Alternative Rock 5,5/11/2017,Scott Sternberg Productions,HARD DRIVE SUBMIT,,,
PL252,HMBIN_1739_Alternative Rock 6,2/10/2017,LEFT/RIGHT TV,MASSIVE TITLE TRANSFER 2,,,
PL252,HMBIN_1739_Alternative Rock 6,5/11/2017,Weinberger Media,HARD DRIVE SUBMIT,,,
PL252,HMBIN_1739_Alternative Rock 6,5/11/2017,Scott Sternberg Productions,HARD DRIVE SUBMIT,,,
PL253,HMBIN_1740_Assorted Pop 1,2/12/2017,LEFT/RIGHT TV,MASSIVE TITLE TRANSFER 2,,,
PL253,HMBIN_1740_Assorted Pop 1,5/11/2017,Weinberger Media,HARD DRIVE SUBMIT,,,
PL253,HMBIN_1740_Assorted Pop 1,5/11/2017,Scott Sternberg Productions,HARD DRIVE SUBMIT,,,
PL254,HMBIN_1741_Assorted POP 2,2/12/2017,LEFT/RIGHT TV,MASSIVE TITLE TRANSFER 2,,,
PL254,HMBIN_1741_Assorted POP 2,5/11/2017,Weinberger Media,HARD DRIVE SUBMIT,,,
PL254,HMBIN_1741_Assorted POP 2,5/11/2017,Scott Sternberg Productions,HARD DRIVE SUBMIT,,,
PL255,HMBIN_1742_Assorted POP 3,2/12/2017,LEFT/RIGHT TV,MASSIVE TITLE TRANSFER 2,,,
PL255,HMBIN_1742_Assorted POP 3,5/11/2017,Weinberger Media,HARD DRIVE SUBMIT,,,
PL255,HMBIN_1742_Assorted POP 3,5/11/2017,Scott Sternberg Productions,HARD DRIVE SUBMIT,,,
PL261,HMBIN_1743_Southern Rock and Swamp,2/13/2017,LEFT/RIGHT TV,MASSIVE TITLE TRANSFER 2,,,
PL261,HMBIN_1743_Southern Rock and Swamp,5/11/2017,Weinberger Media,HARD DRIVE SUBMIT,,,
PL261,HMBIN_1743_Southern Rock and Swamp,5/11/2017,Scott Sternberg Productions,HARD DRIVE SUBMIT,,,
PL266,HMBIN_1744_Random Rock And Roll 1,2/13/2017,LEFT/RIGHT TV,MASSIVE TITLE TRANSFER 2,,,
PL266,HMBIN_1744_Random Rock And Roll 1,5/11/2017,Weinberger Media,HARD DRIVE SUBMIT,,,
PL266,HMBIN_1744_Random Rock And Roll 1,5/11/2017,Scott Sternberg Productions,HARD DRIVE SUBMIT,,,
PL267,HMBIN_1745_Random Rock And Roll 2,2/13/2017,LEFT/RIGHT TV,MASSIVE TITLE TRANSFER 2,,,
PL267,HMBIN_1745_Random Rock And Roll 2,5/11/2017,Weinberger Media,HARD DRIVE SUBMIT,,,
PL267,HMBIN_1745_Random Rock And Roll 2,5/11/2017,Scott Sternberg Productions,HARD DRIVE SUBMIT,,,
PL268,HMBIN_1746_Random Rock And Roll 3,2/13/2017,LEFT/RIGHT TV,MASSIVE TITLE TRANSFER 2,,,
PL268,HMBIN_1746_Random Rock And Roll 3,5/11/2017,Weinberger Media,HARD DRIVE SUBMIT,,,
PL268,HMBIN_1746_Random Rock And Roll 3,5/11/2017,Scott Sternberg Productions,HARD DRIVE SUBMIT,,,
PL269,HMBIN_1747_Classic Rock and Roll 2,2/13/2017,LEFT/RIGHT TV,MASSIVE TITLE TRANSFER 2,,,
PL269,HMBIN_1747_Classic Rock and Roll 2,5/11/2017,Weinberger Media,HARD DRIVE SUBMIT,,,
PL269,HMBIN_1747_Classic Rock and Roll 2,5/11/2017,Scott Sternberg Productions,HARD DRIVE SUBMIT,,,
PL270,HMBIN_1748_More Americana,2/13/2017,LEFT/RIGHT TV,MASSIVE TITLE TRANSFER 2,,,
PL270,HMBIN_1748_More Americana,5/11/2017,Weinberger Media,HARD DRIVE SUBMIT,,,
PL270,HMBIN_1748_More Americana,5/11/2017,Scott Sternberg Productions,HARD DRIVE SUBMIT,,,
PL271,HMBIN_1749_More Country Rock,2/13/2017,LEFT/RIGHT TV,MASSIVE TITLE TRANSFER 2,,,
PL271,HMBIN_1749_More Country Rock,5/11/2017,Weinberger Media,HARD DRIVE SUBMIT,,,
PL271,HMBIN_1749_More Country Rock,5/11/2017,Scott Sternberg Productions,HARD DRIVE SUBMIT,,,
PL272,HMBIN_1750_Rock Alt and Classic,2/13/2017,LEFT/RIGHT TV,MASSIVE TITLE TRANSFER 2,,,
PL272,HMBIN_1750_Rock Alt and Classic,5/11/2017,Weinberger Media,HARD DRIVE SUBMIT,,,
PL272,HMBIN_1750_Rock Alt and Classic,5/11/2017,Scott Sternberg Productions,HARD DRIVE SUBMIT,,,
PL274,HMBIN_1751_Rockabilly PLUS,2/13/2017,LEFT/RIGHT TV,MASSIVE TITLE TRANSFER 2,,,
PL274,HMBIN_1751_Rockabilly PLUS,5/11/2017,Weinberger Media,HARD DRIVE SUBMIT,,,
PL274,HMBIN_1751_Rockabilly PLUS,5/11/2017,Scott Sternberg Productions,HARD DRIVE SUBMIT,,,
PL275,HMBIN_1752_Random Rock And Roll 4,2/13/2017,LEFT/RIGHT TV,MASSIVE TITLE TRANSFER 2,,,
PL275,HMBIN_1752_Random Rock And Roll 4,5/11/2017,Weinberger Media,HARD DRIVE SUBMIT,,,
PL275,HMBIN_1752_Random Rock And Roll 4,5/11/2017,Scott Sternberg Productions,HARD DRIVE SUBMIT,,,
PL276,HMBIN_1753_Random Rock And Roll 5,2/13/2017,LEFT/RIGHT TV,MASSIVE TITLE TRANSFER 2,,,
PL276,HMBIN_1753_Random Rock And Roll 5,5/11/2017,Weinberger Media,HARD DRIVE SUBMIT,,,
PL276,HMBIN_1753_Random Rock And Roll 5,5/11/2017,Scott Sternberg Productions,HARD DRIVE SUBMIT,,,
PL277,HMBIN_1754_Basic Rock,2/13/2017,LEFT/RIGHT TV,MASSIVE TITLE TRANSFER 2,,,
PL277,HMBIN_1754_Basic Rock,5/11/2017,Weinberger Media,HARD DRIVE SUBMIT,,,
PL277,HMBIN_1754_Basic Rock,5/11/2017,Scott Sternberg Productions,HARD DRIVE SUBMIT,,,
PL278,HMBIN_1755_Basic Rock,2/13/2017,LEFT/RIGHT TV,MASSIVE TITLE TRANSFER 2,,,
PL278,HMBIN_1755_Basic Rock,5/11/2017,Weinberger Media,HARD DRIVE SUBMIT,,,
PL278,HMBIN_1755_Basic Rock,5/11/2017,Scott Sternberg Productions,HARD DRIVE SUBMIT,,,
PL279,HMBIN_1756_Basic Rock,2/13/2017,LEFT/RIGHT TV,MASSIVE TITLE TRANSFER 2,,,
PL279,HMBIN_1756_Basic Rock,5/11/2017,Weinberger Media,HARD DRIVE SUBMIT,,,
PL279,HMBIN_1756_Basic Rock,5/11/2017,Scott Sternberg Productions,HARD DRIVE SUBMIT,,,
PL264,HMBIN_1757_Basic Rock,2/13/2017,LEFT/RIGHT TV,MASSIVE TITLE TRANSFER 2,,,
PL264,HMBIN_1757_Basic Rock,5/11/2017,Weinberger Media,HARD DRIVE SUBMIT,,,
PL264,HMBIN_1757_Basic Rock,5/11/2017,Scott Sternberg Productions,HARD DRIVE SUBMIT,,,
PL263,HMBIN_1758_Americana,2/13/2017,LEFT/RIGHT TV,MASSIVE TITLE TRANSFER 2,,,
PL263,HMBIN_1758_Americana,5/11/2017,Weinberger Media,HARD DRIVE SUBMIT,,,
PL263,HMBIN_1758_Americana,5/11/2017,Scott Sternberg Productions,HARD DRIVE SUBMIT,,,
PL2352,In Pursuit_Vol. 1,10/1/2019,Jupiter Entertainment,In Pursuit of John Walsh,10/1/2019,FEDEX DRIVE,SPEC OP_Pursuit 1-7
PL2942,INSTA_ All That Jazz,5/25/2021,CL010,,,,
PL2983,INSTA_ Art Of The Heist,5/25/2021,CL010,,9/2/2020,,
PL3147,INSTA_ Bona Fide Brass,1/17/2022,HAUS PROMOTIONAL CAMPAIGN,,6/22/2021,,
PL2930,INSTA_ Done With Winter,5/21/2021,CL010,,3/22/2019,,
PL3170,INSTA_ Fashion Week,1/18/2022,CL032,,9/17/2019,,
PL2979,INSTA_ From Downtown,5/25/2021,CL010,,8/5/2020,,
PL3151,INSTA_ I Got The Blues,1/17/2022,CL032,,9/15/2021,,
PL2935,INSTA_ Into The Breach,5/25/2021,CL010,,4/11/2019,,
PL2981,INSTA_ Of Spaghetti Westerns,5/25/2021,CL010,,7/29/2020,,
PL3012,INSTA_ One Love Planet Earth,5/25/2021,CL010,,4/27/2021,,
PL2954,INSTA_ Soccer's Back,5/25/2021,CL010,,8/17/2019,,
PL3015,INSTA_ Spring Break Forever,5/25/2021,CL010,,3/24/2021,,
PL2990,INSTA_(Tr)eat. Drink and Be Sexy,5/25/2021,CL010,,10/28/2020,,
PL2975,INSTA_# Around The World,5/25/2021,CL010,,6/25/2020,,
PL2973,INSTA_# Congrats Grads 2020,5/25/2021,CL010,,5/27/2020,,
PL2973,INSTA_# Congrats Grads 2020,5/25/2021,CL010,,5/27/2020,,
PL2976,INSTA_# Not This Year,5/25/2021,CL010,,7/8/2020,,
PL2974,INSTA_# Reflection And Hope,5/25/2021,CL010,,6/19/2020,,
PL2977,INSTA_#64 Degrees and Cloudy,5/25/2021,CL010,,7/15/2020,,
PL2969,INSTA_#Good Vibes Only,5/25/2021,CL010,,4/29/2020,,
PL2971,INSTA_#Mom Is Essential,5/25/2021,CL010,,5/6/2020,,
PL2978,INSTA_#Move The Soul,5/25/2021,CL010,,7/22/2020,,
PL2957,INSTA_Abbey Road-ISH,5/25/2021,CL010,,10/11/2019,,
PL2961,INSTA_Almost Thanksgiving,5/25/2021,CL010,,11/21/2019,,
PL2940,INSTA_Always Remember,5/25/2021,CL010,,5/22/2019,,
PL2994,INSTA_Annual Festivities,5/25/2021,CL010,,12/9/2020,,
PL2944,INSTA_Arena Rock,5/25/2021,CL010,,6/5/2019,,
PL2938,INSTA_Asha In The House,5/25/2021,CL010,,5/2/2019,,
PL2945,"INSTA_Beers, Beats & Bikinis",5/25/2021,CL010,,8/2/2019,,
PL3017,INSTA_Behind The Scenes,5/25/2021,CL010,,4/20/2021,,
PL2960,INSTA_Berlin Wall Punk,5/25/2021,CL010,,11/13/2019,,
PL2962,INSTA_Burlesque Twenties,5/25/2021,CL010,,1/9/2020,,
PL2946,INSTA_Campaign Season,5/25/2021,CL010,,6/28/2019,,
PL2926,INSTA_Confetti & Xylobands,5/21/2021,CL010,,1/31/2019,,
PL2959,INSTA_Creepy Halloween,5/25/2021,CL010,,10/29/2019,,
PL3005,INSTA_Don't Doubt The String Count,5/25/2021,CL010,,5/18/2021,,
PL2970,INSTA_Eat Sleep Game Repeat,5/25/2021,CL010,,5/13/2020,,
PL2956,INSTA_Fashion Week,5/25/2021,CL010,,9/17/2019,,
PL2958,INSTA_Garage Rock,5/25/2021,CL010,,10/25/2019,,
PL2947,INSTA_Garcia Jams,5/25/2021,CL010,,8/14/2019,,
PL2993,INSTA_Groovy Baby,5/25/2021,CL010,,12/2/2020,,
PL2992,INSTA_Happy Holla Days,5/25/2021,CL010,,11/18/2020,,
PL2955,INSTA_Happy Labor Day,5/25/2021,CL010,,8/31/2019,,
PL3006,INSTA_Harder Better Faster Stronger,5/25/2021,CL010,,5/25/2021,,
PL3007,INSTA_Heavy Metal Thunder,5/25/2021,CL010,,3/3/2021,,
PL2996,INSTA_Home Alone For The Holidays,5/25/2021,CL010,,12/23/2020,,
PL2967,INSTA_Home Office Madcap,5/25/2021,CL010,,4/8/2020,,
PL3008,"INSTA_Huck it, Chuck It, Football",5/25/2021,CL010,,2/3/2021,,
PL2991,INSTA_In The Moog,5/25/2021,CL010,,11/11/2020,,
PL2968,INSTA_In This Together,5/25/2021,CL010,,4/22/2020,,
PL3009,INSTA_Industrious,5/25/2021,CL010,,4/13/2021,,
PL3010,INSTA_Into The Heartland,5/25/2021,CL010,,4/7/2021,,
PL2984,INSTA_Jack Of All Trades,5/25/2021,CL010,,9/9/2020,,
PL2997,INSTA_Life Is A Movie,5/25/2021,CL010,,1/13/2020,,
PL2939,INSTA_Lord Stanley,5/25/2021,CL010,,5/15/2019,,
PL3011,INSTA_Love Bug,5/25/2021,CL010,,2/9/2021,,
PL2927,INSTA_Love's A Mixtape,5/21/2021,CL010,,2/13/2019,,
PL2929,INSTA_Maroon2 or U5?,5/21/2021,CL010,,3/14/2019,,
PL2931,INSTA_MLB Opening Day,5/21/2021,CL010,,3/28/2019,,
PL2941,INSTA_National Smile Day,5/25/2021,CL010,,5/29/2019,,
PL2980,INSTA_Need For Speed,5/25/2021,CL010,,8/12/2020,,
PL2948,INSTA_Pharmacology,5/25/2021,CL010,,7/19/2019,,
PL2985,INSTA_Pumpkin Spice,5/25/2021,CL010,,9/22/2020,,
PL2986,INSTA_Punked,5/25/2021,CL010,,10/7/2020,,
PL3000,INSTA_Ready To Launch,5/25/2021,CL010,,1/20/2021,,
PL2987,INSTA_Relaxical,5/25/2021,CL010,,10/1/2020,,
PL2963,INSTA_Resolution Run,5/25/2021,CL010,,1/17/2020,,
PL3013,INSTA_Robo Rave,5/25/2021,CL010,,3/17/2021,,
PL2965,INSTA_Screw Valentines,5/25/2021,CL010,,2/6/2020,,
PL2949,INSTA_Shark Week,5/25/2021,CL010,,7/25/2019,,
PL3014,INSTA_Sole Survivor,5/25/2021,CL010,,5/5/2021,,
PL2950,"INSTA_Sonne, Mond & EDM",5/25/2021,CL010,,8/9/2019,,
PL2999,INSTA_Spring Break,5/25/2021,CL010,,3/24/2021,,
PL3016,INSTA_Spring Has Sprung,5/25/2021,CL010,,3/30/2021,,
PL2932,INSTA_Stompin' & Fetchin',5/21/2021,CL010,,4/18/2019,,
PL2951,INSTA_Stranger Eighties,5/25/2021,CL010,,7/4/2019,,
PL2936,INSTA_Strummin' & Cruisin',5/25/2021,CL010,,4/3/2019,,
PL2964,INSTA_Super Drumline,5/25/2021,CL010,,1/30/2020,,
PL2953,INSTA_Surf's Up,5/25/2021,CL010,,7/12/2019,,
PL2988,INSTA_Sweat The Sweets,5/25/2021,CL010,,11/25/2020,,
PL3002,INSTA_That Ain't Country Music,5/25/2021,CL010,,5/11/2021,,
PL3003,INSTA_The British Are Coming,5/25/2021,CL010,,2/24/2021,,
PL2998,INSTA_The Daily Dose,5/25/2021,CL010,,1/27/2021,,
PL2937,INSTA_The Final Reel,5/25/2021,CL010,,2/21/2019,,
PL2989,INSTA_The Final Stretch,5/25/2021,CL010,,10/21/2020,,
PL2928,INSTA_The Heat Is On,5/21/2021,CL010,,2/6/2019,,
PL2943,INSTA_The Lion Goes To?,5/25/2021,CL010,,6/19/2019,,
PL2966,INSTA_Underwater Bliss,5/25/2021,CL010,,2/27/2020,,
PL2995,INSTA_When the Planets Align,5/25/2021,CL010,,12/16/2020,,
PL3004,INSTA_Who Run The World,5/25/2021,CL010,,3/8/2021,,
PL3001,INSTA_Winter Blues,5/25/2021,CL010,,,,
PL2952,INSTA_Woodstock's 50th,5/25/2021,CL010,,8/16/2019,,
PL3392,INTAKE LOT 230313_PICKERS_1110,10/24/2023,Cineflix NY,American Pickers,11/17/2023,HBIN_2363,
PL1054,INTAKE LOT_171127_01,11/27/2017,Haus Internal,,,,
PL1057,INTAKE LOT_180101_01,12/13/2017,Haus Internal,,,,
PL1058,INTAKE LOT_180101_02,12/14/2017,Haus Internal,,,,
PL1059,INTAKE LOT_180101_03,12/18/2017,Haus Internal,,,,
PL1060,INTAKE LOT_180101_04,12/19/2017,Haus Internal,,,,
PL1061,INTAKE LOT_180101_05,12/21/2017,Haus Internal,,,,
PL1062,INTAKE LOT_180101_06,12/27/2017,Haus Internal,,,,
PL1064,INTAKE LOT_180101_07,12/28/2017,Haus Internal,,,,
PL1065,INTAKE LOT_180101_08,12/31/2017,Haus Internal,,,,
PL1075,INTAKE LOT_180104_01,1/3/2018,Haus Internal,,,,
PL1084,INTAKE LOT_180122,1/5/2018,Haus Internal,,,,
PL1086,INTAKE LOT_180129,1/18/2018,Haus Internal,,,,
PL1088,INTAKE LOT_180205,1/29/2018,Haus Internal,,,,
PL1094,INTAKE LOT_180209,2/5/2018,Haus Internal,,,,
PL1110,INTAKE LOT_180216,2/8/2018,Haus Internal,,,,
PL1112,INTAKE LOT_180216_02,2/15/2018,Haus Internal,,,,
PL1113,INTAKE LOT_180219,2/15/2018,Haus Internal,,,,
PL1120,INTAKE LOT_180221,2/21/2018,Haus Internal,,,,
PL1175,INTAKE LOT_180315,3/8/2018,Haus Internal,,,,
PL1176,INTAKE LOT_180316,3/14/2018,Haus Internal,,,,
PL1187,INTAKE LOT_180322,3/15/2018,Haus Internal,,,,
PL1188,INTAKE LOT_180323,3/21/2018,Haus Internal,,,,
PL1189,INTAKE LOT_180328,3/22/2018,Haus Internal,,,,
PL1191,INTAKE LOT_180419,,Haus Internal,,,,
PL1284,INTAKE LOT_180420,4/20/2018,Haus Internal,,,,
PL1285,INTAKE LOT_180426,4/25/2018,Haus Internal,,,,
PL1287,INTAKE LOT_180427,4/26/2018,Haus Internal,,,,
PL1289,INTAKE LOT_180430,4/30/2018,Haus Internal,,,,
PL1292,INTAKE LOT_180501,5/1/2018,Haus Internal,,,,
PL1303,INTAKE LOT_180507,5/7/2018,Haus Internal,,,,
PL1307,INTAKE LOT_180509,5/9/2018,Haus Internal,,,,
PL1336,INTAKE LOT_180518,5/18/2018,Haus Internal,,,,
PL1345,INTAKE LOT_180521,5/21/2018,Haus Internal,,,,
PL1397,INTAKE LOT_180530_HEAT,5/30/2018,CINEFLIX NY,American Pickers,,,
PL1406,INTAKE LOT_180531,5/31/2018,Haus Internal,,,,
PL1407,INTAKE LOT_180605,6/5/2018,Haus Internal,,,,
PL1408,INTAKE LOT_180606_FUSE,6/6/2018,Haus Internal,,,,
PL1418,INTAKE LOT_180607,6/6/2018,Haus Internal,,,,
PL1419,INTAKE LOT_180608,6/7/2018,Haus Internal,,,,
PL1422,INTAKE LOT_180612,6/11/2018,Haus Internal,,,,
PL1427,INTAKE LOT_180613_MOMENTUM,6/13/2018,Haus Internal,,,,
PL1428,INTAKE LOT_180621_01,6/20/2018,Haus Internal,,,,
PL1429,INTAKE LOT_180621_02,6/21/2018,Haus Internal,,,,
PL1432,INTAKE LOT_180625,6/23/2018,Haus Internal,,,,
PL1438,INTAKE LOT_180702,7/2/2018,Haus Internal,,,,
PL1443,INTAKE LOT_180703_MILITARY,7/3/2018,Haus Internal,,,,
PL1447,INTAKE LOT_180704,7/4/2018,Haus Internal,,,,
PL1456,INTAKE LOT_180706,7/5/2018,Haus Internal,,,,
PL1459,INTAKE LOT_180709,7/6/2018,Haus Internal,,,,
PL1461,INTAKE LOT_180710,7/10/2018,Haus Internal,,,,
PL1464,INTAKE LOT_180712,7/11/2018,Haus Internal,,,,
PL1465,INTAKE LOT_180719,7/13/2018,Haus Internal,,,,
PL1469,INTAKE LOT_180720,7/20/2018,Haus Internal,,,,
PL1474,INTAKE LOT_180723,7/23/2018,Haus Internal,,,,
PL1484,INTAKE LOT_180727,7/26/2018,Haus Internal,,,,
PL1485,INTAKE LOT_180730,7/27/2018,Haus Internal,,,,
PL1486,INTAKE LOT_180730_DEEDCHI,7/30/2018,CINEFLIX NY,DEED Chicago,,,
PL1489,INTAKE LOT_180801,8/1/2018,Haus Internal,,,,
PL1496,INTAKE LOT_180813,8/13/2018,Haus Internal,,,,
PL1497,INTAKE LOT_180815,8/14/2018,Haus Internal,,,,
PL1499,INTAKE LOT_180822,8/21/2018,Haus Internal,,,,
PL1500,INTAKE LOT_180823,8/22/2018,Haus Internal,,,,
PL1506,INTAKE LOT_180829,8/28/2018,Haus Internal,,,,
PL1517,INTAKE LOT_180907,9/6/2018,Haus Internal,,,,
PL1580,INTAKE LOT_181002,10/2/2018,Haus Internal,,,,
PL1581,INTAKE LOT_181003,10/3/2018,Haus Internal,,,,
PL1584,INTAKE LOT_181005,10/4/2018,Haus Internal,,,,
PL1589,INTAKE LOT_181011,10/11/2018,Haus Internal,,,,
PL1595,INTAKE LOT_181031_TheDeed,10/31/2018,Cineflix CANADA,The Deed,,,
PL1596,INTAKE LOT_181101,11/1/2018,Haus Internal,,,,
PL1603,INTAKE LOT_181108,11/8/2018,Haus Internal,,,,
PL1610,INTAKE LOT_181126,11/26/2018,Haus Internal,,,,
PL1611,INTAKE LOT_181127,11/27/2018,Haus Internal,,,,
PL1612,INTAKE LOT_181128,11/28/2018,Haus Internal,,,,
PL1613,INTAKE LOT_181129,11/28/2018,Haus Internal,,,,
PL1618,INTAKE LOT_181207,12/6/2018,Haus Internal,,,,
PL1619,INTAKE LOT_181210,12/10/2018,Haus Internal,,,,
PL1620,INTAKE LOT_181211,12/10/2018,Haus Internal,,,,
PL1621,INTAKE LOT_181212,12/11/2018,Haus Internal,,,,
PL1623,INTAKE LOT_181213,12/13/2018,Haus Internal,,,,
PL1625,INTAKE LOT_181219,12/28/2018,Haus Internal,,,,
PL1626,INTAKE LOT_181228,12/28/2018,Haus Internal,,,,
PL1627,INTAKE LOT_190121,1/21/2019,Haus Internal,,,,
PL1628,INTAKE LOT_190122,1/21/2019,Haus Internal,,,,
PL1641,INTAKE LOT_190130,1/30/2019,Haus Internal,,,,
PL1648,INTAKE LOT_190212,2/12/2019,Haus Internal,,,,
PL1650,INTAKE LOT_190228,2/28/2019,Haus Internal,,,,
PL1652,INTAKE LOT_190304,3/4/2019,Haus Internal,,,,
PL1653,INTAKE LOT_190305,3/4/2019,Haus Internal,,,,
PL1663,INTAKE LOT_190316,3/16/2019,Haus Internal,,,,
PL1667,INTAKE LOT_190320,3/20/2019,Haus Internal,,,,
PL1680,INTAKE LOT_190328,3/28/2019,Haus Internal,,,,
PL1690,INTAKE LOT_190405,4/5/2019,Haus Internal,,,,
PL1691,INTAKE LOT_190406,4/5/2019,Haus Internal,,,,
PL1693,INTAKE LOT_190412,4/12/2019,Haus Internal,,,,
PL1700,INTAKE LOT_190415,4/15/2019,Haus Internal,,,,
PL1721,INTAKE LOT_190502,5/1/2019,Haus Internal,,,,
PL1723,INTAKE LOT_190503,5/2/2019,Haus Internal,,,,
PL1724,INTAKE LOT_190510,5/10/2019,Haus Internal,,,,
PL1726,INTAKE LOT_190517,5/17/2019,Haus Internal,,,,
PL1727,INTAKE LOT_190521,5/21/2019,Haus Internal,,,,
PL1734,INTAKE LOT_190524,5/24/2019,Haus Internal,,,,
PL1737,INTAKE LOT_190529,5/29/2019,Haus Internal,,,,
PL2169,INTAKE LOT_190620,6/20/2019,Haus Internal,,,,
PL2171,INTAKE LOT_190621,6/20/2019,Haus Internal,,,,
PL2209,INTAKE LOT_190708,7/9/2019,Haus Internal,,,,
PL2210,INTAKE LOT_190709,7/10/2019,Haus Internal,,,,
PL2311,INTAKE LOT_190725,7/24/2019,Haus Internal,,,,
PL2312,INTAKE LOT_190726,7/24/2019,Haus Internal,,,,
PL2314,INTAKE LOT_190729,7/26/2019,Haus Internal,,,,
PL2319,INTAKE LOT_190730,7/30/2019,Haus Internal,,,,
PL2321,INTAKE LOT_190801,8/1/2019,Haus Internal,,,,
PL2325,INTAKE LOT_190809,8/9/2019,Haus Internal,,,,
PL2327,INTAKE LOT_190812,8/10/2019,Haus Internal,,,,
PL2332,INTAKE LOT_190821,8/22/2019,Haus Internal,,,,
PL2334,INTAKE LOT_190822,8/22/2019,Haus Internal,,,,
PL2335,INTAKE LOT_190823,8/22/2019,Haus Internal,,,,
PL2338,INTAKE LOT_190906,9/4/2019,Haus Internal,,,,
PL2339,INTAKE LOT_190909,9/6/2019,Haus Internal,,,,
PL2340,INTAKE LOT_190912,9/12/2019,Haus Internal,,,,
PL2341,INTAKE LOT_190913,9/12/2019,Haus Internal,,,,
PL2351,INTAKE LOT_191001,9/30/2019,Haus Internal,,,,
PL2351,INTAKE LOT_191001,9/30/2019,Haus Internal,,,,
PL2353,INTAKE LOT_191003,10/3/2019,Haus Internal,,,,
PL2354,INTAKE LOT_191011,10/10/2019,Haus Internal,,,,
PL2354,INTAKE LOT_191011,10/10/2019,Haus Internal,,,,
PL2357,INTAKE LOT_191024,10/24/2019,Haus Internal,,,,
PL2358,INTAKE LOT_191028,10/27/2019,Haus Internal,,,,
PL2379,INTAKE LOT_191111,11/10/2019,Haus Internal,,,,
PL2380,INTAKE LOT_191112,11/10/2019,Haus Internal,,,,This lot is tagged 
PL2382,INTAKE LOT_191113,11/11/2019,Haus Internal,,,,
PL2389,INTAKE LOT_191119,11/19/2019,Cineflix NY,American Pickers,1/17/2020,HBIN_2006,
PL2390,INTAKE LOT_191120,11/19/2019,Haus Internal,,,,
PL2399,INTAKE LOT_191203,12/2/2019,Cineflix NY,American Pickers,1/17/2020,HBIN_2007,
PL2400,INTAKE LOT_191204,12/2/2019,Haus Internal,,,,
PL2408,INTAKE LOT_191217,12/17/2019,Cineflix NY,American Pickers,1/22/2020,HBIN_2008,Erik add Show words and send to AP
PL2418,INTAKE LOT_191218,12/30/2019,Haus Internal,,,,
PL2420,INTAKE LOT_191231,12/31/2019,Haus Internal,,,,
PL2421,INTAKE LOT_200101,1/1/2020,Cineflix NY,American Pickers,1/28/2020,,
PL2422,INTAKE LOT_200102,1/1/2020,Haus Internal,,,,
PL2425,INTAKE LOT_200108,1/8/2020,Haus Internal,,,,
PL2426,INTAKE LOT_200109,1/9/2020,Haus Internal,,,,
PL2434,INTAKE LOT_200114,1/14/2020,Haus Internal,,,,Kyle
PL2435,INTAKE LOT_200115,1/15/2020,Haus Internal,,,,ERIK
PL2436,INTAKE LOT_200122,1/22/2020,Cineflix NY,American Pickers,1/30/2020,,
PL2440,INTAKE LOT_200127,1/27/2020,Haus Internal,,,,
PL2441,INTAKE LOT_200128,1/27/2020,Cineflix NY,American Pickers,2/6/2020,,
PL2446,INTAKE LOT_200129,1/28/2020,Haus Internal,,,,
PL2449,INTAKE LOT_200131,1/31/2020,Haus Internal,,,,
PL2451,INTAKE LOT_200201,1/31/2020,Cineflix NY,American Pickers,2/7/2020,,AP1062
PL2452,INTAKE LOT_200202,2/2/2020,Haus Internal,,,,
PL2450,INTAKE LOT_200203,1/31/2020,Haus Internal,,,,
PL2453,INTAKE LOT_200204,2/2/2020,Cineflix NY,American Pickers,2/11/2020,,AP1063
PL2454,INTAKE LOT_200205,2/5/2020,Haus Internal,,,,
PL2455,INTAKE LOT_200206,2/5/2020,Cineflix NY,American Pickers,2/17/2020,HBIN_1016,AP1064
PL2458,INTAKE LOT_200210,2/10/2020,Haus Internal,,,,
PL2459,INTAKE LOT_200211,2/10/2020,Cineflix NY,American Pickers,2/20/2020,HBIN_2017,AP1065
PL2461,INTAKE LOT_200212,2/12/2020,Cineflix NY,American Pickers,2/24/2020,HBIN_2018,
PL2460,INTAKE LOT_200213,2/11/2020,Haus Internal,,,,
PL2462,INTAKE LOT_200217,2/13/2020,Cineflix NY,American Pickers,3/2/2020,HBIN_2022,
PL2463,INTAKE LOT_200218,2/18/2020,Haus Internal,,,,
PL2472,INTAKE LOT_200220,2/20/2020,Haus Internal,,,,
PL2469,INTAKE LOT_200221 AP1068,2/20/2020,Cineflix NY,American Pickers,3/13/2020,HBIN_2023, Erik Rate
PL2474,INTAKE LOT_200303,3/2/2020,Haus Internal,,4/22/2020,,
PL2475,INTAKE LOT_200304,3/2/2020,Haus Internal,,,,
PL2478,INTAKE LOT_200305,3/5/2020,Haus Internal,,,,
PL2486,INTAKE LOT_200310,3/10/2020,Haus Internal,,4/27/2020,,
PL2491,INTAKE LOT_200325,3/25/2020,Haus Internal,,4/28/2020,,
PL2492,INTAKE LOT_200326,3/25/2020,Haus Internal,,4/29/2020,,
PL2495,INTAKE LOT_200417,4/16/2020,Haus Internal,,5/21/2020,,
PL2496,INTAKE LOT_200418,4/16/2020,Haus Internal,,6/3/2020,,
PL2515,INTAKE LOT_200511,5/9/2020,Haus Internal,,6/9/2020,,
PL2520,INTAKE LOT_200515,5/14/2020,Haus Internal,,6/16/2020,,
PL2524,INTAKE LOT_200519,5/19/2020,Haus Internal,,6/5/2020,,
PL2525,INTAKE LOT_200521,5/20/2020,Haus Internal,,6/9/2020,,
PL2529,INTAKE LOT_200528,5/28/2020,Haus Internal,,6/9/2020,,
PL2530,INTAKE LOT_200529,5/28/2020,Haus Internal,,6/30/2020,,
PL2531,INTAKE LOT_200608,6/7/2020,Haus Internal,,6/15/2020,,
PL2532,INTAKE LOT_200610,6/9/2020,Haus Internal,,7/1/2020,,
PL2533,INTAKE LOT_200612,6/12/2020,Haus Internal,,7/1/2020,,
PL2537,INTAKE LOT_200624,6/23/2020,Haus Internal,,7/14/2020,,
PL2540,INTAKE LOT_200625,6/24/2020,Haus Internal,,7/16/2020,,
PL2541,INTAKE LOT_200629,6/28/2020,Haus Internal,,7/17/2020,,
PL2542,INTAKE LOT_200701,6/30/2020,Haus Internal,,7/8/2020,,
PL2544,INTAKE LOT_200706,7/2/2020,Haus Internal,,7/20/2020,,
PL2547,INTAKE LOT_200709_CMLS_FINAL,7/8/2020,Haus Internal,,7/20/2020,,
PL2547,INTAKE LOT_200709_CMLS_FINAL,7/8/2020,Haus Internal,,7/20/2020,,
PL2623,INTAKE LOT_200720,7/20/2020,Haus Internal,,9/15/2020,,
PL2624,INTAKE LOT_200722,7/21/2020,Haus Internal,,8/17/2020,,
PL2628,INTAKE LOT_200730,7/29/2020,Haus Internal,,9/30/2020,,
PL2644,INTAKE LOT_200810,8/8/2020,Haus Internal,,9/16/2020,,
PL2664,INTAKE LOT_200821,8/21/2020,Haus Internal,,11/18/2020,,
PL2730,INTAKE LOT_200930,9/29/2020,Haus Internal,,11/19/2020,,
PL2732,INTAKE LOT_201006,10/5/2020,Haus Internal,,12/14/2020,,
PL2747,INTAKE LOT_201024,10/22/2020,Haus Internal,,12/14/2020,,
PL2752,INTAKE LOT_201102,11/2/2020,Haus Internal,,1/18/2021,,
PL2845,INTAKE LOT_210106,1/6/2021,Haus Internal,,2/1/2021,,
PL2847,INTAKE LOT_210111,1/10/2021,Haus Internal,,,,
PL2889,INTAKE LOT_210308,3/6/2021,Haus Internal,,3/31/2021,,
PL2892,INTAKE LOT_210312,3/11/2021,Haus Internal,,5/18/2021,,
PL2896,INTAKE LOT_210318,3/17/2021,Haus Internal,,4/12/2021,,
PL2897,INTAKE LOT_210319,3/18/2021,Haus Internal,,3/31/2021,,
PL2898,INTAKE LOT_210322,3/19/2021,Haus Internal,,5/26/2021,,
PL2904,INTAKE LOT_210412,4/9/2021,Haus Internal,,6/23/2021,,
PL2908,INTAKE LOT_210430,4/29/2021,Haus Internal,,6/2/2021,,
PL2909,INTAKE LOT_210504,5/3/2021,Haus Internal,,6/2/2021,,
PL2912,INTAKE LOT_210507,5/7/2021,Haus Internal,,6/2/2021,,
PL2913,INTAKE LOT_210510,5/10/2021,Haus Internal,,6/24/2021,,
PL2914,INTAKE LOT_210511,5/11/2021,Haus Internal,,7/1/2021,,
PL2917,INTAKE LOT_210517,5/13/2021,Haus Internal,,7/1/2021,,
PL2924,INTAKE LOT_210521,5/20/2021,Haus Internal,,7/21/2021,,
PL2925,INTAKE LOT_210524,5/21/2021,Haus Internal,,7/26/2021,,
PL2933,INTAKE LOT_210525,5/24/2021,Haus Internal,,,,
PL2934,INTAKE LOT_210526,5/24/2021,Haus Internal,,8/5/2021,,
PL3041,INTAKE LOT_210610,6/9/2021,Haus Internal,,8/5/2021,,
PL3054,INTAKE LOT_210705,7/2/2021,Haus Internal,,,,
PL3069,INTAKE LOT_210802,8/2/2021,Haus Internal,,9/10/2021,,
PL3070,INTAKE LOT_210805,8/4/2021,Haus Internal,,9/10/2021,,
PL3086,INTAKE LOT_210830,8/30/2021,Haus Internal,,9/10/2021,,
PL3093,INTAKE LOT_210902,9/1/2021,Haus Internal,,10/26/2021,,
PL3095,INTAKE LOT_210909,9/8/2021,Haus Internal,,10/26/2021,,
PL3096,INTAKE LOT_210910,9/9/2021,Haus Internal,,10/26/2021,,
PL3097,INTAKE LOT_210913,9/13/2021,Haus Internal,,10/26/2021,,
PL3100,INTAKE LOT_210924,9/23/2021,Haus Internal,,11/15/2021,,
PL3103,INTAKE LOT_211008,10/8/2021,Haus Internal,,11/15/2021,,
PL3120,INTAKE LOT_211021,10/22/2021,Haus Internal,,11/15/2021,,
PL3121,INTAKE LOT_211026,10/26/2021,Haus Internal,,11/15/2021,,
PL3122,INTAKE LOT_211028,10/28/2021,Haus Internal,,11/15/2021,,
PL3123,INTAKE LOT_211101,10/29/2021,Haus Internal,,,,
PL3126,INTAKE LOT_211126,11/24/2021,Haus Internal,,7/20/2022,,
PL3129,INTAKE LOT_211206,12/6/2021,Haus Internal,,7/21/2022,,
PL3187,INTAKE LOT_220126,1/26/2022,Haus Internal,,,,
PL3188,INTAKE LOT_220127,1/27/2022,Haus Internal,,7/14/2022,,
PL3189,INTAKE LOT_220131,1/28/2022,Haus Internal,,7/14/2022,,
PL3192,INTAKE LOT_220304,3/4/2022,Haus Internal,,7/14/2022,,
PL3191,INTAKE LOT_220304_PICKERS_1075,3/4/2022,Cineflix NY,American Pickers,4/12/2022,HBIN_2201,
PL3195,INTAKE LOT_220311_PICKERS_1076,3/11/2022,Cineflix NY,American Pickers,4/12/2022,HBIN_2202,
PL3196,INTAKE LOT_220316_PICKERS_1077,3/16/2022,Cineflix NY,American Pickers,4/13/2022,HBIN_2203,
PL3197,INTAKE LOT_220318_PICKERS_1078,3/17/2022,Cineflix NY,American Pickers,4/13/2022,HBIN_2204,
PL3198,INTAKE LOT_220324_PICKERS_1079,3/23/2022,Cineflix NY,American Pickers,4/14/2022,HBIN_2205,
PL3199,INTAKE LOT_220325_PICKERS_1080,3/24/2022,Cineflix NY,American Pickers,4/14/2022,HBIN_2206,
PL3200,INTAKE LOT_220329_PICKERS_1081,3/29/2022,Cineflix NY,American Pickers,6/22/2022,HBIN_2218,
PL3201,INTAKE LOT_220401,4/1/2022,Haus Internal,,,,
PL3205,INTAKE LOT_220411_PICKERS_1085,4/8/2022,Cineflix NY,American Pickers,7/1/2022,HBIN_2219,
PL3211,INTAKE LOT_220415,4/14/2022,Haus Internal,,,,
PL3212,INTAKE LOT_220422,4/21/2022,Haus Internal,,,,
PL3213,INTAKE LOT_220422_PICKERS_1087,4/22/2022,Cineflix NY,American Pickers,7/8/2022,HBIN_2221,
PL3220,INTAKE LOT_220510_PICKERS_1088,5/10/2022,Cineflix NY,American Pickers,8/11/2022,HBIN_2224,
PL3225,INTAKE LOT_220622_VPR10_1,6/22/2022,Evolution Media,Vanderpump Rules,9/26/2022,FEDEX,
PL3229,INTAKE LOT_220630_VPR10_2,7/5/2022,Evolution Media,Vanderpump Rules,9/26/2022,FEDEX,
PL3230,INTAKE LOT_220702_VPR10_3,7/7/2022,Evolution Media,Vanderpump Rules,9/26/2022,FEDEX,
PL3231,INTAKE LOT_220706_VPR10_4,7/8/2022,Evolution Media,Vanderpump Rules,9/26/2022,FEDEX,
PL3232,INTAKE LOT_220708_VPR10_5,7/15/2022,Evolution Media,Vanderpump Rules,9/26/2022,FEDEX,
PL3233,INTAKE LOT_220712_VPR10_6,7/18/2022,Evolution Media,Vanderpump Rules,9/26/2022,FEDEX,
PL3234,INTAKE LOT_220715_VPR10_7,7/21/2022,Evolution Media,Vanderpump Rules,9/26/2022,FEDEX,
PL3235,INTAKE LOT_220719_VPR10_8,7/22/2022,Evolution Media,Vanderpump Rules,9/26/2022,FEDEX,
PL3236,INTAKE LOT_220722_VPR10_9,7/26/2022,Evolution Media,Vanderpump Rules,9/26/2022,FEDEX,
PL3239,INTAKE LOT_220726_ATLHOMICIDE_1,7/27/2022,Jupiter Entertainment,ATL Homicide,8/4/2022,HBIN_2222,
PL3237,INTAKE LOT_220726_VPR10_10,7/26/2022,Evolution Media,Vanderpump Rules,9/26/2022,FEDEX,
PL3243,INTAKE LOT_220729,7/29/2022,Haus Internal,,,,
PL3244,INTAKE LOT_220802_ATL_2,8/3/2022,Jupiter Entertainment,Homicide ATL,8/11/2022,HBIN_2225,
PL3245,INTAKE LOT_220804_PICKERS_1101,8/4/2022,Cineflix NY,American Pickers,10/28/2022,HBIN_2239,
PL3253,INTAKE LOT_220811_ATL_3,8/11/2022,Jupiter Entertainment,ATL Homicide,8/18/2022,HBIN_2226,
PL3255,INTAKE LOT_220812_VPR10_11,8/12/2022,Evolution Media,Vanderpump Rules,9/26/2022,FEDEX,
PL3256,INTAKE LOT_220817_ATL_4,8/17/2022,Jupiter Entertainment,ATL Homicide,8/22/2022,HBIN_2230,
PL3305,INTAKE LOT_220822_PICKERS_1104,11/14/2022,Cineflix NY,American Pickers,12.14.2022,HBIN_2261,
PL3257,INTAKE LOT_220824_VPR10_12,8/24/2022,Evolution Media,Vanderpump Rules,9/26/2022,FEDEX,
PL3258,INTAKE LOT_220825_VPR10_13,8/25/2022,Evolution Media,Vanderpump Rules,9/12/2022,FEDEX DRIVE,This Lot was included on the redo of the VanderDrive 1
PL3258,INTAKE LOT_220825_VPR10_13,8/25/2022,Evolution Media,Vanderpump Rules,9/12/2022,FEDEX DRIVE,This Lot was included on the redo of the VanderDrive 1
PL3259,INTAKE LOT_220826_ATL_5,8/26/2022,Jupiter Entertainment,ATL Homicide,9/2/2022,HBIN_2231,
PL3314,INTAKE LOT_220829_PICKERS_1105,12/11/2022,Cineflix NY,American Pickers,2/17/2023,HBIN_2313,
PL3315,INTAKE LOT_220902_PICKERS_1106,12/12/2022,Cineflix NY,American Pickers,2/17/2023,HBIN_2314,
PL3275,INTAKE LOT_220906_ATL_6,9/2/2022,Jupiter Entertainment,ATL Homicide,10/5/2022,HBIN_2235,
PL3318,INTAKE LOT_220909_PICKERS_1107,1/1/2023,Cineflix NY,American Pickers,7/12/2023,HBIN_2335,
PL3278,INTAKE LOT_220910_VPR10_14,9/10/2022,Evolution Media,Vanderpump Rules,10/21/2022,HBIN_2238,
PL3281,INTAKE LOT_220913_ATL_7,9/29/2022,Jupiter Entertainment,ATL Homicide,10/6/2022,HBIN_2236,
PL3282,INTAKE LOT_221005_ATL_8,10/5/2022,Jupiter Entertainment,ATL Homicide,10/21/2022,HBIN_2237,
PL3283,INTAKE LOT_221006_VPR10_15,10/6/2022,Evolution Media,Vanderpump Rules,10/21/2022,HBIN_2238,
PL3284,INTAKE LOT_221010_VPR10_16,10/9/2022,Evolution Media,Vanderpump Rules,10/21/2022,HBIN_2238,
PL3285,INTAKE LOT_221011_VPR10_17,10/10/2022,Evolution Media,Vanderpump Rules,10/21/2022,HBIN_2238,
PL3288,INTAKE LOT_221017_VPR10_19,10/24/2022,Evolution Media,Vanderpump Rules,10/28/2022,HBIN_2240,
PL3289,INTAKE LOT_221019_VPR10_20,10/26/2022,Evolution Media,Vanderpump Rules,10/28/2022,HBIN_2240,
PL3286,INTAKE LOT_221020_VPR10_18,10/20/2022,Evolution Media,Vanderpump Rules,10/28/2022,HBIN_2240,
PL3287,INTAKE LOT_221021_ATL_9,10/20/2022,Jupiter Entertainment,ATL Homicide,11/11/2022,HBIN_2248,
PL3290,INTAKE LOT_221026_VPR10_21,10/26/2022,Evolution Media,Vanderpump Rules,11/11/2022,HBIN_2249,
PL3293,INTAKE LOT_221030_ATL_10,11/1/2022,Jupiter Entertainment,Homicide ATL,11/11/2022,HBIN_2248,
PL3291,INTAKE LOT_221030_VPRLATIN,10/31/2022,Evolution Media,Vanderpump Rules,10/31/2022,HBIN_2242,
PL3292,INTAKE LOT_221031_SHMV_1,11/1/2022,Truly Original,Summer House: Martha's Vineyard,11/28/2022,HBIN_2255,SENT AS SHMVC_07 to TROR
PL3294,INTAKE LOT_221102_PICKERS_1102,11/2/2022,Cineflix NY,American Pickers,11/5/2022,HBIN_2246,
PL3295,INTAKE LOT_221103_PICKERS_1103,11/3/2022,Cineflix NY,American Pickers,11/18/2022,HBIN_2251,
PL3301,INTAKE LOT_221103_VPR10_22,11/10/2022,Evolution Media,Vanderpump Rules,11/11/2022,HBIN_2249,
PL3297,INTAKE LOT_221104_SHMV_2,11/9/2022,Truly Original,Summer House: Martha's Vineyard,11/4/2022,HBIN_2244,
PL3300,INTAKE LOT_221110_ATL_11,11/10/2022,Jupiter Entertainment,Homicide ATL,12/2/2022,HBIN_2258,
PL3302,INTAKE LOT_221111_VPR10_23,11/10/2022,Evolution Media,Vanderpump Rules,11/18/2022,HBIN_2252,
PL3306,INTAKE LOT_221117_VPR10_24,11/17/2022,Evolution Media,Vanderpump Rules,12/6/2022,HBIN_2259,
PL3308,INTAKE LOT_221117_YOUNGVR_1,11/21/2022,Evolution Media,Vanderpump Rules,11/22/2022,HBIN_2245,
PL3307,INTAKE LOT_221121_SHMV_3,11/20/2022,Truly Original,Summer House: Martha's Vineyard,11/4/2022,HBIN_2245,
PL3311,INTAKE LOT_221201_ATL_12,12/1/2022,Jupiter Entertainment,ATL Homicide,1/5/2023,HBIN_2302,
PL3310,INTAKE LOT_221201_SHMV_4,12/1/2022,Truly Original,Summer House: Martha's Vineyard,11/11/2022,HBIN_2250,
PL3312,INTAKE LOT_221205_VPR_25,12/5/2022,Evolution Media,Vanderpump Rules,1/5/2023,HBIN_2303,
PL3313,INTAKE LOT_221208_SHMV_5,12/8/2022,Truly Original,Summer House: Martha's Vineyard,11/11/2022,HBIN_2250,
PL3316,INTAKE LOT_230101_SHMV_6,12/22/2022,Truly Original,Summer House: Martha's Vineyard,1/5/2023,HBIN_2304,
PL3317,INTAKE LOT_230101_VPR_26,12/29/2022,Evolution Media,Vanderpump Rules,1/19/2023,HBIN_2310,
PL3319,INTAKE LOT_230104_ATL_13,1/4/2023,Jupiter Entertainment,ATL Homicide,4/12/2023,HBIN_2330,
PL3320,INTAKE LOT_230104_SHMV_7,1/4/2023,Truly Original,Summer House: Martha's Vineyard,1/6/2023,HBIN_2305,
PL3321,INTAKE LOT_230106_SHMV_8,1/6/2023,Truly Original,Summer House: Martha's Vineyard,1/13/2023,HBIN_2309,
PL3324,INTAKE LOT_230113_SHMV_9,1/12/2023,Truly Original,Summer House: Martha's Vineyard,2/14/2023,HBIN_2314,
PL3325,INTAKE LOT_230119_VPR10_27,1/19/2023,Evolution Media,Vanderpump Rules,2/10/2023,HBIN_2311,
PL3326,INTAKE LOT_230207_SHMV_10,2/7/2023,Truly Original,Summer House: Martha's Vineyard,2/23/2023,HBIN_2316,
PL3327,INTAKE LOT_230208_VPR10_28,2/8/2023,Evolution Media,Vanderpump  Rules,2/22/2023,HBIN_2315,
PL3328,INTAKE LOT_230210_VPR10_29,2/9/2023,Evolution Media,Vanderpump Rules,2/28/2023,HBIN_2317,
PL3330,INTAKE LOT_230213_VPR10_30,2/23/2023,Evolution Media,Vanderpump Rules,3/7/2023,HBIN_2318,
PL3329,INTAKE LOT_230223_SHMV_11,2/22/2023,Truly Original,Summer House: Martha's Vineyard,3/14/2023,HBIN_2320,
PL3331,INTAKE LOT_230301_VPR10_31,2/28/2023,Evolution Media,Vanderpump Rules,3/9/2022,HBIN_2319,
PL3332,INTAKE LOT_230302_VPR10_32,3/1/2023,Evolution Media,Vanderpump Rules,3/17/2023,HBIN_2327,
PL3333,INTAKE LOT_230310_VPR10_33,3/9/2023,Evolution Media,Vanderpump Rules,3/31/2023,HBIN_2328,
PL3334,INTAKE LOT_230313_SHMV_12,3/13/2023,Truly Original,Summer House: Martha's Vineyard,4/26/2023,HBIN_2331,
PL3342,INTAKE LOT_230330_ATL_14,3/30/2023,Jupiter Entertainment,ATL Homicide,6/30/2023,HBIN_2334,
PL3341,INTAKE LOT_230330_VPR10_34,3/30/2023,Evolution Media,Vanderpump  Rules,4/11/2023,HBIN_2329,
PL3406,INTAKE LOT_230407_AP1205,12/7/2023,Cineflix NY,American Pickers,3/15/2024,HBIN_2424,
PL3406,INTAKE LOT_230407_AP1205,12/7/2023,Cineflix NY,American Pickers,3/15/2024,HBIN_2424,
PL3343,INTAKE LOT_230413_SHMV_13,4/13/2023,Truly Original,SUMMER HOUSE:Martha's Vineyard Season 1,10/13/2023,HBIN_2348,
PL3344,INTAKE LOT_230413_VPR10_35,4/13/2023,Evolution Media,Vanderpump Rules,4/26/2023,HBIN_2332,
PL3246,INTAKE LOT_230414,8/4/2022,Haus Internal,,8/4/2022,,
PL3356,INTAKE LOT_230428_VPR10_36,4/27/2023,Evolution Media,Vanderpump  Rules,5/5/2023,HBIN_2333,
PL3358,INTAKE LOT_230510_ATL_15/ Snapped 59,5/10/2023,Jupiter Entertainment,Snapped,7/21/2023,HBIN_2336,
PL3359,INTAKE LOT_230602_ATL_16 Snapped 60,6/1/2023,Jupiter Entertainment,Snapped,7/20/2023,HBIN_2337,
PL3360,INTAKE LOT_230608,6/8/2023,Haus Internal,,6/8/2023,,
PL3361,INTAKE LOT_230621,6/21/2023,Cineflix NY,American Pickers,11/10/2023,HBIN_2359,SENT AS AP12_02
PL3362,INTAKE LOT_230623_PICKERS_1109,6/22/2023,Cineflix NY,American Pickers,11/8/2023,HBIN_2357,
PL3363,INTAKE LOT_230629_Pickers_1201,6/28/2023,Cineflix NY,American Pickers,11/10/2023,HBIN_2358,
PL3364,INTAKE LOT_230703,6/29/2023,Cineflix NY,American Pickers,11/17/2023,HBIN_2364,
PL3366,INTAKE LOT_230710_Pickers_1108,7/6/2023,Cineflix NY,American Pickers,8/4/2023,HBIN_2338,Sent to American Pickers as AP1108
PL3367,INTAKE LOT_230720_PICKERS_1107,7/20/2023,Cineflix NY,American Pickers,7/12/2023,HBIN_2335,SENT TO PICKERS as 1107
PL3357,INTAKE LOT_230908_VPR11_1,5/3/2023,Evolution Media,Vanderpump Rules,9/15/2023,HBIN_2340,
PL3370,INTAKE LOT_230913_VPR11_02,9/13/2023,Evolution Media,Vanderpump Rules,9/22/2023,HBIN_2341,
PL3371,INTAKE LOT_230918_VPR11_3,9/17/2023,Evolution Media,Vanderpump  Rules,9/29/2023,HBIN_2343,
PL3372,INTAKE LOT_230925_VPR11_4,9/22/2023,Evolution Media,Vanderpump  Rules,10/6/2023,HBIN_2345,
PL3384,INTAKE LOT_231003_VPR11_6,10/1/2023,Evolution Media,Vanderpump Rules,10/24/2023,HBIN_2351,
PL3385,INTAKE LOT_231005_Snapped_17,10/5/2023,Jupiter Entertainment,Snapped,10/13/2023,HBIN_2349,
PL3386,INTAKE LOT_231009_Snapped_18,10/6/2023,Jupiter Entertainment,Snapped,11/17/2023,HBIN_2361,
PL3386,INTAKE LOT_231009_Snapped_18,10/6/2023,Jupiter Entertainment,Snapped,11/17/2023,HBIN_2361,
PL3388,INTAKE LOT_231016_SHMV2_03,10/13/2023,Truly Original,SUMMER HOUSE:Martha's Vineyard Season 2,10/20/2023,HBIN_2350,
PL3395,INTAKE LOT_231018_Snapped_19,10/31/2023,Jupiter Entertainment,Snapped,11/17/2023,HBIN_2362,
PL3391,INTAKE LOT_231020_SHMV2_04,10/20/2023,Truly Original,SUMMER HOUSE:Martha's Vineyard Season 2,11/3/2023,HBIN_2354,
PL3396,INTAKE LOT_231102_VPR11_9,11/2/2023,Evolution Media,Vanderpump Rules,11/7/2023,HBIN_2355,
PL3397,INTAKE LOT_231103_VPR11_10,11/2/2023,Evolution Media,Vanderpump Rules,11/7/2023,HBIN_2356,
PL3400,INTAKE LOT_231113_Snapped_20,11/11/2023,Jupiter Entertainment,Snapped,12/1/2023,HBIN_2367,
PL3403,INTAKE LOT_231120_Snapped_21,11/19/2023,Jupiter Entertainment,Snapped,12/8/2023,HBIN_2370,
PL3405,INTAKE LOT_231204_Snapped_22,12/1/2023,Jupiter Entertainment,Snapped,2/2/2024,HBIN_2405,
PL3408,INTAKE LOT_231209_PICKERS_1206,12/8/2023,Cineflix NY,American Pickers,3/15/2024,HBIN_2425,
PL3555,INTAKE LOT_231215_SHMV2_09,7/11/2024,Truly Original,SUMMER HOUSE:Martha's Vineyard Season 2,1/26/2024,HBIN_2403,
PL3381,INTAKE LOT_23231002_VPR11_5,9/29/2023,Evolution Media,Vanderpump Rules,10/13/2023,HBIN_2346,
PL3413,INTAKE LOT_240108_PICKERS,1/7/2024,Cineflix NY,American Pickers,3/15/2024,HBIN_2428,
PL3417,INTAKE LOT_240119_PICKERS,1/19/2024,Cineflix NY,American Pickers,3/15/2024,HBIN_2429,
PL3421,INTAKE LOT_240126_PICKERS,1/26/2024,Cineflix NY,American Pickers,,,
PL3425,INTAKE LOT_240203_VPR11_16,2/6/2024,Evolution Media,Vanderpump Rules,2/2/2024,HBIN_2407,
PL3632,INTAKE LOT_240206_VPR11_17,5/6/2025,Evolution Media,Vanderpump Rules,2/6/2024,HBIN_2409,
PL3428,INTAKE LOT_240207_SHMV2_11,2/9/2024,Truly Original,SUMMER HOUSE:Martha's Vineyard Season 2,2/9/2024,HBIN_2408,
PL3431,INTAKE LOT_240207_VPR11_18,2/15/2024,Evolution Media,Vanderpump Rules,2/16/2024,HBIN_2411,
PL3637,INTAKE LOT_240213_Snapped_24,6/25/2025,Jupiter Entertainment,Snapped,2/13/2024,HBIN_2415,
PL3430,INTAKE LOT_240214_SHMV2_12,2/14/2024,Truly Original,SUMMER HOUSE:Martha's Vineyard Season 2,2/16/2024,HBIN_2410,
PL3430,INTAKE LOT_240214_SHMV2_12,2/14/2024,Truly Original,SUMMER HOUSE:Martha's Vineyard Season 2,2/16/2024,HBIN_2410,
PL3432,INTAKE LOT_240219_Dramedy For Bravo,2/19/2024,Haus Internal,,,,
PL3439,INTAKE LOT_240219_SHMV_16,3/11/2024,Truly Original,SUMMER HOUSE:Martha's Vineyard Season 2,3/8/2024,HBIN_2421,Duplication of INTAKE LOT_240219_Dramedy For Bravo
PL3440,INTAKE LOT_240219_VPR11_22,3/11/2024,Evolution Media,Vanderpump Rules,3/8/2024,HBIN_2422,Duplicate of INTAKE LOT_240219_Dramedy For Bravo
PL3562,INTAKE LOT_240226_WouldBePickers01,8/8/2024,Haus Internal,,,,
PL3443,INTAKE LOT_240227_All Bravo,3/13/2024,Haus Internal,,,,
PL3434,INTAKE LOT_240227_SHMV_14,2/28/2024,Truly Original,SUMMER HOUSE:Martha's Vineyard Season 2,3/1/2024,HBIN_2417,
PL3437,INTAKE LOT_240227_SHMV2_15,3/6/2024,Truly Original,SUMMER HOUSE:Martha's Vineyard Season 2,3/9/2024,HBIN_2419,
PL3446,INTAKE LOT_240227_SHMV2_17,3/20/2024,Truly Original,SUMMER HOUSE:Martha's Vineyard Season 2,3/22/2024,HBIN_2432,
PL3444,INTAKE LOT_240227_SHMV2_17,3/15/2024,Truly Original,SUMMER HOUSE:Martha's Vineyard Season 2,3/15/2024,HBIN_2426,Dulplicate of INTAKE LOT_240227_ALL BRAVO
PL3433,INTAKE LOT_240227_Snapped_25,2/27/2024,Jupiter Entertainment,Snapped,3/1/2024,HBIN_2416,
PL3436,INTAKE LOT_240227_Snapped_26,3/5/2024,Jupiter Entertainment,Snapped,3/11/2024,HBIN_2423,
PL3435,INTAKE LOT_240227_VPR11_20,2/29/2024,Evolution Media,Vanderpump Rules,3/1/2024,HBIN_2418,
PL3438,INTAKE LOT_240227_VPR11_21,3/7/2024,Evolution Media,Vanderpump Rules,3/9/2024,HBIN_2420,
PL3445,INTAKE LOT_240227_VPR11_23,3/15/2024,Evolution Media,Vanderpump Rules,3/15/2024,HBIN_2427,
PL3452,INTAKE LOT_240311_ALL BRAVO,3/29/2024,Haus Internal,,,,
PL3442,INTAKE LOT_240311_Snapped 27,3/12/2024,Jupiter Entertainment,Snapped,3/15/2024,HBIN_2430,
PL3449,INTAKE LOT_240311_VPR11_24,3/22/2024,Evolution Media,Vanderpump Rules,3/22/2024,HBIN_2433,
PL3447,INTAKE LOT_240319_Snapped_28,3/21/2024,Jupiter Entertainment,Snapped,3/22/2024,HBIN_2431,
PL3450,INTAKE LOT_240325_Snapped_29,3/27/2024,Jupiter Entertainment,Snapped,3/29/2024,HBIN_2436,
PL3453,INTAKE LOT_240329_SHMV2_19,3/29/2024,Truly Original,SUMMER HOUSE:Martha's Vineyard Season 2,3/29/2024,HBIN_2434,
PL3455,INTAKE LOT_240402_Snapped_30,4/2/2024,Jupiter Entertainment,Snapped,4/5/2024,HBIN_2437,
PL3456,INTAKE LOT_240403_BRAVOLICIOUS,4/3/2024,Haus Internal,,,,
PL3457,INTAKE LOT_240403_Snapped_31,4/9/2024,Jupiter Entertainment,Snapped,4/12/2024,HBIN_2440,
PL3459,INTAKE LOT_240410_SHMV2_21,4/12/2024,Truly Original,SUMMER HOUSE:Martha's Vineyard Season 2,4/12/2024,HBIN_2441,Original lot BRAVOLICITY
PL3460,INTAKE LOT_240410_VPR11_27,4/12/2024,Evolution Media,Vanderpump Rules,4/12/2024,HBIN_2442,
PL3460,INTAKE LOT_240410_VPR11_27,4/12/2024,Evolution Media,Vanderpump Rules,4/12/2024,HBIN_2442,
PL3462,INTAKE LOT_240416_Snapped_32,4/18/2024,Jupiter Entertainment,Snapped,4/19/2024,HBIN_2445,
PL3461,INTAKE LOT_240417_BRAVO_Fun,4/17/2024,Haus Internal,Vanderpump Rules,,,
PL3463,INTAKE LOT_240423_Snapped_34,4/25/2024,Jupiter Entertainment,Snapped,5/3/2024,HBIN_2446,
PL3464,INTAKE LOT_240424_BRAVOCITY,4/29/2024,Evolution Media,Vanderpump  Rules,,,
PL3556,INTAKE LOT_240510_Snapped_35,7/12/2024,Jupiter Entertainment,Snapped,7/26/2024,HBIN_2449,
PL3541,INTAKE LOT_240520_SOCMED1,5/20/2024,Haus Internal,,,,
PL3565,INTAKE LOT_240521_SocMed2,9/3/2024,Haus Internal,,,,
PL3566,INTAKE LOT_240522_SocMed3,9/4/2024,Haus Internal,,,,
PL3558,INTAKE LOT_240720_BCLT,7/20/2024,Haus Internal,,,,
PL3560,INTAKE LOT_240727,7/27/2024,Haus Internal,,,,
PL3561,INTAKE LOT_240730,8/2/2024,Haus Internal,,,,
PL3563,INTAKE LOT_240816,8/16/2024,Haus Internal,,,,
PL3568,INTAKE LOT_240911_Snapped MEGA 1,9/12/2024,Jupiter Entertainment,Snapped,9/18/2024,HBIN_2450,
PL3569,INTAKE LOT_240916_Snapped 36,9/30/2024,Jupiter Entertainment,Snapped,10/11/2024,HBIN_2451,
PL3570,INTAKE LOT_241008_SocMed4,10/8/2024,Haus Internal,,,,
PL3571,INTAKE LOT_241021 Snapped 37,10/15/2024,Jupiter Entertainment,Snapped,1/17/2025,HBIN_2501,
PL3572,INTAKE LOT_241107_SocMed5,12/10/2024,Haus Internal,,,,
PL3573,INTAKE LOT_241210_ROCK,12/12/2024,Haus Internal,,,,
PL3576,INTAKE LOT_241217_ROCK,12/18/2024,Haus Internal,,,,
PL3574,INTAKE LOT_241217_Snapped 38,12/17/2024,Jupiter Entertainment,Snapped,1/17/2025,HBIN_2502,
PL3579,INTAKE LOT_241218_SocMed6,1/14/2025,Haus Internal,,,,
PL3578,INTAKE LOT_250115_ROCK,1/14/2025,Haus Internal,,,,
PL3580,INTAKE LOT_250115_SocMed7,1/15/2025,Haus Internal,,,,
PL3581,INTAKE LOT_250116_ROCK,1/15/2025,Haus Internal,,,,
PL3582,INTAKE LOT_250117_Snapped_39,1/17/2025,Jupiter Entertainment,Snapped,3/7/2025,HBIN_2503,
PL3583,INTAKE LOT_250121_Snapped_40,1/21/2025,Jupiter Entertainment,Snapped,9/2/2025,HBIN_2562,
PL3587,INTAKE LOT_250122_ROCK,1/22/2025,Haus Internal,,,,
PL3588,INTAKE LOT_250128_ROCK,1/28/2025,Haus Internal,,,,
PL3589,INTAKE LOT_250211_ROCK,1/29/2025,Haus Internal,,,,
PL3591,INTAKE LOT_250211_Snapped_41,3/12/2025,Jupiter Entertainment,Snapped,9/19/2025,HBIN_2566,
PL3590,INTAKE LOT_250213_ROCK,2/12/2025,Haus Internal,,,,
PL3592,INTAKE LOT_250312_Snapped_42,3/12/2025,Jupiter Entertainment,Snapped,9/30/2025,HBIN_2567,
PL3593,INTAKE LOT_250318_SOCMED,3/12/2025,Haus Internal,,,,
PL3594,INTAKE LOT_250319_SOCMED,3/19/2025,Haus Internal,,,,
PL3631,INTAKE LOT_250410_SOCMED,4/9/2025,Haus Internal,,,,
PL3633,INTAKE LOT_250507_SOCMED,5/7/2025,Haus Internal,,,,
PL3634,INTAKE LOT_250514_SOCMED,5/14/2025,Haus Internal,,,,
PL3635,INTAKE LOT_250527_PICKERS_ORGAN,5/27/2025,Cineflix NY,American Pickers,,,
PL3638,INTAKE LOT_250724_BRAVO 1,7/24/2025,Haus Internal,,,,
PL3639,INTAKE LOT_250724_BRAVO 2,7/24/2025,Haus Internal,,,,
PL3640,INTAKE LOT_250724_BRAVO 3,7/24/2025,Haus Internal,,,,
PL3641,INTAKE LOT_250725_BRAVO 4,7/25/2025,Haus Internal,,,,
PL3681,INTAKE LOT_250725_BRAVO 4,11/12/2025,Haus Internal,,,,
PL3659,INTAKE LOT_250805_SOHO4_01_EX,8/8/2025,Haymaker East,Southern Hospitality Season 4,8/8/2025,HBIN_2555,NOT IN SA UNTIL AFTER SEASON AIRS Late 2026
PL3660,INTAKE LOT_250805_SOHO4_02_EX,8/8/2025,Haymaker East,Southern Hospitality Season 4,8/14/2025,HBIN_2556,
PL3665,INTAKE LOT_250819_SOHO4_04_TENSION (EX),8/19/2025,Haymaker East,Southern Hospitality Season 4,8/20/2025,HBIN_2559,
PL3630,INTAKE LOT_250827_Snapped,4/2/2025,Jupiter Entertainment,Snapped,10/24/2025,HBIN_2570,
PL3630,INTAKE LOT_250827_Snapped,4/2/2025,Jupiter Entertainment,Snapped,10/24/2025,HBIN_2570,
PL3668,INTAKE LOT_250904_SOHO4 Lifestyle,9/4/2025,Haymaker East,Southern Hospitality Season 4,9/5/2025,HBIN_2563,
PL3670,INTAKE LOT_250906,9/6/2025,Haus Internal,,,,
PL3669,INTAKE LOT_250908_Snapped,9/6/2025,Jupiter Entertainment,Snapped,10/24/2025,HBIN_2571,Snapped 44
PL3669,INTAKE LOT_250908_Snapped,9/6/2025,Jupiter Entertainment,Snapped,10/24/2025,HBIN_2571,
PL3671,INTAKE LOT_250911_SOHO4_08 EDM (EX),9/11/2025,Haymaker East,Southern Hospitality Season 4,9/12/2025,HBIN_2564,
PL3672,INTAKE LOT_250912,9/12/2025,Haus Internal,,,,
PL3673,INTAKE LOT_250918_SHO4_09_EDM(EX),9/18/2025,Haymaker East,Southern Hospitality Season 4,9/19/2025,HBIN_2565,
PL3674,INTAKE LOT_250919_Snapped 45,9/19/2025,Jupiter Entertainment,Snapped,11/3/2025,HBIN_2572,
PL3685,INTAKE LOT_251119_SOHO4_15_MIXED(EX),11/19/2025,Haymaker East,Southern Hospitality Season 4,11/20/2025,HBIN_2577,
PL3682,INTAKE LOT_251202,11/12/2025,Haus Internal,,,,
PL3688,INTAKE LOT_251202_Snapped 48,12/2/2025,Jupiter Entertainment,Snapped,12/12/2025,HBIN_2580,
PL3692,INTAKE LOT_251210_Snapped 49,12/9/2025,Jupiter Entertainment,Snapped,2/6/2026,,
PL3701,INTAKE LOT_260128_SOHO4_22,1/28/2026,Haymaker East,Southern Hospitality 4,2/5/2026,HBIN_2606,
PL3704,INTAKE LOT_260204_Snapped_50,2/4/2026,Jupiter Entertainment,Snapped,2/13/2026,HBIN_2607,
PL3714,INTAKE LOT_260317_SOHO4_28,3/11/2026,,,,,
PL3401,INTAKE LOT_AP1204,11/15/2023,Cineflix NY,American Pickers,11/17/2023,HBIN_2364,
PL1087,INTAKE LOT_AP9_Replacement Theory,1/18/2018,CINEFLIX NY,American Pickers,,,
PL3387,INTAKE LOT_SHMV2_02,10/10/2023,Truly Original,SUMMER HOUSE:Martha's Vineyard Season 2,10/13/2023,HBIN_2347,
PL3404,INTAKE LOT_SHMV2_07,12/1/2023,Truly Original,SUMMER HOUSE:Martha's Vineyard Season 2,12/8/2023,HBIN_2369,
PL3411,INTAKE LOT_SHMV2_08,12/15/2023,Truly Original,SUMMER HOUSE:Martha's Vineyard Season 2,1/2/2024,HBIN_2402,
PL3423,INTAKE LOT_SHMV2_10,1/31/2024,Truly Original,SUMMER HOUSE:Martha's Vineyard Season 2,2/2/2024,HBIN_2406,
PL3546,INTAKE LOT_SHMV2_19,6/22/2024,Truly Original,SUMMER HOUSE:Martha's Vineyard Season 2,3/29/2024,HBIN_2434,
PL3549,INTAKE LOT_SHMV2_20,6/24/2024,Truly Original,SUMMER HOUSE:Martha's Vineyard Season 2,4/5/2024,HBIN_2438,
PL3551,INTAKE LOT_SHMV2_22,6/25/2024,Truly Original,SUMMER HOUSE:Martha's Vineyard Season 2,4/19/2024,HBIN_2443,
PL3544,INTAKE LOT_SHMV2_23,6/22/2024,Truly Original,SUMMER HOUSE:Martha's Vineyard Season 2,5/3/2024,HBIN_2447,
PL3389,INTAKE LOT_SHMV2_VPR11_BCLT_1,10/13/2023,Haus Internal,Vanderpump  Rules,,,
PL3422,INTAKE LOT_Snapped_23,1/30/2024,Jupiter Entertainment,Snapped,2/16/2024,HBIN_2412,
PL1077,INTAKE LOT_STINGS_Drama and Horror,1/4/2018,Haus Internal,,,,
PL3393,INTAKE LOT_VPR11_07,10/26/2023,Evolution Media,Vanderpump Rules,10/27/2023,HBIN_2352,
PL3394,INTAKE LOT_VPR11_08,10/26/2023,Evolution Media,Vanderpump Rules,11/3/2023,HBIN_2353,
PL3394,INTAKE LOT_VPR11_08,10/26/2023,Evolution Media,Vanderpump Rules,11/3/2023,HBIN_2353,
PL3398,INTAKE LOT_VPR11_11,11/7/2023,Evolution Media,Vanderpump Rules,11/17/2023,HBIN_2365,
PL3409,INTAKE LOT_VPR11_13,12/14/2023,Evolution Media,Vanderpump Rules,12/14/2023,HBIN_2371,
PL3410,INTAKE LOT_VPR11_15,12/14/2023,Evolution Media,Vanderpump Rules,1/26/2024,HBIN_2404,
PL3547,INTAKE LOT_VPR11_25,6/22/2024,Evolution Media,Vanderpump Rules,3/29/2024,HBIN_2435,
PL3550,INTAKE LOT_VPR11_26,6/24/2024,Evolution Media,Vanderpump Rules,4/5/2024,HBIN_2439,
PL3552,INTAKE LOT_VPR11_28,6/25/2024,Evolution Media,Vanderpump Rules,4/19/2024,HBIN_2444,
PL3545,INTAKE LOT_VPR11_29,6/22/2024,Evolution Media,Vanderpump Rules,5/3/2024,HBIN_2448,
PL3454,INTKE LOT_240329_VPR11_25,3/29/2024,Evolution Media,Vanderpump Rules,3/29/2024,HBIN_2435,
PL1689,JUPE_Stratus Update_TBT,4/2/2019,Jupiter Entertainment,,4/2/2019,,
PL1684,JUPE_StratusUpdate FS_TensePulse,3/29/2019,Jupiter Entertainment,,3/29/2019,,
PL1677,JUPE_StratusUpdate_FS_Action,3/28/2019,Jupiter Entertainment,,3/29/2019,,Any FILM SCORE_Action tracks that were not sent during the Murder Calls Lots
PL1678,JUPE_StratusUpdate_FS_Creepy,3/28/2019,Jupiter Entertainment,,3/29/2019,,
PL1679,JUPE_StratusUpdate_FS_Dramatic Builds,3/28/2019,Jupiter Entertainment,,3/29/2019,,
PL1681,JUPE_StratusUpdate_FS_Dramatic Tension,3/28/2019,Jupiter Entertainment,,3/29/2019,,
PL1688,JUPE_StratusUpdate_FS_Intrigue,4/1/2019,Jupiter Entertainment,,4/1/2019,,
PL1685,JUPE_StratusUpdate_FS_LightTension,3/29/2019,Jupiter Entertainment,,3/29/2019,,
PL1687,JUPE_StratusUpdate_FS_Mysterious,4/1/2019,Jupiter Entertainment,,4/1/2019,,
PL1683,JUPE_StratusUpdate_FS_Tense Drones,3/28/2019,Jupiter Entertainment,,3/29/2019,,
PL1682,JUPE_StratusUpdate_FS_TenseBeats,3/28/2019,Jupiter Entertainment,,3/29/2019,,
PL1686,JUPE_StratusUpdate_FS_Tension,4/1/2019,Jupiter Entertainment,,4/1/2019,,
PL3248,LeftRight_CMLS_2_50's Pop,8/8/2022,LEFT RIGHT TV,,8/8/2022,DRIVE,
PL3250,LeftRight_CMLS_2_80's Hair Band,8/8/2022,LEFT RIGHT TV,,8/8/2022,DRIVE,
PL3249,LeftRight_CMLS_2_80's New Wave,8/8/2022,LEFT RIGHT TV,,8/8/2022,DRIVE,
PL3251,LeftRight_CMLS_2_80's Pop Rock Dance,8/9/2022,LEFT RIGHT TV,,8/8/2022,DRIVE,
PL3252,LeftRight_CMLS_2_80's Post Punk,8/9/2022,LEFT RIGHT TV,,8/8/2022,,
PL2497,LIBRARY PULL_200417_JUPITER_10THINGS_POP,4/17/2020,CL003,,,,
PL2794,LP | 201112_SixPlusOne_VWE Holiday Spot 1&2,12/3/2020,Six + One,Bronx Zoo,11/16/2020,,
PL3079,LP | AD JOB | Platinum Rye Anthropolgie spot #1,8/27/2021,CL061,Anthropologie,6/29/2021,,
PL2741,LP | HIVE_CNBC_Superheist Pilot,10/19/2020,Jupiter Entertainment,,10/19/2020,HBIN_2050,
PL3153,"LP 211014_LeftRight_DTS_""Enlight""",1/18/2022,CL004,,10/14/2021,,
PL3149,LP 211028_LeftRight DTS ROUND 1,1/17/2022,CL004,DTS,10/28/2021,,Wanted more music sounding like HAUS_ReasonableMan
PL3154,LP 211105_LEFTRIGHT_Bee Czar Round 1,1/18/2022,CL004,Bee Czar,11/05/2021,,
PL3074,LP Filmdimensionen E-CARS,8/27/2021,CL059,E-CAR AD,8/27/2021,,
PL3162,LP_191113_LEFTRIGHT_Pop Opem,1/18/2022,CL004,WELL,11/13/2019,,
PL3160,LP_191121_LEFTRIGHT_Well_Tantra,1/18/2022,CL004,,11/21/2019,,
PL3021,LP_200211_NORTHNOTE_Google,6/2/2021,CL044,,2/11/2020,,
PL3022,LP_200217_PATH 8_Hope Initiative,6/3/2021,CL045,,2/17/2020,,
PL3028,LP_200218_Six+One_Bronx Zoo Promo Round 1,6/8/2021,CL026,Bronx Zoo,2/18/2020,,
PL3029,LP_200218_Six+One_Bronx Zoo Promo Round 1a,6/8/2021,CL026,Bronx Zoo,2/19/2020,,
PL3030,LP_200218_Six+One_Bronx Zoo Promo Round 2,6/9/2021,CL026,Bronx Zoo,2/19/2020,,
PL3031,LP_200218_Six+One_Bronx Zoo Promo Round 3,6/9/2021,CL026,Bronx Zoo,3/20/2020,,
PL3032,LP_200218_Six+One_Bronx Zoo Promo Round 4,6/9/2021,CL026,Bronx Zoo,2/21/2020,,
PL3023,LP_200219 MULLEN Etrade Bear Market,6/3/2021,CL046,,2/19/2020,,
PL3027,LP_200312_SRF_Einstein Homophobia Doc,6/8/2021,CL020,,3/12/2020,,
PL2498,LP_200420_JUPITER_10THINGS_CIRCUS,4/18/2020,Jupiter Entertainment,,4/20/2020,,
PL3024,LP_200514_NorthNote_Vibrant Alcohol,6/3/2021,CL044,,5/14/2020,,
PL3026,LP_200608_SRF Awards,6/8/2021,CL020,,6/8/2020,,
PL3184,LP_200608_SRF_Award Ceremony_Industrials,1/19/2022,CL020,,6/8/2020,,
PL3183,LP_200608_SRF_Awards Ceremony Health & Retail,1/19/2022,CL020,,6/8/2020,,
PL3179,LP_200911_NDR_Kingsline Doc_ History,1/19/2022,CL025,,9/11/2020,,
PL3179,LP_200911_NDR_Kingsline Doc_ History,1/19/2022,CL025,,9/11/2020,,
PL3178,LP_200911_NDR_Kingsline Doc_Challenge,1/19/2022,CL025,,9/11/2020,,
PL3177,LP_200911_NDR_Kingsline Doc_First Travel,1/19/2022,CL025,,9/11/2020,,
PL3181,LP_201029_NDR_Wolf Doc_Die Gefahr,1/19/2022,CL025,,10/29/2020,,
PL3182,LP_201029_NDR_Wolf Doc_Hoffnung,1/19/2022,CL025,,10/29/2020,,
PL3176,LP_201029_NDR_WOLF DOC_Positive,1/19/2022,CL025,,10/29/2020,,
PL3180,LP_201029_NDR_Wolf Doc_The Wolf,1/19/2022,NDR,,10/29/2020,,
PL3040,LP_201127_NorthNote_JazzSelects,6/9/2021,CL044,,11/27/2020,,
PL3034,LP_201218_Six+One_Bronx Zoo Winter Lights 1,6/9/2021,CL026,Bronx Zoo,12/18/2020,,
PL3035,LP_201218_Six+One_Bronx Zoo Winter Lights 2,6/9/2021,CL026,Bronx Zoo,12/18/2020,,
PL3036,LP_201218_Six+One_Bronx Zoo Winter Lights 3,6/9/2021,CL026,Bronx Zoo,12/18/2020,,
PL3037,LP_201218_Six+One_Bronx Zoo Winter Lights 4,6/9/2021,CL026,Bronx Zoo,12/18/2020,,
PL3038,LP_201218_Six+One_Bronx Zoo Winter Lights 5,6/9/2021,CL026,Bronx Zoo,12/18/2020,,
PL3159,LP_210113_LEFTRIGHT_Chef Boot Camp,1/18/2022,CL004,Chef Boot Camp,1/13/2021,,
PL2872,LP_210210_TheHive_Documentary,2/11/2021,CL003,,2/11/2021,,
PL2876,LP_210216_TheHive_FeatureDocumentary2,2/16/2021,CL003,,2/16/2021,HBIN_2124,
PL3175,LP_210222_THE HIVE_Dog Documentary,1/19/2022,CL003,,2/22/2021,,
PL2907,LP_210427_Melillo_ TRUIST,4/27/2021,Freelance,Truist,4/27/2021,PLAYLIST,
PL3044,LP_210427_Melillo_TRUIST,6/14/2021,CL033,Truist,4/27/2021,,
PL3044,LP_210427_Melillo_TRUIST,6/14/2021,CL033,Truist,4/27/2021,,
PL3039,LP_210518_Underhill Studios - Dropbox,6/9/2021,CL053,,5/18/2021,,
PL3046,LP_210526_MusicPlease_EBAY,6/14/2021,CL056,,5/26/2021,,
PL3045,LP_210602_FANZONE_YouTubeVideos,6/14/2021,CL055,,6/2/2021,,
PL3165,LP_210618_MION_RolePlayers_FULL LIST,1/18/2022,CL062,,6/18/2021,,
PL3166,LP_210618_MION_Roleplayers_Melancholic,1/18/2022,CL062,,06/18/2021,,
PL3167,LP_210618_MION_Roleplayers_Tense Beats,1/18/2022,CL062,,6/18/2021,,
PL3164,LP_210628_MION_RolePlayers_DRONES,1/18/2022,CL062,,6/18/2021,,
PL3161,"LP_210726_LEFTRIGHT_""Vogue""",1/18/2022,CL004,,7/26/2021,,
PL3155,LP_210821_SRF_ModernPiano,1/18/2022,CL020,,8/21/2021,,
PL3157,LP_210827_LEFTRIGHT_Cookout,1/18/2022,CL004,,8/27/2021,,
PL3172,LP_210827_THE HIVE_Superheists,1/19/2022,CL003,,8/27/2021,,
PL3171,LP_210830_KABEL1_Groovin,1/18/2022,CL060,,8/30/2021,,
PL3169,LP_210929_STUDIO L'_Playful,1/18/2022,CL071,,9/29/2021,,
PL3373,LP_211004_LeftRight DTS Elevator Music,9/27/2023,LEFT RIGHT TV,Dressed To Shill,10/4/2021,PL,
PL3150,LP_211028_LeftRight_DTS ROUND 2,1/17/2022,CL004,DTS,10/28/2021,,
PL3152,LP_211209_PLATINUM_Anthropologie 70's RETRO,1/17/2022,CL061,Anthropologie,12/9/2021,,
PL3173,LP_211221_SRF_SwissPeopleInQatar,1/19/2022,CL020,,12/21/2021,,
PL3174,LP_220112_QUIRK_Innovo Moodboard,1/19/2022,QUIRK Creative,Innovo,1/12/2022,,
PL3193,LP_220303_Six+One_Bronx Zoo Dinosaur Round 1,3/10/2022,CL026,,3/3/2022,,
PL3194,LP_220309_Six+One_Bronx Zoo Dinosaur Round 2,3/10/2022,CL026,,3/9/2022,,
PL3222,LP_220314_LeftRight_CHEF_Mario Batali ROUND 2,5/11/2022,LEFT RIGHT TV,,3/14/2022,,
PL3223,LP_220318_LeftRight_CHEF Mario Batali_ROUND 3,5/11/2022,LEFT RIGHT TV,,3/18/2022,,
PL3221,LP_220322_LeftRight_CHEF_MarioBatali ROUND1,5/11/2022,LEFT RIGHT TV,,3/22/2022,,
PL3224,LP_220323_BRAND CRU_Chubb Report ROUND 1,5/12/2022,Brand Cru,,3/23/2022,,
PL3226,LP_220422_SIX+ONE_Spectrum Mobile,6/30/2022,Six + One,Spectrum,4/22/2022,,
PL3375,LP_220503_Bronx Zoo Dino Safari Theater,9/27/2023,Six + One,Bronx Zoo,5/3/2022,PLAYLIST,
PL3376,LP_220523_Bronx Zoo Dino Safari Theater R2,9/27/2023,Six + One,Bronx Zoo,5/23/2023,PLAYLIST,
PL3377,LP_221012_The Circus_Cocktail Bar,9/27/2023,LEFT RIGHT TV,The Circus,10/12/2022,PLAYLIST,
PL3322,LP_221220_SummerHouse_ Hip Hop 1,1/7/2023,Truly Original,Summer House Martha's Vineyard,12/20/2022,,
PL3323,LP_230107_ShummerHouse_HipHop2,1/7/2023,Truly Original,Summer House Martha's Vineyard,1/7/2023,HBIN_2307,
PL3643,LP_250726_SOHO4_80s Rock & Pop,7/26/2025,Haymaker East,Southern Hospitality Season 4,7/26/2025,HBIN_2546,
PL3652,LP_250726_SOHO4_ComicLightTension,7/28/2025,Haymaker East,Southern Hospitality Season 4,7/28/2025,HBIN_2547,
PL3644,LP_250726_SOHO4_Disco,7/26/2025,Haymaker East,Southern Hospitality Season 4,7/26/2025,HBIN_2546,
PL3653,LP_250726_SOHO4_FilmScore_Intrigue,7/28/2025,Haymaker East,Southern Hospitality Season 4,7/28/2025,HBIN_2547,
PL3645,LP_250726_SOHO4_HipHop,7/26/2025,Haymaker East,Southern Hospitality Season 4,7/26/2025,HBIN_2546,
PL3646,LP_250726_SOHO4_House,7/26/2025,Haymaker East,Southern Hospitality Season 4,7/26/2025,HBIN_2546,
PL3647,LP_250726_SOHO4_POP,7/27/2025,Haymaker East,Southern Hospitality Season 4,7/27/2025,HBIN_2546,
PL3648,LP_250726_SOHO4_SoulRandB,7/27/2025,Haymaker East,Southern Hospitality Season 4,7/27/2025,HBIN_8546,
PL3649,LP_250726_SOHO4_Techno,7/27/2025,Haymaker East,Southern Hospitality Season 4,7/27/2025,HBIN_2546,
PL3650,LP_250726_SOHO4_Trance,7/27/2025,Haymaker East,Southern Hospitality Season 4,7/27/2025,HBIN_2546,
PL3651,LP_250726_SOHO4_WorldEthnic,7/27/2025,Haymaker East,Southern Hospitality Season 4,7/27/2025,HBIN_2546,
PL3216,LP_CINEFLIX_ Black Domme Pilot 1,5/9/2022,Cineflix NY,Black Domme NY PILOT,5/6/2022,HBIN_2208,
PL3217,LP_CINEFLIX_ Black Domme Pilot 2,5/9/2022,Cineflix NY,,5/6/2022,"HBIN_2209,2210,2211",
PL3076,LP_Kabel1_TRIP HOP,8/27/2021,CL060,,8/26/2021,,
PL3163,LP_KOROMPLIAS_Loft Moodboard,1/18/2022,CL069,,12/20/2021,,
PL3134,LP_Need For Speed Playlist,12/17/2021,Film Dimensionen Berlin,,8/27/2021,,
PL3378,LP_NYTP_Hip Hop,9/27/2023,LEFT RIGHT TV,New York Times Presents,1/13/2023,PLAYLIST,
PL3379,LP_NYTP_Jazz,9/27/2023,LEFT RIGHT TV,New York Times Presents,7/25/2022,PLAYLIST,
PL3658,LP_SHMV_CLT_SOHO4,8/7/2025,Haymaker East,Southern Hospitality Season 4,8/15/2025,HBIN_2557,
PL3663,LP_SHMV_RealityBed for SOHO4,8/15/2025,Haymaker East,Southern Hospitality Season 4,8/15/2025,HBIN_2559,
PL3661,LP_SHMV_Tension_SOHO4,8/13/2025,Haymaker East,Southern Hospitality Season 4,8/15/2025,HBIN_2558,
PL3043,LP_Uhara Berlin _ Schlaraffia ROUND 1,6/14/2021,CL054,,5/28/2021,,
PL3072,LP_Vanderpump Drama Examples,8/27/2021,CL058,Vanderpump Rules,7/23/2021,,
PL3075,LP_Vanderpump Transitional Examples,8/27/2021,CL058,Vanderpump Rules,7/23/2021,,
PL3077,LP_Vanderpump_ COACHELLA Examples,8/27/2021,CL058,Vanderpump Rules,7/23/2021,,
PL3073,LP_Vanderpump_Dramedy Examples,8/27/2021,CL058,Vanderpump Rules,7/23/2021,,
PL3078,LP_Vanderpump_Reflective Examples,8/27/2021,CL058,Vanderpump Rules,7/23/2021,,
PL3080,LP_zK FILM_Real Estate Image_1,8/29/2021,zK FIlms,,,,
PL3083,LP_zK FILMS_Real Estate Image_2,8/29/2021,zK FIlms,,,,
PL2499,LR Kenya Elephant Library Pull,4/21/2020,LEFT RIGHT,The Zoo,3/26/2020,HBIN_2024,
PL3272,LR_CMLS_Drive2_ALR. Post Punk Revivial,9/1/2022,LEFT RIGHT TV,,8/8/2022,FEDEX DRIVE,
PL3272,LR_CMLS_Drive2_ALR. Post Punk Revivial,9/1/2022,LEFT RIGHT TV,,8/8/2022,FEDEX DRIVE,
PL3265,LR_CMLS_Drive2_ALT Funk Rock,9/1/2022,LEFT RIGHT TV,,8/5/2022,FEDEX DRIVE,
PL3266,LR_CMLS_Drive2_ALT_Garage Rock,9/1/2022,LEFT RIGHT TV,,8/8/2022,FEDEX DRIVE,
PL3267,LR_CMLS_Drive2_ALT_Grunge,9/1/2022,LEFT RIGHT TV,,8/8/2022,FEDEX DRIVE,
PL3269,LR_CMLS_Drive2_ALT_Indie,9/1/2022,LEFT RIGHT TV,,8/8/2022,FEDEX DRIVE,
PL3270,LR_CMLS_Drive2_ALT_Industrial,9/1/2022,LEFT RIGHT TV,,8/8/2022,FEDEX DRIVE,
PL3271,LR_CMLS_Drive2_ALT_Pop Punk,9/1/2022,LEFT RIGHT TV,,8/8/2022,FEDEX DRIVE,
PL3268,LR_CMLS_Drive2_ALT_PostGrunge,9/1/2022,LEFT RIGHT TV,,8/8/2022,FEDEX DRIVE,
PL3273,LR_CMLS_Drive2_ALT. Southern Rock,9/1/2022,LEFT RIGHT TV,,8/8/2022,FEDEX DRIVE,
PL3274,LR_CMLS_Drive2_ALT. Stoner Rock,9/1/2022,LEFT RIGHT TV,,8/8/2022,FEDEX DRIVE,
PL1522,LRSU_50's Rock and Pop,9/24/2018,LEFT/RIGHT TV,,9/24/2018,,LEFT RIGHT update drive to complete STRATUS in their inventory
PL1523,LRSU_60s Rock & Pop,9/24/2018,LEFT/RIGHT TV,,9/24/2018,,LEFT RIGHT update drive to complete STRATUS in their inventory
PL1524,LRSU_80s Rock & Pop,9/24/2018,LEFT/RIGHT TV,,9/24/2018,,LEFT RIGHT update drive to complete STRATUS in their inventory
PL1525,LRSU_ALTERNATIVE ROCK,9/24/2018,LEFT/RIGHT TV,,9/24/2018,,LEFT RIGHT update drive to complete STRATUS in their inventory
PL1526,"LRSU_Ambient,Trip Hop & Acid Jazz",9/24/2018,LEFT/RIGHT TV,,9/24/2018,,LEFT RIGHT update drive to complete STRATUS in their inventory
PL1527,LRSU_BLUES,9/24/2018,LEFT/RIGHT TV,,9/24/2018,,LEFT RIGHT update drive to complete STRATUS in their inventory
PL1528,LRSU_BREAKBEAT,9/24/2018,LEFT/RIGHT TV,,9/24/2018,,LEFT RIGHT update drive to complete STRATUS in their inventory
PL1529,LRSU_CHRISTMAS MUSIC,9/24/2018,LEFT/RIGHT TV,,9/24/2018,,LEFT RIGHT update drive to complete STRATUS in their inventory
PL1530,LRSU_CLASSIC ELECTRO,9/24/2018,LEFT/RIGHT TV,,9/24/2018,,LEFT RIGHT update drive to complete STRATUS in their inventory
PL1531,LRSU_CLASSIC ROCK,9/24/2018,LEFT/RIGHT TV,,9/24/2018,,LEFT RIGHT update drive to complete STRATUS in their inventory
PL1532,LRSU_COMEDY,9/24/2018,LEFT/RIGHT TV,,9/24/2018,,LEFT RIGHT update drive to complete STRATUS in their inventory
PL1533,LRSU_COUNTRY,9/24/2018,LEFT/RIGHT TV,,9/24/2018,,LEFT RIGHT update drive to complete STRATUS in their inventory
PL1534,LRSU_CURRENT POP,9/24/2018,LEFT/RIGHT TV,,9/24/2018,,LEFT RIGHT update drive to complete STRATUS in their inventory
PL1535,LRSU_DISCO,9/24/2018,LEFT/RIGHT TV,,9/24/2018,,LEFT RIGHT update drive to complete STRATUS in their inventory
PL1536,LRSU_Drum N Bass,9/24/2018,LEFT/RIGHT TV,,9/24/2018,,LEFT RIGHT update drive to complete STRATUS in their inventory
PL1537,LRSU_DUBSTEP,9/24/2018,LEFT/RIGHT TV,,9/24/2018,,LEFT RIGHT update drive to complete STRATUS in their inventory
PL1538,LRSU_Experimental Electronic,9/24/2018,LEFT/RIGHT TV,,9/24/2018,,LEFT RIGHT update drive to complete STRATUS in their inventory
PL1539,LRSU_FILM SCORE_Action,9/24/2018,LEFT/RIGHT TV,,9/24/2018,,LEFT RIGHT update drive to complete STRATUS in their inventory
PL1540,LRSU_FILM SCORE_Adventure,9/25/2018,LEFT/RIGHT TV,,9/24/2018,,LEFT RIGHT update drive to complete STRATUS in their inventory
PL1541,LRSU_FILM SCORE_Battle,9/25/2018,LEFT/RIGHT TV,,9/24/2018,,LEFT RIGHT update drive to complete STRATUS in their inventory
PL1542,LRSU_FILM SCORE_Comic Light Tension,9/25/2018,LEFT/RIGHT TV,,9/24/2018,,LEFT RIGHT update drive to complete STRATUS in their inventory
PL1543,"LRSU_FILM SCORE_Creepy, Scary",9/25/2018,LEFT/RIGHT TV,,9/24/2018,,LEFT RIGHT update drive to complete STRATUS in their inventory
PL1544,LRSU_FILM SCORE_Defeated,9/25/2018,LEFT/RIGHT TV,,9/24/2018,,LEFT RIGHT update drive to complete STRATUS in their inventory
PL1545,LRSU_FILM SCORE_Dramatic Builds,9/25/2018,LEFT/RIGHT TV,,9/24/2018,,LEFT RIGHT update drive to complete STRATUS in their inventory
PL1546,LRSU_FILM SCORE_Dramatic Tension,9/25/2018,LEFT/RIGHT TV,,9/24/2018,,LEFT RIGHT update drive to complete STRATUS in their inventory
PL1547,LRSU_FILM SCORE_Epic,9/25/2018,LEFT/RIGHT TV,,9/24/2018,,LEFT RIGHT update drive to complete STRATUS in their inventory
PL1548,"LRSU_FILM SCORE_Fantasy, Magical",9/25/2018,LEFT/RIGHT TV,,9/24/2018,,LEFT RIGHT update drive to complete STRATUS in their inventory
PL1549,"LRSU_FILM SCORE_Final Reel, Triumphant",9/25/2018,LEFT/RIGHT TV,,9/24/2018,,LEFT RIGHT update drive to complete STRATUS in their inventory
PL1550,LRSU_FILM SCORE_Intrigue,9/25/2018,LEFT/RIGHT TV,,9/24/2018,,LEFT RIGHT update drive to complete STRATUS in their inventory
PL1551,LRSU_FILM SCORE_Light Tension,9/25/2018,LEFT/RIGHT TV,,9/24/2018,,LEFT RIGHT update drive to complete STRATUS in their inventory
PL1552,LRSU_FILM SCORE_Melancholic,9/25/2018,LEFT/RIGHT TV,,9/24/2018,,LEFT RIGHT update drive to complete STRATUS in their inventory
PL1553,LRSU_FILM SCORE_Mysterious,9/25/2018,LEFT/RIGHT TV,,9/24/2018,,LEFT RIGHT update drive to complete STRATUS in their inventory
PL1554,LRSU_FILM SCORE_Regal,9/26/2018,LEFT/RIGHT TV,,9/24/2018,,LEFT RIGHT update drive to complete STRATUS in their inventory
PL1555,LRSU_FILM SCORE_Romantic,9/26/2018,LEFT/RIGHT TV,,9/24/2018,,LEFT RIGHT update drive to complete STRATUS in their inventory
PL1556,LRSU_FILM SCORE_Tense Beats,9/26/2018,LEFT/RIGHT TV,,9/24/2018,,LEFT RIGHT update drive to complete STRATUS in their inventory
PL1557,LRSU_FILM SCORE_Tense Drones,9/26/2018,LEFT/RIGHT TV,,9/24/2018,,LEFT RIGHT update drive to complete STRATUS in their inventory
PL1558,LRSU_FILM SCORE_Tense Pulses,9/26/2018,LEFT/RIGHT TV,,9/24/2018,,LEFT RIGHT update drive to complete STRATUS in their inventory
PL1559,LRSU_FILM SCORE_Tension,9/26/2018,LEFT/RIGHT TV,,9/24/2018,,LEFT RIGHT update drive to complete STRATUS in their inventory
PL1560,LRSU_FILM SCORE_Uplifting,9/26/2018,LEFT/RIGHT TV,,9/24/2018,,LEFT RIGHT update drive to complete STRATUS in their inventory
PL1561,LRSU_FILM SCORE_Western,9/26/2018,LEFT/RIGHT TV,,9/24/2018,,LEFT RIGHT update drive to complete STRATUS in their inventory
PL1562,LRSU_FILM SCORE_Whimsical,9/26/2018,LEFT/RIGHT TV,,9/24/2018,,LEFT RIGHT update drive to complete STRATUS in their inventory
PL1563,LRSU_FOLK,9/26/2018,LEFT/RIGHT TV,,9/24/2018,,LEFT RIGHT update drive to complete STRATUS in their inventory
PL1564,LRSU_GREAT AMERICAN SONGBOOK,9/26/2018,LEFT/RIGHT TV,,9/24/2018,,LEFT RIGHT update drive to complete STRATUS in their inventory
PL1565,LRSU_HEARTLAND ROCK,9/26/2018,LEFT/RIGHT TV,,9/24/2018,,LEFT RIGHT update drive to complete STRATUS in their inventory
PL1566,LRSU_HIP HOP / RAP,9/26/2018,LEFT/RIGHT TV,,9/24/2018,,LEFT RIGHT update drive to complete STRATUS in their inventory
PL1567,LRSU_HOUSE,9/26/2018,LEFT/RIGHT TV,,9/24/2018,,LEFT RIGHT update drive to complete STRATUS in their inventory
PL1568,LRSU_JAZZ,9/26/2018,LEFT/RIGHT TV,,9/24/2018,,LEFT RIGHT update drive to complete STRATUS in their inventory
PL1569,LRSU_MILITARY THEMES,9/26/2018,LEFT/RIGHT TV,,9/24/2018,,LEFT RIGHT update drive to complete STRATUS in their inventory
PL1570,LRSU_NEW AGE,9/26/2018,LEFT/RIGHT TV,,9/24/2018,,LEFT RIGHT update drive to complete STRATUS in their inventory
PL1571,LRSU_OLD TIMEY,9/26/2018,LEFT/RIGHT TV,,9/24/2018,,LEFT RIGHT update drive to complete STRATUS in their inventory
PL1572,LRSU_RELIGIOUS THEMES,9/26/2018,LEFT/RIGHT TV,,9/24/2018,,LEFT RIGHT update drive to complete STRATUS in their inventory
PL1573,LRSU_SINGLE INSTRUMENT BUMPERS,9/26/2018,LEFT/RIGHT TV,,9/24/2018,,LEFT RIGHT update drive to complete STRATUS in their inventory
PL1574,"LRSU_SOUL, R&B",9/26/2018,LEFT/RIGHT TV,,9/24/2018,,LEFT RIGHT update drive to complete STRATUS in their inventory
PL1575,LRSU_SYNTHPOP,9/26/2018,LEFT/RIGHT TV,,9/24/2018,,LEFT RIGHT update drive to complete STRATUS in their inventory
PL1576,LRSU_TECHNO,9/26/2018,LEFT/RIGHT TV,,9/24/2018,,LEFT RIGHT update drive to complete STRATUS in their inventory
PL1577,LRSU_TENSION BUILDER TOOLBOX,9/26/2018,LEFT/RIGHT TV,,9/24/2018,,LEFT RIGHT update drive to complete STRATUS in their inventory
PL1578,LRSU_TRADITIONAL_Public Domain,9/26/2018,LEFT/RIGHT TV,,9/24/2018,,LEFT RIGHT update drive to complete STRATUS in their inventory
PL293,MURDERCALLS_16,2/15/2017,Jupiter Films,Murder Calls (etc.),,HBIN_1724,
PL2832,NDR_KingsLine Documentary,12/8/2020,CL025,,9/11/2020,,
PL1674,NIXON to CFLIX,3/26/2019,CINEFLIX NY,American Pickers,3/26/2019,HBIN_1923,THis is a bin for LEFT RIGHT that we are also sending to Cflix
PL3138,NORTH NOTE_Jazz Selects,1/13/2022,CL044,,11/30/2020,,
PL330,PETERSON_02,3/14/2017,LEFT/RIGHT TV,Scott Peterson,,,
PL3296,SHMV_01_Dramedy,11/8/2022,Truly Original,Summer House: Martha's Vineyard,11/8/2022,FEDEX,
PL3298,SHMV_02_Magazine Pop,11/9/2022,Truly Original,Summer House: Martha's Vineyard,11/8/2022,FEDEX,
PL3299,SHMV_03_Reflective,11/9/2022,Truly Original,Summer House: Martha's Vineyard,11/8/2022,FEDEX,
PL3399,SHMV_05,11/10/2023,Truly Original,SUMMER HOUSE:Martha's Vineyard Season 2,11/10/2023,HBIN_2360,
PL3402,SHMV_06,11/17/2023,Truly Original,SUMMER HOUSE:Martha's Vineyard Season 2,12/1/2023,HBIN_2366,
PL3441,SHMV2_05,3/11/2024,Truly Original,SUMMER HOUSE:Martha's Vineyard Season 2,11/10/2023,HBIN_2360,
PL3555,SHMV2_09 TEST,7/11/2024,Truly Original,SUMMER HOUSE:Martha's Vineyard Season 3,,,
PL3383,SHMV2_SummerStock_TensionDramedy,9/29/2023,Truly Original,SUMMER HOUSE:Martha's Vineyard Season 2,9/29/2023,HBIN2343,
PL3382,SHMV2_SummerStock_Urban,9/29/2023,Truly Original,SUMMER HOUSE:Martha's Vineyard Season 2,9/29/2023,HBIN_2444,
PL3335,SHMVLP_HipHopTension1,3/14/2023,Truly Original,Summer House: Martha's Vineyard,3/14/2023,HBIN_2321,
PL2376,SIX + One Bronx Zoo,11/8/2019,Leijas ,Bronx Zoo,,,
PL3713,Snapped REQUESTED CUES,3/10/2026,Jupiter Entertainment,Snapped,3/11/2026,HBIN_2612,
PL1597,SPEC OP_101027_DANIELSAN ii,11/1/2018,CINEFLIX NY,American Pickers,,,
PL1433,SPEC OP_180625_NERDS,6/25/2018,Haus Internal,,,,
PL1510,SPEC OP_180905,9/5/2018,CINEFLIX NY,American Pickers,,,
PL1518,SPEC OP_180907_DEED OPEN,9/7/2018,Haus Internal,The Deed Chicago,9/12/2018,,
PL1585,SPEC OP_180927_GI JOE,10/5/2018,Haus Internal,American Pickers,,,
PL1579,SPEC OP_180927_HOLLYWOOD,10/1/2018,Haus Internal,,,,
PL1586,SPEC OP_180927_NATIVE AMERICAN,10/5/2018,Haus Internal,,,,
PL1583,SPEC OP_181004_Looney Tunes,10/4/2018,Haus Internal,,,,
PL1587,SPEC OP_181005_BRILEY ACOUSTIC,10/5/2018,Haus Internal,,,,
PL1594,SPEC OP_181016 Inception,10/29/2018,CINEFLIX,American Pickers,,,
PL1608,SPEC OP_181119_SRF_Simple Tension,11/20/2018,SRF,,11/21/2018,,
PL1617,SPEC OP_181204_MANLYMAN,12/5/2018,Haus Internal,,,,
PL1622,SPEC OP_181212_MANLYMAN II,12/12/2018,CINEFLIX NY,American Pickers,,,
PL1629,SPEC OP_190123_PICKERS SIBs,1/23/2019,Haus Internal,,,,
PL1630,SPEC OP_190123_PICKERS SIBs ii,1/23/2019,Haus Internal,,,,
PL1642,SPEC OP_190123_PICKERS SIBs iii,1/31/2019,Haus Internal,,,,
PL1651,SPEC OP_190301_PICKERS SIBs zoso,3/1/2019,Haus Internal,American Pickers,,,
PL1654,SPEC OP_190305_HUGO NEW AGE,3/4/2019,Haus Internal,,,,
PL1660,SPEC OP_190306_PICKERS SIBs V,3/6/2019,Haus Internal,American Pickers,,,
PL1662,SPEC OP_190314_LEFTRIGHT_Vivaldi,3/8/2019,LEFT RIGHT,,3/17/2019,,
PL1666,SPEC OP_190318_LATCH,3/18/2019,Haus Internal,,,,
PL1664,SPEC OP_190318_LRFANTASY,3/18/2019,LEFT RIGHT,,3/19/2019,HBIN_1921,
PL1665,SPEC OP_190318_NIXON,3/18/2019,LEFT RIGHT,,3/26/2019,HBIN_1923,
PL1669,SPEC OP_190321_AQUA Openings,3/21/2019,LEFT RIGHT,,,,
PL1673,SPEC OP_190321_GAAQUA,3/25/2019,LEFT RIGHT,,,,
PL1668,SPEC OP_190321_SDZOO,3/21/2019,LEFT RIGHT,THE ZOO: San Diego,3/26/2019,HBIN_1924,
PL1670,SPEC OP_190321_SDZOO OPEN,3/21/2019,LEFT RIGHT,THE ZOO: San Diego,3/22/2019,HBIN_1922,
PL1676,SPEC OP_190323_DUELING BANJOS,3/28/2019,Haus Internal,,,,
PL1694,SPEC OP_190411_FAITHFUL,4/12/2019,LEFT/RIGHT TV,,4/11/2019,,
PL1702,SPEC OP_190417_JUPITER KC,4/17/2019,Jupiter,,,,
PL1706,SPEC OP_190419_Jupiter_KC 2,4/19/2019,Jupiter Entertainment,,,,
PL1712,SPEC OP_190423_SLOW BURN,4/23/2019,LEFT/RIGHT TV,Slow Burn,5/8/2019,HBIN_1937,
PL1722,SPEC OP_190502_SLOW BURN 2,5/2/2019,LEFT/RIGHT TV,Slow Burn,7/10/2019,HBIN1950,
PL1725,SPEC OP_190517_POLITICS,5/17/2019,Haus Internal,,,,
PL1735,SPEC OP_190528_POLITICS 2,5/26/2019,Haus Internal,,,,
PL1733,SPEC OP_190605_LATCH 2,5/23/2019,Gen Pop,,,,Tagged and ready for SA
PL2149,SPEC OP_190617_BUNDY_1,6/17/2019,CINEFLIX NY,American Pickers,,HBIN1941,Collection of tense music with horror stabs
PL2150,SPEC OP_190617_BUNDY_2,6/17/2019,CINEFLIX NY,American Pickers,6/20/2019,HBIN1942,Second collection of tense music with horror stabs
PL2153,SPEC OP_190621_Johnny Chill,6/19/2019,LEFT/RIGHT TV,Johnny Swim,6/24/2019,HBIN_1943,
PL2154,SPEC OP_190621_JohnnySwim,6/19/2019,LEFT/RIGHT TV,Johnny Swim,6/24/2019,HBIN_1943,
PL2174,SPEC OP_190628_LR_JOHNNYSWIM SWEET,6/28/2019,LEFT/RIGHT TV,Johnny Swim,,HBIN1947,
PL2175,SPEC OP_190628_LR_MUMFORD TENSION,6/28/2019,LEFT/RIGHT TV,,6/28/2019,HBIN1948,
PL2172,SPEC OP_190701_SLOW BURN_3,6/25/2019,LEFT/RIGHT TV,SHOW033,7/1/2019,HBIN1949,
PL2205,SPEC OP_190708_JOHNNY SWIM_2,7/9/2019,LEFT RIGHT,Johnny Swim,,,
PL2204,SPEC OP_190708_SLOW BURN_4,7/9/2019,LEFT RIGHT,,,,
PL2280,SPEC OP_190712_SWIMACOUSTIC,7/15/2019,LEFT RIGHT,Johnny Swim,,,
PL2281,SPEC OP_190712_SWIMATMO,7/15/2019,LEFT RIGHT,,,,
PL2152,SPEC OP_190719_LR_AQUAWINNER,6/19/2019,LEFT RIGHT,Johnny Swim,,,
PL2322,SPEC OP_190731_IN PURSUIT,8/1/2019,LEFT RIGHT,,,,
PL2320,SPEC OP_190801_AQUAWINNER_2,7/31/2019,LEFT RIGHT,Johnny Swim,,,
PL2326,SPEC OP_190809_IN PURSUIT_2,8/9/2019,LEFT RIGHT,,,,
PL2330,SPEC OP_190819_IN PURSUIT_3,8/16/2019,LEFT RIGHT,,,,
PL2336,SPEC OP_190827_IN PURSUIT_4,8/27/2019,LEFT RIGHT,,,,
PL2337,SPEC OP_190830_IN PURSUIT_5,8/29/2019,LEFT RIGHT,,,,
PL2345,SPEC OP_190920_PURSUIT_6,9/19/2019,LEFT RIGHT,,,,
PL2346,SPEC OP_190922_SRF_PIZZ,9/24/2019,Haus Internal,,,,Tagged and ready for SA
PL2350,SPEC OP_190926_HORNER_PICKERS,9/27/2019,Haus Internal,,,,
PL2348,SPEC OP_190926_PURSUIT_7,9/25/2019,LEFT RIGHT,,,,
PL2349,SPEC OP_190927_PURSUIT_8,9/26/2019,Jupiter Entertainment,In Pursuit of John Walsh,12/3/2019,HBIN_1976,Sent to Jupiter on 12/3
PL2355,SPEC OP_191022_DUNKIRK_1,10/22/2019,ECO-ZDF,History Of The Nazis,10/23/2019,SAP,Sent as HAUS_HOTN Vol.1
PL2356,SPEC OP_191023_DUNKIRK_2,10/22/2019,Bass becker,History Of The Nazis,,SA PLAYLIST,
PL2359,SPEC OP_191028_DUNKIRK_3,10/28/2019,Bass Becker,History Of The Nazis,11/19/2019,SA_HOTN Lot 2,
PL2360,SPEC OP_191030_DUNKIRK_4,10/29/2019,Gen Pop,,,,"Job is done, process as normal"
PL2375,SPEC OP_191101_MCITY,11/8/2019,Jupiter Entertainment,MUCK CITY,11/8/2019,HBIN_1970,"Erik, Kyle"
PL2385,SPEC OP_191111_MCITY_2,11/13/2019,Jupiter Entertainment,MUCK CITY,11/13/2019,HBIN_1972,Erik Rate
PL2383,SPEC OP_191112_DUNKIRK_5,11/12/2019,Gen Pop,,,,"Job is done, process as normal"
PL2384,SPEC OP_191113_DUNKIRK_6,11/12/2019,Gen Pop,,,,"Job is done, process as normal"
PL2386,SPEC OP_191115_MCITY_3,11/15/2019,Jupiter Entertainment,MUCK CITY,12/2/2019,HBIN_1975,"Erik, Gabe"
PL2387,SPEC OP_191118_HBOSURF,11/18/2019,Haus Internal,HBO Surf Doc,,,
PL2388,SPEC OP_191119_HBOSURF_2,11/18/2019,Haus Internal,HBO Surf Doc,,,"Job is done, process as normal"
PL2392,SPEC OP_191120_HBOSURF_3,11/20/2019,Haus Internal,HBO Surf Doc,,,
PL2394,SPEC OP_191125_GIRL SCOUTS,11/25/2019,Cineflix Canada,,11/22/2019,,Sent Via TIm
PL2395,SPEC OP_191126_MCITY_4,11/26/2019,Jupiter Entertainment,MUCK CITY,12/3/2019,HBIN_1977,
PL2396,SPEC OP_191127_BURLESQUE,11/26/2019,Cineflix NY,American Pickers,12/5/2019,HBIN_1978,
PL2397,SPEC OP_191129_NEW ZOO,11/26/2019,LEFT RIGHT,THE ZOO: San Diego,11/27/2019,HBIN_1974,
PL2398,SPEC OP_191202_MCITY_5,11/27/2019,Jupiter Entertainment,MUCK CITY,12/11/2019,HBIN_1980,Erik
PL2404,SPEC OP_191205_FOOD DOCS,12/5/2019,SRF Network,,12/16/2019,,"Erik, Gabe"
PL2403,SPEC OP_191205_MCITY_6,12/4/2019,Jupiter Entertainment,,1/13/2020,,"Erik, Gabe, Anne"
PL2439,SPEC OP_191216_FOODDOCS2_SRF,1/24/2020,SRF Network,,,,
PL2409,SPEC OP_191218_SAFARI,12/18/2019,Cineflix NY,American Pickers,12/19/2019,HBIN_1982,Sent as JUNGLE AP1051
PL2411,SPEC OP_191223_MIDDLEEAST,12/23/2019,Cineflix NY,American Pickers,12/24/2019,HBIN_1983,Sent to Client 12/24
PL2432,SPEC OP_200111_LR_Jswim Last Minute,1/13/2020,LEFT RIGHT,Johnny Swim,,,Erik
PL2437,SPEC OP_200123_MCITY_7,1/23/2020,Haus Internal,Muck City,,,
PL2438,SPEC OP_200124_MCITY_8,1/23/2020,Haus Internal,Muck City,,,
PL2448,SPEC OP_200203_Snapped_BACK_1,1/29/2020,Jupiter Entertainment,Snapped,2/7/2020,HBIN_2013,
PL2447,SPEC OP_200203_Snapped_TENSE_1,1/29/2020,Jupiter Entertainment,Snapped,2/7/2020,HBIN_2012,
PL2457,SPEC OP_200206_Snapped_BACK_2,2/6/2020,Jupiter Entertainment,Snapped,2/21/2020,,
PL2456,SPEC OP_200206_Snapped_TENSE_2,2/6/2020,Jupiter Entertainment,Snapped,2/21/2020,,
PL2476,SPEC OP_200303_Snapped_BACK_3,3/4/2020,Jupiter Entertainment,Snapped,5/20/2020,,
PL2479,SPEC OP_200305_HAGON_TRUTH POLLS,3/5/2020,Haus Internal,,4/27/2020,,
PL2480,SPEC OP_200309_LEFTRIGHT_AQ2020_1,3/7/2020,LEFT RIGHT TV,,3/9/2020,,Via We transfer
PL2482,SPEC OP_200309_LEFTRIGHT_AQ2020_First 20,3/9/2020,LEFT RIGHT TV,,3/9/2020,,
PL2481,SPEC OP_200310_LEFTRIGHT_AQ2020_2,3/7/2020,LEFT RIGHT TV,,3/9/2020,,NOT SENT: EXTRA SONGS HOLD FOR LATER
PL2485,SPEC OP_200311_Snapped_BACK_4,3/10/2020,Jupiter Entertainment,Snapped,5/20/2020,,
PL2487,SPEC OP_200316_SRF_RACE_1,3/15/2020,SRF Network,,3/23/2020,,
PL2488,SPEC OP_200316_SRF_RACE_2,3/15/2020,SRF Network,,4/1/2020,,
PL2493,SPEC OP_200331_Snapped_5,3/31/2020,Jupiter Entertainment,Snapped,5/20/2020,,
PL2494,SPEC OP_200406_Snapped_6,4/6/2020,Jupiter Entertainment,Snapped,5/20/2020,,
PL2505,SPEC OP_200420_JUPE_TENMO,4/22/2020,Jupiter Entertainment,Ten Things You Don't Know,4/24/2020,HBIN_2026,
PL2501,SPEC OP_200420_JUPE_TENTHINGS,4/22/2020,Jupiter Entertainment,Ten Things You Don't Know,4/24/2020,HBIN_2025,
PL2504,SPEC OP_200422_JUPE_TENTHINGS_2,4/22/2020,Jupiter Entertainment,Ten Things You Don't Know,4/24/2020,HBIN_2027,
PL2507,SPEC OP_200428_JUPE_TENTHINGS_3,4/27/2020,Jupiter Entertainment,Ten Things You Don't Know,,HBIN_2033,
PL2508,SPEC OP_200502_JUPE_TENTHINGS_4,5/2/2020,Jupiter Entertainment,Ten Things You Don't Know,5/29/2020,HBIN_2034,
PL2509,SPEC OP_200505_Snapped_7,5/5/2020,Jupiter Entertainment,Snapped,5/21/2020,HBIN_2032,
PL2510,SPEC OP_200507_Snapped_8,5/7/2020,Jupiter Entertainment,Snapped,6/29/2020,,
PL2522,SPEC OP_200514_NORTHNOTE_AMALFI,5/15/2020,CL023,,,,
PL2523,SPEC OP_200518_TENTHINGS_5,5/17/2020,Jupiter Entertainment,Ten Things You Don't Know,7/8/2020,HBIN_2037,
PL2534,SPEC OP_200612_Snapped_9,6/13/2020,Jupiter Entertainment,Snapped,6/29/2020,,
PL2535,SPEC OP_200616_TENTHINGS_6,6/15/2020,Jupiter Entertainment,Ten Things You Don't Know,7/8/2020,HBIN_2038,
PL2536,SPEC OP_200617_Snapped_10,6/16/2020,Jupiter Entertainment,Snapped,7/16/2020,,
PL2543,SPEC OP_200625_TENTHINGS_7,7/1/2020,Jupiter Entertainment,Ten Things You Don't Know,7/20/2020,,
PL2543,SPEC OP_200625_TENTHINGS_7,7/1/2020,Jupiter Entertainment,Ten Things You Don't Know,7/20/2020,,
PL2625,SPEC OP_200722_Snapped_11,7/22/2020,Jupiter Entertainment,Snapped,8/20/2020,HBIN_2401,
PL2626,SPEC OP_200727_SRF_ALPINE HUT,7/27/2020,SRF Network,,9/15/2020,,
PL2627,SPEC OP_200728_Snapped_12,7/27/2020,Jupiter Entertainment,Snapped,8/20/2020,HBIN_2402,
PL2629,SPEC OP_200803_Snapped_13,7/30/2020,Jupiter Entertainment,Snapped,8/25/2020,HBIN_2403,
PL2657,SPEC OP_200812_Snapped_14,8/12/2020,Jupiter Entertainment,Snapped,8/25/2020,HBIN_2404,
PL2658,SPEC OP_200814_Snapped_15,8/13/2020,Jupiter Entertainment,Snapped,10/1/2020,HBIN_2045,
PL2695,SPEC OP_200902_Snapped_16,9/2/2020,Jupiter Entertainment,Snapped,10/1/2020,HBIN_2046,
PL2726,SPEC OP_200921_Snapped_17,9/21/2020,Jupiter Entertainment,Snapped,10/19/2020,HBIN_2048,
PL2727,SPEC OP_200922_Snapped_18,9/21/2020,Jupiter Entertainment,Snapped,10/19/2020,HBIN_2049,
PL2731,SPEC OP_201005_Snapped_19,10/4/2020,Jupiter Entertainment,Snapped,10/29/2020,,
PL2733,SPEC OP_201007_Snapped_20,10/6/2020,Jupiter Entertainment,Snapped,10/29/2020,,
PL2734,SPEC OP_201011_Snapped_21,10/11/2020,Jupiter Entertainment,Snapped,11/13/2020,,
PL2735,SPEC OP_201012_SRF_EINSTEIN_1,10/12/2020,SRF Network,,,,
PL2736,SPEC OP_201013_SRF_EINSTEIN_2,10/12/2020,Haus Internal,,11/13/2020,,
PL2737,SPEC OP_201014_Snapped_22,10/13/2020,Jupiter Entertainment,Snapped,11/13/2020,,
PL2738,SPEC OP_201015_PICKERS_HIPROCK_1,10/15/2020,Haus Internal,,11/18/2020,,
PL2742,SPEC OP_201019_BumpBox_HIPROCK_2,10/19/2020,Bumpboxx,,10/27/2020,,
PL2748,SPEC OP_201026_SRF_CYBATHLON,10/24/2020,SRF,Cybathlon 2020,10/22/2020,,
PL2749,SPEC OP_201102_Snapped_23,11/1/2020,Jupiter Entertainment,Snapped,11/19/2020,,
PL2753,SPEC OP_201111_Snapped_24,11/10/2020,Jupiter Entertainment,Snapped,11/19/2020,,
PL2754,SPEC OP_201117_Snapped_25,11/16/2020,Jupiter Entertainment,Snapped,11/24/2020,HBIN_2057,
PL2755,SPEC OP_201119_Snapped_26,11/19/2020,Jupiter Entertainment,Snapped,11/24/2020,HBIN_2058,
PL2796,SPEC OP_201120_PICKERS_MARIACHI,12/3/2020,Cineflix NY,American Pickers,,,
PL2756,SPEC OP_201124_Snapped_27,11/23/2020,Jupiter Entertainment,Snapped,12/11/2020,,
PL2757,SPEC OP_201130_Snapped_28,11/30/2020,Jupiter Entertainment,Snapped,12/11/2020,,
PL2758,SPEC OP_201201_Snapped_29,11/30/2020,Jupiter Entertainment,Snapped,12/22/2020,HBIN_2067,
PL2791,SPEC OP_201204_Snapped_30,12/3/2020,Jupiter Entertainment,Snapped,12/22/2020,HBIN_2068,
PL2795,SPEC OP_201207_THE MISSING_PILOT,12/3/2020,Jupiter Entertainment,,12/8/2020,HBIN_2059,
PL2879,SPEC OP_201208_SRF_EINSTEIN BASS,2/18/2021,SRF Network,,12/10/2020,,
PL2831,SPEC OP_201208_THE MISSING_PILOT_2,12/7/2020,Jupiter Entertainment,,12/9/2020,HBIN_2061,
PL2841,SPEC OP_201218_Snapped_31,12/17/2020,Jupiter Entertainment,Snapped,1/7/2021,HBIN_2103,
PL2843,SPEC OP_201222_Snapped_32,12/21/2020,Jupiter Entertainment,Snapped,1/7/2021,HBIN_2104,
PL2844,SPEC OP_201224_Snapped_33,12/23/2020,Jupiter Entertainment,Snapped,1/15/2021,HBIN_2107,
PL2846,SPEC OP_210109_Snapped_34,1/9/2021,Jupiter Entertainment,Snapped,1/15/2021,HBIN_2106,
PL2882,SPEC OP_210111_NORTH NOTE_TETRIS,2/23/2021,Haus Internal,,3/31/2021,,
PL2848,SPEC OP_210115_Snapped_35,1/14/2021,Jupiter Entertainment,Snapped,1/22/2021,HBIN_2108,
PL2849,SPEC OP_210119_Snapped_36,1/18/2021,Jupiter Entertainment,Snapped,1/22/2021,HBIN_2109,
PL2850,SPEC OP_210120_Snapped_37,1/19/2021,Jupiter Entertainment,Snapped,1/29/2021,HBIN_2110,
PL2851,SPEC OP_210126_Snapped_38,1/25/2021,Jupiter Entertainment,Snapped,1/29/2021,HBIN_2111,
PL2852,SPEC OP_210127_Snapped_39,1/26/2021,Jupiter Entertainment,Snapped,2/5/2021,HBIN_2117,
PL2856,SPEC OP_210129_THE MISSING_PILOT_3,1/28/2021,Haus Internal,,4/6/2021,,
PL2891,SPEC OP_210201_SRF_NUTRAD,3/9/2021,SRF Network,,3/12/2021,,
PL2860,SPEC OP_210201_THE CIRCUS_1,2/1/2021,LEFT RIGHT TV,The Circus,2/1/2021,HBIN_2113,
PL2861,SPEC OP_210202_THE CIRCUS_2,2/1/2021,LEFT RIGHT TV,The Circus,2/1/2021,HBIN_2114,
PL2862,SPEC OP_210203_THE CIRCUS_3,2/2/2021,LEFT RIGHT TV,The Circus,2/4/2021,HBIN_2115,
PL2863,SPEC OP_210203_THE CIRCUS_4,2/3/2021,LEFT RIGHT TV,The Circus,2/4/2021,HBIN_2116,
PL2865,SPEC OP_210204_THE CIRCUS_5,2/3/2021,LEFT RIGHT TV,The Circus,2/8/2021,HBIN_2120,
PL2866,SPEC OP_210205_Snapped_40,2/4/2021,Jupiter Entertainment,Snapped,2/12/2021,HBIN_2118,
PL2868,SPEC OP_210207_THE CIRCUS_6,2/6/2021,LEFT RIGHT TV,The Circus,2/8/2021,HBIN_2121,
PL2867,SPEC OP_210208_Snapped_41,2/5/2021,Jupiter Entertainment,Snapped,2/12/2021,HBIN_2123,
PL2869,SPEC OP_210208_THE CIRCUS_7,2/7/2021,Haus Internal,,4/22/2021,,
PL2870,SPEC OP_210209_THE CIRCUS_8,2/8/2021,Haus Internal,,4/22/2021,,
PL2871,SPEC OP_210210_THE CIRCUS_9,2/9/2021,Haus Internal,,4/21/2021,,
PL2873,SPEC OP_210211_THE CIRCUS_10,2/11/2021,Haus Internal,,4/21/2021,,
PL2874,SPEC OP_210215_Snapped_42,2/12/2021,Jupiter Entertainment,Snapped,2/19/2021,HBIN_2125,
PL2877,SPEC OP_210217_Snapped_44,2/16/2021,Jupiter Entertainment,Snapped,3/19/2021,HBIN_2128,
PL2880,SPEC OP_210221_Snapped_45,2/19/2021,Jupiter Entertainment,Snapped,3/19/2021,HBIN_2129,
PL2883,SPEC OP_210224_THE HIVE_DOG SHOW,2/24/2021,Jupiter Entertainment,Snapped,2/24/2021,HBIN_2127,
PL2884,SPEC OP_210301_Snapped_46,2/28/2021,Jupiter Entertainment,Snapped,3/26/2021,HBIN_2130,
PL2885,SPEC OP_210301_THE MISSING_PILOT_4,3/1/2021,Haus Internal,,,,
PL2886,SPEC OP_210302_THE MISSING_PILOT_5,3/1/2021,Haus Internal,,,,
PL2887,SPEC OP_210303_THE MISSING_PILOT_6,3/2/2021,Haus Internal,,,,
PL3063,SPEC OP_210308_BRAVO_CLT,7/23/2021,Haus Internal,,7/27/2021,,
PL2890,SPEC OP_210309_Snapped_47,3/8/2021,Jupiter Entertainment,Snapped,3/26/2021,HBIN_2131,
PL2893,SPEC OP_210315_Snapped_48,3/12/2021,Jupiter Entertainment,Snapped,4/2/2021,HBIN_2132,
PL2895,SPEC OP_210318_Snapped_49,3/17/2021,Jupiter Entertainment,Snapped,4/2/2021,HBIN_2133,
PL2899,SPEC OP_210329_Snapped_50,3/26/2021,Jupiter Entertainment,Snapped,4/12/2021,HBIN_2134,
PL2900,SPEC OP_210330_THE HIVE_EL CHAPO_1,3/31/2021,Jupiter Entertainment,,4/21/2021,HBIN_2136,
PL2902,SPEC OP_210408_Snapped_51,4/8/2021,Jupiter Entertainment,Snapped,4/12/2021,HBIN_2135,
PL2903,SPEC OP_210412_Snapped_52,4/9/2021,Jupiter Entertainment,Snapped,5/7/2021,HBIN_2138,
PL2905,SPEC OP_210416_Snapped_53,4/16/2021,Jupiter Entertainment,Snapped,5/7/2021,HBIN_2139,
PL3055,SPEC OP_210418_SRF_DANZI,7/7/2021,SRF Network,Music Portrait Patricia Danzi,4/18/2021,,
PL2906,SPEC OP_210419_EL CHAPO_2a,4/19/2021,Haus Internal,,5/17/2021,,
PL2920,SPEC OP_210419_SRF_NUTRAD_2,5/14/2021,SRF Network,,5/1/2021,,
PL2910,SPEC OP_210504_Snapped_54,5/5/2021,Jupiter Entertainment,Snapped,5/14/2021,HBIN_2142,
PL2919,SPEC OP_210505_AUDIBLE_SCI FI,5/14/2021,Audible.com,,5/15/2021,PLAYLIST,
PL2911,SPEC OP_210507_Snapped_55,5/6/2021,Jupiter Entertainment,Snapped,6/11/2021,HBIN_2143,
PL2915,SPEC OP_210512_PICKERS_WAR,5/12/2021,Cineflix NY,,5/15/2021,,
PL2923,SPEC OP_210513_HIP HOP GOLDEN AGE,5/19/2021,Haus Internal,,6/16/2021,,
PL2918,SPEC OP_210513_PICKERS_WAR_2,5/13/2021,Cineflix NY,,5/17/2021,HBIN_2141,
PL2921,SPEC OP_210514_PICKERS_WAR_3,5/14/2021,Haus Internal,,7/1/2021,,
PL2916,SPEC OP_210514_Snapped_56,5/13/2021,Jupiter Entertainment,Snapped,6/23/2021,HBIN_2146,
PL3019,SPEC OP_210601_Snapped_57,6/1/2021,Jupiter Entertainment,Snapped,6/23/2021,HBIN_2145,
PL3025,SPEC OP_210604_BESSIE DOC,6/7/2021,Jupiter Entertainment,,6/8/2021,HBIN_2144,
PL3042,SPEC OP_210614_BESSIE_2,6/14/2021,Jupiter Entertainment,,6/23/2021,HBIN_2147,
PL3047,SPEC OP_210615_BESSIE_3,6/14/2021,Haus Internal,,8/5/2021,,
PL3050,SPEC OP_210616_GOLDEN AGE_2,6/25/2021,Haus Internal,,8/9/2021,,
PL3048,SPEC OP_210616_Snapped_58,6/16/2021,Jupiter Entertainment,Snapped,11/15/2021,HBIN_2150,
PL3048,SPEC OP_210616_Snapped_58,6/16/2021,Jupiter Entertainment,Snapped,,,
PL3051,SPEC OP_210628_GOLDEN AGE_3,6/28/2021,Haus Internal,,8/9/2021,,
PL3052,SPEC OP_210628_Snapped_BACK,6/28/2021,Jupiter Entertainment,Snapped,7/6/2021,HBIN_2148,
PL3053,SPEC OP_210702_Snapped_BACK_2,7/2/2021,Jupiter Entertainment,Snapped,7/28/2021,HBIN_2149,
PL3057,SPEC OP_210713_DRAG_NEWS,7/15/2021,NBCUniversal,Drag News,7/16/2021,WETXFR,
PL3056,SPEC OP_210714_DRAG_THEME,7/15/2021,NBCUniversal,Drag News,7/13/2021,WETXFR,
PL3058,SPEC OP_210716_DRAG_NEWS_2,7/15/2021,NBCUniversal,Drag News,7/19/2021,WETXFR,
PL3067,SPEC OP_210719_DRAG NEWS_CUSTOM,7/28/2021,NBCUniversal,Drag News,7/26/2021,WETXFR,
PL3061,SPEC OP_210720_DRAGNEWS_3,7/22/2021,NBCUniversal,Drag News,7/21/2021,WETXFR,
PL3060,SPEC OP_210720_Snapped_BACK_3,7/19/2021,Jupiter Entertainment,Snapped,11/15/2021,HBIN_2151,
PL3060,SPEC OP_210720_Snapped_BACK_3,7/19/2021,Jupiter Entertainment,American Pickers,11/15/2021,HBIN_2151,
PL3062,SPEC OP_210721_DRAG NEWS_4,7/22/2021,NBCUniversal,Drag News,7/22/2021,WETXFR,
PL3066,SPEC OP_210722_DRAG NEWS_EXTRA,7/27/2021,NBCUniversal,Drag News,7/26/2021,WETXFR,
PL3068,SPEC OP_210726_VOGUE TV,7/28/2021,LEFT RIGHT TV,,7/26/2021,WETXFR,
PL3085,SPEC OP_210825_COOKOUT,8/30/2021,Haus Internal,,9/10/2021,,
PL3094,SPEC OP_210901_SRF_MOPIANO,9/3/2021,Haus Internal,,9/10/2021,,
PL3098,SPEC OP_210915_LEFTRIGHT_TINKLY,9/15/2021,LEFT RIGHT TV,,10/18/2021,,
PL3101,SPEC OP_210924_PICKERS_FIGHTSONG,9/24/2021,Cineflix NY,American Pickers,9/27/2021,,
PL3102,SPEC OP_211004_TINKLY_2,10/5/2021,LEFT RIGHT TV,,10/29/2021,,
PL3104,SPEC OP_211008_LEFTRIGHT_DANCE GROOVE,10/13/2021,LEFT RIGHT TV,,10/8/2021,,
PL3130,SPEC OP_211130_PICKERS_OOMPAH_2,12/8/2021,Cineflix NY,American Pickers,12/13/2021,,
PL3127,SPEC OP_211201_PICKERS_OOMPAH,12/1/2021,Cineflix NY,American Pickers,12/13/2021,,
PL3242,SPEC OP_220120_NBC_WRONGANSWER,7/28/2022,NBCUniversal,Wrong Answer,1/20/2022,,
PL3240,SPEC OP_220214_AUDIBLE_AFROBEATS,7/27/2022,Audible.com,Audible Books,2/14/2022,,
PL3241,SPEC OP_220220_PEPSI_WORLD OF FOOD,7/28/2022,,,,,
PL3219,SPEC OP_220505_PICKERS_GUMBO,5/9/2022,Cineflix NY,American Pickers,5/5/2022,WETXFR,
PL3218,SPEC OP_220509_CINEFLIX_BLACKDOMME,5/9/2022,Cineflix NY,,5/9/2022,HBIN_2215,
PL3238,SPEC OP_220517_CINEFLIX_BLACKDOMME_2,7/27/2022,Cineflix NY,,,,
PL3263,SPEC OP_220830_FILM 45 TEASER,8/30/2022,Haus Internal,,,,
PL3336,SPEC OP_230314_VPR_TOP GUN,3/14/2023,Evolution Media,Vanderpump Rules,3/14/2023,WETXFR,
PL3374,SPEC OP_230314_VPR10_Top Gun,9/27/2023,Evolution Media,Vanderpump Rules,3/14/2023,PLAYLIST,
PL3369,SPEC OP_230905_VPR11_EMO1,9/5/2023,Evolution Media,Vanderpump  Rules,9/8/2023,HBIN_2339,
PL3567,SPEC OP_240110_VPR11_Gatsby,9/11/2024,Evolution Media,Vanderpump Rules,1/12/2024,HBIN2401,
PL2315,SPEC OP_AnE_RESCUE,7/29/2019,LEFT RIGHT,,,,
PL1646,SPEC OP_Aquarium_Pulls,2/7/2019,LEFT/RIGHT TV,The Aquarium,2/7/2019,,
PL2347,SPEC OP_FLOAT_LEFTRIGHT,9/25/2019,LEFT RIGHT,,9/25/2019,HBIN_1963,
PL2173,SPEC OP_JohnnySwim Mumford,6/27/2019,LEFT/RIGHT TV,Johnny Swim,6/27/2019,HBIN1946,
PL2473,SPEC OP_LeftRight_TESH,2/28/2020,Jupiter Entertainment,,2/28/2020,,Scotti Erik Rate
PL2526,Spec Op_Pomp And Circumstance,5/26/2020,Haus Internal,,5/26/2020,,
PL2468,SPEC OP_Six+1_ Bronx Zoo Round 5,2/20/2020,Haus Internal,Bronx Zoo,2/28/2020,,
PL2343,SPEC OP_SWIMFORD_LEFTRIGHT,9/16/2019,LEFT RIGHT,Johnny Swim,9/16/2019,HBIN_1968 KF,Sent to client in September. Tagged and ready for SA
PL2901,SPEC OP_THE HIVE_EL CHAPO_2,3/31/2021,Jupiter Entertainment,,4/21/2021,HBIN_2137,
PL2342,SPEC OP_WELL_LEFTRIGHT,9/16/2019,LEFT RIGHT,,,,
PL1116,SPECIAL OP_AP9_180219,2/18/2018,Haus Internal,American Pickers,2/19/2018,N/A,
PL1462,SRF Tense Drones,7/11/2018,SRF Network,,7/11/2018,NA,
PL350,SRF_04,4/4/2017,SRF Network,,,,
PL374,SRF_05,4/21/2017,SRF Network,,,,
PL351,TFRG_18,4/5/2017,CINEFLIX NY,The Filthy Rich Guide,,HBIN_1732,
PL1508,The Deed Chicago - Season 2,8/30/2018,CINEFLIX NY,The Deed,,,
PL2372,THEME PITCH_191031_MARLIE,10/31/2019,Dream Media,,11/6/2019,NONE,Erik
PL2374,THEME PITCH_191106_MARLIE RD 2,11/6/2019,Dream Media,,11/7/2019,NONE,
PL3280,VANDERPUMP_Wav Lots 1,9/29/2022,Evolution Media,Vanderpump Rules,9/26/2022,FEDEX,
PL1089,zINTAKE LOT_180201_Keynote,2/1/2018,Haus Internal,,,,
PL1121,zINTAKE LOT_180228,2/21/2018,Haus Internal,,,,
PL1111,zINTAKE LOT_Horror Stings,2/8/2018,Haus Internal,,,,