sku_root,title,composer_id,lot_id,primary_genre,secondary_genre,key,bpm,description,created_at
C27a015,SIB Coal Train,C27a,,SINGLE INSTRUMENT BUMPER,Acoustic,E,,Single Instrument bumper perfect for subtle scene changes,2026-06-19
C27a016,SIB Cut The Tag,C27a,,SINGLE INSTRUMENT BUMPER,Acoustic,E,,Single Instrument bumper perfect for subtle scene changes,2026-06-19
C27a017,SIB I Guess Thats The End,C27a,,SINGLE INSTRUMENT BUMPER,Acoustic,E,,Single Instrument bumper perfect for subtle scene changes,2026-06-19
C27a018,SIB I Reckon,C27a,,SINGLE INSTRUMENT BUMPER,Acoustic,E,,Single Instrument bumper perfect for subtle scene changes,2026-06-19
C27a019,SIB Last Time,C27a,,SINGLE INSTRUMENT BUMPER,Acoustic,E,,Single Instrument bumper perfect for subtle scene changes,2026-06-19
C27a020,SIB Lazy Day Pickin,C27a,,SINGLE INSTRUMENT BUMPER,Acoustic,E,,Single Instrument bumper perfect for subtle scene changes,2026-06-19
C27a021,SIB Lightning Rod,C27a,,SINGLE INSTRUMENT BUMPER,Acoustic,E,,Single Instrument bumper perfect for subtle scene changes,2026-06-19
C27a022,SIB Lonesome Wind,C27a,,SINGLE INSTRUMENT BUMPER,Acoustic,E,,Single Instrument bumper perfect for subtle scene changes,2026-06-19
C27a023,SIB Make It Sing,C27a,,SINGLE INSTRUMENT BUMPER,Acoustic,E,,Single Instrument bumper perfect for subtle scene changes,2026-06-19
C27a024,SIB Rollin On Out,C27a,,SINGLE INSTRUMENT BUMPER,Acoustic,E,,Single Instrument bumper perfect for subtle scene changes,2026-06-19
C27a025,SIB Scorpions Sting,C27a,,SINGLE INSTRUMENT BUMPER,Acoustic,E,,Single Instrument bumper perfect for subtle scene changes,2026-06-19
C27a026,SIB Shaky Ground,C27a,,SINGLE INSTRUMENT BUMPER,Acoustic,E,,Single Instrument bumper perfect for subtle scene changes,2026-06-19
C27a027,SIB Up The Ninth,C27a,,SINGLE INSTRUMENT BUMPER,Acoustic,E,,Single Instrument bumper perfect for subtle scene changes,2026-06-19
C27a028,SIB Upwardly Diminished,C27a,,SINGLE INSTRUMENT BUMPER,Acoustic,E,,Single Instrument bumper perfect for subtle scene changes,2026-06-19
C27a029,SIB Whats Done IS Done,C27a,,SINGLE INSTRUMENT BUMPER,Acoustic,E,,Single Instrument bumper perfect for subtle scene changes,2026-06-19
C27a030,SIB Awww,C27a,,SINGLE INSTRUMENT BUMPER,Acoustic,D,,Single Instrument bumper perfect for subtle scene changes,2026-06-19
C27a031,SIB Barnyard Showdown,C27a,,SINGLE INSTRUMENT BUMPER,Solo Guitar,Am,,Single Instrument bumper perfect for subtle scene changes,2026-06-19
C27a032,SIB Bigger Blues Thing,C27a,,SINGLE INSTRUMENT BUMPER,Blues Rock,Am,,Single Instrument bumper perfect for subtle scene changes,2026-06-19
C27a033,SIB Bit Of A Weirdo,C27a,,SINGLE INSTRUMENT BUMPER,Blues Rock,D,,Single Instrument bumper perfect for subtle scene changes,2026-06-19
C27a034,SIB Born To Pick,C27a,,SINGLE INSTRUMENT BUMPER,Solo Guitar,E,,Single Instrument bumper perfect for subtle scene changes,2026-06-19
C27a035,SIB Darmonics,C27a,,SINGLE INSTRUMENT BUMPER,Blues Rock,E,,Single Instrument bumper perfect for subtle scene changes,2026-06-19
C27a036,SIB Darmonics 2,C27a,,SINGLE INSTRUMENT BUMPER,Blues Rock,,,Single Instrument bumper perfect for subtle scene changes,2026-06-19
C27a037,SIB Deliberation Time,C27a,,SINGLE INSTRUMENT BUMPER,Solo Guitar,Gm,,Single Instrument bumper perfect for subtle scene changes,2026-06-19
C27a038,SIB Desert Fire,C27a,,SINGLE INSTRUMENT BUMPER,Solo Guitar,Dm,,Single Instrument bumper perfect for subtle scene changes,2026-06-19
C27a039,SIB Desert Ride,C27a,,SINGLE INSTRUMENT BUMPER,Solo Guitar,Am,,Single Instrument bumper perfect for subtle scene changes,2026-06-19
C27a040,SIB Desert Showdown,C27a,,SINGLE INSTRUMENT BUMPER,Guitar,Em,,Single Instrument bumper perfect for subtle scene changes,2026-06-19
C27a041,SIB Doo Doo Loooo,C27a,,SINGLE INSTRUMENT BUMPER,Guitar,A,,Single Instrument bumper perfect for subtle scene changes,2026-06-19
C27a042,SIB Dramatic Bendy,C27a,,SINGLE INSTRUMENT BUMPER,Guitar,Em,,Single Instrument bumper perfect for subtle scene changes,2026-06-19
C27a043,SIB Electric Shanty,C27a,,SINGLE INSTRUMENT BUMPER,Guitar,Em,,Single Instrument bumper perfect for subtle scene changes,2026-06-19
C27a044,SIB Electrified Pickin,C27a,,SINGLE INSTRUMENT BUMPER,Guitar,Gm,,Single Instrument bumper perfect for subtle scene changes,2026-06-19
C27a045,SIB Even Pickers Get Sad,C27a,,SINGLE INSTRUMENT BUMPER,Guitar,Am,,Single Instrument bumper perfect for subtle scene changes,2026-06-19
C27a046,SIB Everythings Alright,C27a,,SINGLE INSTRUMENT BUMPER,Guitar,E,,Single Instrument bumper perfect for subtle scene changes,2026-06-19
C27a047,SIB Fat Messy Pick,C27a,,SINGLE INSTRUMENT BUMPER,Guitar,D,,Single Instrument bumper perfect for subtle scene changes,2026-06-19
C27a048,SIB Funky Picker,C27a,,SINGLE INSTRUMENT BUMPER,Guitar,E,,Single Instrument bumper perfect for subtle scene changes,2026-06-19
C27a049,SIB Happy Chug,C27a,,SINGLE INSTRUMENT BUMPER,Guitar,A,,Single Instrument bumper perfect for subtle scene changes,2026-06-19
C27a050,SIB Jaunty Electric,C27a,,SINGLE INSTRUMENT BUMPER,Guitar,Em,,Single Instrument bumper perfect for subtle scene changes,2026-06-19
C27a051,SIB Lesson One,C27a,,SINGLE INSTRUMENT BUMPER,Guitar,E,,Single Instrument bumper perfect for subtle scene changes,2026-06-19
C27a052,SIB A Bit Uneasy,C27a,,SINGLE INSTRUMENT BUMPER,Guitar,Gm,,Single Instrument bumper perfect for subtle scene changes,2026-06-19
C27a053,SIB After These Messages,C27a,,SINGLE INSTRUMENT BUMPER,Guitar,E,,Single Instrument bumper perfect for subtle scene changes,2026-06-19
C27a054,SIB Light Meander,C27a,,SINGLE INSTRUMENT BUMPER,Guitar,C,,Single Instrument bumper perfect for subtle scene changes,2026-06-19
C27a055,SIB Little Blues Thing,C27a,,SINGLE INSTRUMENT BUMPER,Guitar,Em,,Single Instrument bumper perfect for subtle scene changes,2026-06-19
C27a056,SIB Noodle Bowl,C27a,,SINGLE INSTRUMENT BUMPER,Guitar,B,,Single Instrument bumper perfect for subtle scene changes,2026-06-19
C27a057,SIB Pickin Tough,C27a,,SINGLE INSTRUMENT BUMPER,Guitar,Em,,Single Instrument bumper perfect for subtle scene changes,2026-06-19
C27a058,SIB Pool Noodle,C27a,,SINGLE INSTRUMENT BUMPER,Guitar,A,,Single Instrument bumper perfect for subtle scene changes,2026-06-19
C27a059,SIB Power Chug,C27a,,SINGLE INSTRUMENT BUMPER,Guitar,Em,,Single Instrument bumper perfect for subtle scene changes,2026-06-19
C27a060,SIB Sad To Leave,C27a,,SINGLE INSTRUMENT BUMPER,Guitar,Dm,,Single Instrument bumper perfect for subtle scene changes,2026-06-19
C27a061,SIB Staggered Bend,C27a,,SINGLE INSTRUMENT BUMPER,Guitar,Bm,,Single Instrument bumper perfect for subtle scene changes,2026-06-19
C27a062,SIB Verbed Out,C27a,,SINGLE INSTRUMENT BUMPER,Guitar,Am,,Single Instrument bumper perfect for subtle scene changes,2026-06-19
C27a074,SIB Annnnnnnd Scene,C27a,,SINGLE INSTRUMENT BUMPER,Blues - Acoustic Guitar,A,,Single Instrument bumper perfect for subtle scene changes,2026-06-19
C27a075,SIB Arpeggi Oops,C27a,,SINGLE INSTRUMENT BUMPER,Blues - Acoustic Guitar,E,,Single Instrument bumper perfect for subtle scene changes,2026-06-19
C27a076,SIB Be Seven,C27a,,SINGLE INSTRUMENT BUMPER,Blues - Acoustic Guitar,B,,Single Instrument bumper perfect for subtle scene changes,2026-06-19
C27a077,SIB Bending Road,C27a,,SINGLE INSTRUMENT BUMPER,Blues - Acoustic Guitar,Em,,Single Instrument bumper perfect for subtle scene changes,2026-06-19
C27a078,SIB Bluesy Snap,C27a,,SINGLE INSTRUMENT BUMPER,Blues - Acoustic Guitar,Am,,Single Instrument bumper perfect for subtle scene changes,2026-06-19
C27a079,SIB Break It Down,C27a,,SINGLE INSTRUMENT BUMPER,Blues - Acoustic Guitar,E,,Single Instrument bumper perfect for subtle scene changes,2026-06-19
C27a080,SIB Bullish Pick,C27a,,SINGLE INSTRUMENT BUMPER,Blues - Acoustic Guitar,E,,Single Instrument bumper perfect for subtle scene changes,2026-06-19
C27a081,SIB Chain Of Sevenths,C27a,,SINGLE INSTRUMENT BUMPER,Blues - Acoustic Guitar,G,,Single Instrument bumper perfect for subtle scene changes,2026-06-19
C27a082,SIB Chromatic Resolve,C27a,,SINGLE INSTRUMENT BUMPER,Blues - Acoustic Guitar,G,,Single Instrument bumper perfect for subtle scene changes,2026-06-19
C27a083,SIB Chugga Choo,C27a,,SINGLE INSTRUMENT BUMPER,Blues - Acoustic Guitar,E,,Single Instrument bumper perfect for subtle scene changes,2026-06-19
C27a084,SIB Chugga Chugga,C27a,,SINGLE INSTRUMENT BUMPER,Blues - Acoustic Guitar,A,,Single Instrument bumper perfect for subtle scene changes,2026-06-19
C27a085,SIB Closed For Renovations,C27a,,SINGLE INSTRUMENT BUMPER,Blues - Acoustic Guitar,E,,Single Instrument bumper perfect for subtle scene changes,2026-06-19
C27a086,SIB Country Blue,C27a,,SINGLE INSTRUMENT BUMPER,Blues - Acoustic Guitar,Am,,Single Instrument bumper perfect for subtle scene changes,2026-06-19
C27a087,SIB Country Resolve,C27a,,SINGLE INSTRUMENT BUMPER,Blues - Acoustic Guitar,C,,Single Instrument bumper perfect for subtle scene changes,2026-06-19
C27a088,SIB Cow Pick,C27a,,SINGLE INSTRUMENT BUMPER,Blues - Acoustic Guitar,C,,Single Instrument bumper perfect for subtle scene changes,2026-06-19
C27a089,SIB Cow Picking,C27a,,SINGLE INSTRUMENT BUMPER,Blues - Acoustic Guitar,C,,Single Instrument bumper perfect for subtle scene changes,2026-06-19
C27a090,SIB Da Da Da,C27a,,SINGLE INSTRUMENT BUMPER,Americana - Acoustic Guitar,Em,,Single Instrument bumper perfect for subtle scene changes,2026-06-19
C27a091,SIB Dark Picker,C27a,,SINGLE INSTRUMENT BUMPER,Folk - Acoustic Guitar,Em,,Single Instrument bumper perfect for subtle scene changes,2026-06-19
C27a092,SIB Decision Blues,C27a,,SINGLE INSTRUMENT BUMPER,Blues - Acoustic Guitar,Am,,Single Instrument bumper perfect for subtle scene changes,2026-06-19
C27a093,SIB Decision Slide,C27a,,SINGLE INSTRUMENT BUMPER,Blues - Acoustic Guitar,Am,,Single Instrument bumper perfect for subtle scene changes,2026-06-19
C27a094,SIB Desert Dirt,C27a,,SINGLE INSTRUMENT BUMPER,Americana - Acoustic Guitar,Dm,,Single Instrument bumper perfect for subtle scene changes,2026-06-19
C27a095,SIB Desert Dust,C27a,,SINGLE INSTRUMENT BUMPER,Americana - Acoustic Guitar,Dm,,Single Instrument bumper perfect for subtle scene changes,2026-06-19
C27a096,SIB Desert Sun,C27a,,SINGLE INSTRUMENT BUMPER,Americana - Acoustic Guitar,Dm,,Single Instrument bumper perfect for subtle scene changes,2026-06-19
C27a097,SIB Desert Night,C27a,,SINGLE INSTRUMENT BUMPER,Blues - Acoustic Guitar,Em,,Single Instrument bumper perfect for subtle scene changes,2026-06-19
C27a106,SIB Dominant Consensus,C27a,,SINGLE INSTRUMENT BUMPER,Blues - Acoustic Guitar,E,,Single Instrument bumper perfect for subtle scene changes,2026-06-19
C27a107,SIB Emerging Consensus,C27a,,SINGLE INSTRUMENT BUMPER,Rock - Acoustic Guitar,A,,Single Instrument bumper perfect for subtle scene changes,2026-06-19
C27a108,SIB End Of The Day,C27a,,SINGLE INSTRUMENT BUMPER,Country - Acoustic Guitar,C,,Single Instrument bumper perfect for subtle scene changes,2026-06-19
C27a109,SIB End On A High Note,C27a,,SINGLE INSTRUMENT BUMPER,Country - Acoustic Guitar,Am,,Single Instrument bumper perfect for subtle scene changes,2026-06-19
C27a110,SIB Falls Flat,C27a,,SINGLE INSTRUMENT BUMPER,Folk - Acoustic Guitar,A,,Single Instrument bumper perfect for subtle scene changes,2026-06-19
C27a111,SIB Goin On A Pick,C27a,,SINGLE INSTRUMENT BUMPER,Blues - Acoustic Guitar,Em,,Single Instrument bumper perfect for subtle scene changes,2026-06-19
C27a112,SIB Hammering On,C27a,,SINGLE INSTRUMENT BUMPER,Blues - Acoustic Guitar,Em,,Single Instrument bumper perfect for subtle scene changes,2026-06-19
C27a113,SIB Happy Descent,C27a,,SINGLE INSTRUMENT BUMPER,Folk - Acoustic Guitar,G,,Single Instrument bumper perfect for subtle scene changes,2026-06-19
C27a114,SIB Higher On The Neck,C27a,,SINGLE INSTRUMENT BUMPER,Blues - Acoustic Guitar,Em,,Single Instrument bumper perfect for subtle scene changes,2026-06-19
C27a115,SIB High On The Neck,C27a,,SINGLE INSTRUMENT BUMPER,Blues Guitar,Em,,Single Instrument bumper perfect for subtle scene changes,2026-06-19
C27a120,SIB It's Been Nice,C27a,,SINGLE INSTRUMENT BUMPER,Folk - Acoustic Guitar,C,,Single Instrument bumper perfect for subtle scene changes,2026-06-19
C27a121,SIB It's Off To Pick We Go,C27a,,SINGLE INSTRUMENT BUMPER,Country - Acoustic Guitar,E,,Single Instrument bumper perfect for subtle scene changes,2026-06-19
C27a122,SIB Just Lonesome,C27a,,SINGLE INSTRUMENT BUMPER,Rock - Acoustic Guitar,Em,,Single Instrument bumper perfect for subtle scene changes,2026-06-19
C27a123,SIB Let's Go Pickin',C27a,,SINGLE INSTRUMENT BUMPER,Rock - Acoustic Guitar,E,,Single Instrument bumper perfect for subtle scene changes,2026-06-19
C27a124,SIB Let's Just See,C27a,,SINGLE INSTRUMENT BUMPER,Rock - Acoustic Guitar,A,,Single Instrument bumper perfect for subtle scene changes,2026-06-19
C27a125,SIB Let's Think It Over,C27a,,SINGLE INSTRUMENT BUMPER,Folk - Acoustic Guitar,Am,,Single Instrument bumper perfect for subtle scene changes,2026-06-19
C27a126,SIB Lightning Picker,C27a,,SINGLE INSTRUMENT BUMPER,Rock - Acoustic Guitar,Em,,Single Instrument bumper perfect for subtle scene changes,2026-06-19
C27a127,SIB Light Saunter,C27a,,SINGLE INSTRUMENT BUMPER,Folk - Acoustic Guitar,C,,Single Instrument bumper perfect for subtle scene changes,2026-06-19
C27a128,SIB Lonesome Bend,C27a,,SINGLE INSTRUMENT BUMPER,Blues - Acoustic Guitar,Am,,Single Instrument bumper perfect for subtle scene changes,2026-06-19
C27a129,SIB Lots Going On,C27a,,SINGLE INSTRUMENT BUMPER,Rock - Acoustic Guitar,Em,,Single Instrument bumper perfect for subtle scene changes,2026-06-19
C27a130,SIB Meandering Recollections,C27a,,SINGLE INSTRUMENT BUMPER,Folk - Acoustic Guitar,G,,Single Instrument bumper perfect for subtle scene changes,2026-06-19
C27a131,SIB Might Be Serious,C27a,,SINGLE INSTRUMENT BUMPER,Rock - Acoustic Guitar,Em,,Single Instrument bumper perfect for subtle scene changes,2026-06-19
C27a132,SIB No Minors Allowed,C27a,,SINGLE INSTRUMENT BUMPER,Rock - Acoustic Guitar,A,,Single Instrument bumper perfect for subtle scene changes,2026-06-19
C27a133,SIB Off Balance,C27a,,SINGLE INSTRUMENT BUMPER,Blues - Acoustic Guitar,E,,Single Instrument bumper perfect for subtle scene changes,2026-06-19
C27a134,SIB Open Chords,C27a,,SINGLE INSTRUMENT BUMPER,Rock - Acoustic Guitar,A,,Single Instrument bumper perfect for subtle scene changes,2026-06-19
C27a135,SIB Palm It,C27a,,SINGLE INSTRUMENT BUMPER,Blues - Acoustic Guitar,E,,Single Instrument bumper perfect for subtle scene changes,2026-06-19
C27a136,SIB Palm It Less,C27a,,SINGLE INSTRUMENT BUMPER,Blues - Acoustic Guitar,E,,Single Instrument bumper perfect for subtle scene changes,2026-06-19
C27a137,SIB Perch Pond,C27a,,SINGLE INSTRUMENT BUMPER,Rock - Acoustic Guitar,E,,Single Instrument bumper perfect for subtle scene changes,2026-06-19
C27a138,SIB Pickin' Transition,C27a,,SINGLE INSTRUMENT BUMPER,Rock - Acoustic Guitar,Em,,Single Instrument bumper perfect for subtle scene changes,2026-06-19
C27a139,SIB Pretty Quick,C27a,,SINGLE INSTRUMENT BUMPER,Rock - Acoustic Guitar,Em,,Single Instrument bumper perfect for subtle scene changes,2026-06-19
C27a140,SIB Question Resolved,C27a,,SINGLE INSTRUMENT BUMPER,Blues - Acoustic Guitar,G,,Single Instrument bumper perfect for subtle scene changes,2026-06-19
C27a141,"SIB Quick, Let's Pick",C27a,,SINGLE INSTRUMENT BUMPER,Americana - Acoustic Guitar,G,,Single Instrument bumper perfect for subtle scene changes,2026-06-19
C27a142,SIB Quick Pick Lick,C27a,,SINGLE INSTRUMENT BUMPER,Blues - Acoustic Guitar,A,,Single Instrument bumper perfect for subtle scene changes,2026-06-19
C27a143,SIB Quick Pull,C27a,,SINGLE INSTRUMENT BUMPER,Blues - Acoustic Guitar,Em,,Single Instrument bumper perfect for subtle scene changes,2026-06-19
C27a144,SIB Quick Resolution,C27a,,SINGLE INSTRUMENT BUMPER,Blues - Acoustic Guitar,E,,Single Instrument bumper perfect for subtle scene changes,2026-06-19
C27a145,SIB Really Quick,C27a,,SINGLE INSTRUMENT BUMPER,Rock - Acoustic Guitar,Em,,Single Instrument bumper perfect for subtle scene changes,2026-06-19
C27a146,SIB Resolved To Question,C27a,,SINGLE INSTRUMENT BUMPER,Blues - Acoustic Guitar,G,,Single Instrument bumper perfect for subtle scene changes,2026-06-19
C27a147,SIB Rugged Job,C27a,,SINGLE INSTRUMENT BUMPER,Blues - Acoustic Guitar,Em,,Single Instrument bumper perfect for subtle scene changes,2026-06-19
C27a148,SIB A Bit Wobbly,C27a,,SINGLE INSTRUMENT BUMPER,Blues - Acoustic Guitar,Em,,Single Instrument bumper perfect for subtle scene changes,2026-06-19
C27a149,SIB Acoustic Air Guitar,C27a,,SINGLE INSTRUMENT BUMPER,Rock - Acoustic Guitar,E,,Single Instrument bumper perfect for subtle scene changes,2026-06-19
C27a150,SIB Acoustic Truckin',C27a,,SINGLE INSTRUMENT BUMPER,Rock - Acoustic Guitar,A,,Single Instrument bumper perfect for subtle scene changes,2026-06-19
C27a151,SIB A Dramatic Close,C27a,,SINGLE INSTRUMENT BUMPER,Blues - Acoustic Guitar,Em,,Single Instrument bumper perfect for subtle scene changes,2026-06-19
C27a152,SIB A Little Discord,C27a,,SINGLE INSTRUMENT BUMPER,Rock - Acoustic Guitar,Am,,Single Instrument bumper perfect for subtle scene changes,2026-06-19
C27a153,SIB A Little Mixed Up,C27a,,SINGLE INSTRUMENT BUMPER,Folk - Acoustic Guitar,D,,Single Instrument bumper perfect for subtle scene changes,2026-06-19
C27a154,SIB Slip Slide,C27a,,SINGLE INSTRUMENT BUMPER,Country - Acoustic Guitar,A,,Single Instrument bumper perfect for subtle scene changes,2026-06-19
C27a155,SIB Slow Hammer,C27a,,SINGLE INSTRUMENT BUMPER,Blues - Acoustic Guitar,E,,Single Instrument bumper perfect for subtle scene changes,2026-06-19
C27a156,SIB Snap It Up,C27a,,SINGLE INSTRUMENT BUMPER,Blues - Acoustic Guitar,Em,,Single Instrument bumper perfect for subtle scene changes,2026-06-19
C27a157,SIB Snappin' Strings,C27a,,SINGLE INSTRUMENT BUMPER,Blues - Acoustic Guitar,E,,Single Instrument bumper perfect for subtle scene changes,2026-06-19
C27a158,SIB Snappy Blues,C27a,,SINGLE INSTRUMENT BUMPER,Blues - Acoustic Guitar,E,,Single Instrument bumper perfect for subtle scene changes,2026-06-19
C27a159,SIB Solid Find,C27a,,SINGLE INSTRUMENT BUMPER,Rock - Acoustic Guitar,G,,Single Instrument bumper perfect for subtle scene changes,2026-06-19
C27a160,SIB Strong And Reliable,C27a,,SINGLE INSTRUMENT BUMPER,Blues - Acoustic Guitar,A,,Single Instrument bumper perfect for subtle scene changes,2026-06-19
C27a161,SIB Strummy,C27a,,SINGLE INSTRUMENT BUMPER,Rock - Acoustic Guitar,E,,Single Instrument bumper perfect for subtle scene changes,2026-06-19
C27a162,SIB Stumbling Resolve,C27a,,SINGLE INSTRUMENT BUMPER,Blues - Acoustic Guitar,Gm,,Single Instrument bumper perfect for subtle scene changes,2026-06-19
C27a163,SIB Ta Da,C27a,,SINGLE INSTRUMENT BUMPER,Rock - Acoustic Guitar,A,,Single Instrument bumper perfect for subtle scene changes,2026-06-19
C27a164,SIB That Was Weird,C27a,,SINGLE INSTRUMENT BUMPER,Rock - Acoustic Guitar,Em,,Single Instrument bumper perfect for subtle scene changes,2026-06-19
C27a165,SIB The Long Haul,C27a,,SINGLE INSTRUMENT BUMPER,Rock - Acoustic Guitar,A,,Single Instrument bumper perfect for subtle scene changes,2026-06-19
C27a166,SIB The Saunter,C27a,,SINGLE INSTRUMENT BUMPER,Rock - Acoustic Guitar,E,,Single Instrument bumper perfect for subtle scene changes,2026-06-19
C27a167,SIB The Short Haul,C27a,,SINGLE INSTRUMENT BUMPER,Rock - Acoustic Guitar,A,,Single Instrument bumper perfect for subtle scene changes,2026-06-19
C27a168,SIB The Vista,C27a,,SINGLE INSTRUMENT BUMPER,Folk - Acoustic Guitar,E,,Single Instrument bumper perfect for subtle scene changes,2026-06-19
C27a169,SIB Thoughtful And Lonesome,C27a,,SINGLE INSTRUMENT BUMPER,Blues - Acoustic Guitar,Em,,Single Instrument bumper perfect for subtle scene changes,2026-06-19
C27a170,SIB To The Nines,C27a,,SINGLE INSTRUMENT BUMPER,Blues - Acoustic Guitar,G,,Single Instrument bumper perfect for subtle scene changes,2026-06-19
C27a171,SIB Tough Luck,C27a,,SINGLE INSTRUMENT BUMPER,Blues - Acoustic Guitar,Em,,Single Instrument bumper perfect for subtle scene changes,2026-06-19
C27a172,SIB Uh Oh,C27a,,SINGLE INSTRUMENT BUMPER,Folk - Acoustic Guitar,Em,,Single Instrument bumper perfect for subtle scene changes,2026-06-19
C27a173,SIB Uh Oh Again,C27a,,SINGLE INSTRUMENT BUMPER,Rock - Acoustic Guitar,Em,,Single Instrument bumper perfect for subtle scene changes,2026-06-19
C27a174,SIB Up And Up,C27a,,SINGLE INSTRUMENT BUMPER,Rock - Acoustic Guitar,Em,,Single Instrument bumper perfect for subtle scene changes,2026-06-19
C27a175,SIB Well OK Then,C27a,,SINGLE INSTRUMENT BUMPER,Blues - Acoustic Guitar,Em,,Single Instrument bumper perfect for subtle scene changes,2026-06-19
C27a176,SIB What Would Dorian Do,C27a,,SINGLE INSTRUMENT BUMPER,Blues - Acoustic Guitar,Am,,Single Instrument bumper perfect for subtle scene changes,2026-06-19
C27a177,SIB With A Flick Of The Wrist,C27a,,SINGLE INSTRUMENT BUMPER,Country - Acoustic Guitar,E,,Single Instrument bumper perfect for subtle scene changes,2026-06-19
C27a226,Seventh Drone,C27a,,FILM SCORE,,E,,Clean electric guitar drones,2026-06-19
C27a227,Sinking In,C27a,,FILM SCORE,,Em,,"Low, spooky drone with hi harmonics",2026-06-19
C27a230,Think On It 2,C27a,,FILM SCORE,,G,,"A slow moving, meditative track with soft pads and subtle evolutions.",2026-06-19
C27a232,Wistful Gaze,C27a,,FILM SCORE,,A,,"A subtle, slow moving track with a sense of reflection and contemplation.",2026-06-19
C27a283,Land Of Heart,C27a,,HEARTLAND ROCK,Acoustic - Classic Rock,G,,Big and positive acoustic guitar driven but with the full band jamming along,2026-06-19
C27b001,Old Kit,C27b,,CLASSIC ROCK,Hard Rock - Metal,Em,,*** SOLD TO A&E PERMANENT COLLECTION***,2026-06-19
C30a065,Breezy Future,C30a,,POP,Synthpop,DSharp,,"Fun, Uplifting, Feel Good Dance Pop Track",2026-06-19
C32B443,Clueless Schemer,C32B,,FILM SCORE,,Csharpm,96,"Too-cool-for-school drum samples, nostalgic hip-hop keyboard chops and plenty of vibey grooves.",2026-06-19
C32b484,Bless Your Drama,C32b,,HIP HOP/RAP,Modern Hip Hop,Am,,A Drum machine blast in the face followed by strange synth rhythms,2026-06-19
C32b485,Champagne And Side Eyes,C32b,,HIP HOP/RAP,Electro,Dm,,Groovy and dark. Super groovy and funky. Sexy with a hint of danger,2026-06-19
C32b486,Gossip And Glitter,C32b,,HOUSE,Deep House,Fsharpm,,Bouncy and driving and simple. Edgy.,2026-06-19
C32b487,Lip Gloss And Lies,C32b,,HIP HOP/RAP,Trap,Em,,Strange grooves with ethereal top end.,2026-06-19
C32b488,The Cheating Despair,C32b,,HOUSE,Electro House,Csharpm,,Slow and sexy club groove with trap drums and buzzy synths,2026-06-19
C32b489,Velvet Rope Vendetta,C32b,,HOUSE,Electro House,Fsharpm,,Big room banger with almost a touch of industrial,2026-06-19
C32b490,Charm Offensive,C32b,,HOUSE,Progressive House,G,,Driving club track with fun percussion effects and bouncy synth bass,2026-06-19
C32b492,Grumble Bum,C32b,,HOUSE,Tech House,Bm,,"Low, Buzzy and grinding gives way to high synth pluckiness",2026-06-19
C32b493,Hometown Glitter,C32b,,POP,Electropop,B,,just SOOO happy and light and sweet. Nobody having a bad day here!,2026-06-19
C32b494,House Of Summer,C32b,,HOUSE,Deep House,Gm,,Hi hollow melody over a quirky beat and efx,2026-06-19
C32b495,I Like Where This Is Going,C32b,,HIP HOP/RAP,Trap,F,,"Half time beat with fat, buzzy synths",2026-06-19
C32b496,Lip Gloss Loyalty,C32b,,POP,Dance,Am,,Joyous and anthemic dance party.,2026-06-19
C32b497,Low County Lights,C32b,,HOUSE,Progressive House,D,,Dark and aggressive with aggressive synth treatments.,2026-06-19
C32b498,Make This Wedding Amazing,C32b,,POP,Synthpop,A,,A fun and happy celebration,2026-06-19
C32b499,Throwing Savannah Shade,C32b,,FILM SCORE,,C,,Tense and a little Exotic. Not middle Eastern but from Somewhere,2026-06-19
C32b500,Weekend Of Wonder,C32b,,HOUSE,Tech House,Bm,,Big room banging Tech House using dubstep sonics.,2026-06-19
C32b501,We Need A Room,C32b,,HIP HOP/RAP,Trap,Gm,,Dark hip hop tension. Exotic and suspenseful.,2026-06-19
C32b502,You Know Why I'm Warning You,C32b,,FILM SCORE,,Fm,,Eerie and Ethereal with a hollow synth lead over trap drums.,2026-06-19
C32b503,You Tried Your Lies,C32b,,FILM SCORE,,Em,,,2026-06-19
C32b504,YouSparkleButYoureDirt,C32b,,HIP HOP/RAP,Modern Hip Hop,Db,,,2026-06-19
C32b505,Shadow Drama,C32b,,HIP HOP/RAP,Modern Hip Hop,Fsharpm,,,2026-06-19
C32b506,Crying Over Fools,C32b,,FILM SCORE,,Bm,,,2026-06-19
C32b507,Sidelined,C32b,,FILM SCORE,,Csharpm,,,2026-06-19
C32b508,Words Bite,C32b,,FILM SCORE,,Eb,,,2026-06-19
C32b509,Greedy For Glory,C32b,,WORLD-ETHNIC,Latin,Am,,,2026-06-19
C32b510,Hard Heat Heartbreak,C32b,,WORLD-ETHNIC,Latin,Am,,,2026-06-19
C32b511,Peaceful Paradise,C32b,,WORLD-ETHNIC,Latin,Am,,,2026-06-19
C32b512,Spicy Hustle,C32b,,WORLD-ETHNIC,Latin,Am,,,2026-06-19
C32c001,At The Afterparty,C32c,,POP,Electropop,Em,,,2026-06-19
C32c002,Don't Regret It,C32c,,POP,Electropop,B,,,2026-06-19
C32c003,Don't Want To Leave This Moment,C32c,,POP,Adult Contemporary,Csharpm,,,2026-06-19
C32c004,If You're Feeling Like Dancing,C32c,,POP,R&B,Fm,,,2026-06-19
C32c005,Skyhigh,C32c,,POP,Electropop,Fm,,,2026-06-19
C33a019,Just Chill,C33a,,HIP HOP/RAP,Modern Hip Hop,Fm,,Edgy and Serious Hip Hop / Rap,2026-06-19
C33a021,Rainy Day Trap,C33a,,HIP HOP/RAP,Trap,Cm,,Serious and Dark HIP HOP / RAP,2026-06-19
C37a001,Reversed Cymbal 1,C37a,,SFX,Percussion,C,,Dramatic Swoosh EFX,2026-06-19
C37a002,Reversed Cymbal 2,C37a,,SFX,Percussion,C,,Dramatic Swoosh EFX,2026-06-19
C43a001,Reversed Cymbal 3,C43a,,SFX,Percussion,C,,Dramatic Swoosh EFX,2026-06-19
C44a0035,My Best Frenemy,C44a,,FILM SCORE,,Gm,,mysterious synthesizers and electronic drums that sound like they should be in a spy movie,2026-06-19
C46a179,Willow,C46a,,FILM SCORE,,Am,,String harmonics that have a curious and searching feeling. Booming percussion added gives more of a serious and foreboding tone and progresses to become more urgent.,2026-06-19
C52a175,Downward Fail,C52a,,FILM SCORE,,Am,118,Menacing low synth part with lots of impacts and swooshes,2026-06-19
C52a180,In Between The Lines,C52a,,POP,Dance,C,,,2026-06-19
C52a181,Right By My Side,C52a,,POP,Dance,C,,,2026-06-19
C52a182,Make Me Wanna Love Somebody,C52a,,POP,Dance,A,,,2026-06-19
C52a183,Tonight Feels Like Forever,C52a,,POP,R&B,Bb,,,2026-06-19
C52a184,You Make Me Wanna Move,C52a,,POP,Electropop,Db,,,2026-06-19
C52b010,Rock And Slide,C52b,,80's Rock and Pop,Heavy Metal,Cm,162,Confident electric guitar and percussion that have a gritty and serious tone. Defiant with an angry and rebellious feeling.,2026-06-19
C53a005,Dirty Shuffle,C53a,,ALTERNATIVE ROCK,Post-Grunge,E,136,Distorted guitars playing some catchy and heavy grunge like riffs,2026-06-19
C53a485,Flying Away,C53a,,HEARTLAND ROCK,Acoustic - Classic Rock,C,,Easy going and carefree american heartland pop rock,2026-06-19
C59A002,At The Door,C59A,,FILM SCORE,,G,,"Vibey, tripped-out tension cue with psychedelic intrigue.",2026-06-19
R03B086,Fat Back Flame Up,R03B,,SOUL,,E,118,"Classic 70's funk groove with all the bells and whistles, including a vocal sample ""HUH!""",2026-06-19
R03b044,Swamp Cabbage Alley,R03b,,CLASSIC ROCK,Blues Rock,Eb,,Back-alley blues guitar takes a shot of whiskey at the worst dive bar you've ever been to.,2026-06-19
R03b051,ATL Handling Fees,R03b,,FILM SCORE,,G,,Creepy-crawling synth melodies exit the darkness of a crime-riddled bedroom.,2026-06-19
R03b077,Corner Lights,R03b,,SOUL,,C,,"Loose jam featuring synth bass, strings and treated piano",2026-06-19
R03b134,Arctic Roommate Vibes,R03b,,FILM SCORE,,Gm,,tight and plucky with loud brass hits.,2026-06-19
R03b215,Double Drippin',R03b,,HOUSE,Tech House,Fm,,Driving and pulsing with great low end. drop at :25.,2026-06-19
R03b216,Drip Drama Queen,R03b,,HOUSE,Progressive House,Gm,,"Simple driving house beat with the female vocals singing ""Drip Drip Drama Queen"" in the hook",2026-06-19
R03b217,High Octane Shine Up,R03b,,HOUSE,Deep House,Gm,,Filtered melody and groove with big room vibes,2026-06-19
R03b218,Ice And Attitude,R03b,,POP,Electropop,Cm,,Very synthy and pulsing with big build right at the top.,2026-06-19
R03b219,Really Live it Up,R03b,,POP,Electropop,Gm,,"Very fast and sweaty and driving AF, Male Vocals, ""we don't sleep, Let's Live it up""",2026-06-19
R03b220,On Holiday,R03b,,POP,Dance,Dm,,"""We're Goin on Holiday"" Female Vocals. Super fast and then male vocals join in a very robotic and treated way.",2026-06-19
R03b221,Southern Shellac,R03b,,HOUSE,Tech House,Ab,,The pulse feels like downbeats until the beat drops and you realize it is upbeats.,2026-06-19
R03b222,Swag Shuffle,R03b,,POP,Electropop,Ab,,A Party starter. aggressive sawtooth synths over a bouncy dance beat.,2026-06-19
R03b223,The Action Is Go,R03b,,POP,Dance,A,,Tonight we leave it all behind! Big and bouncy dance track,2026-06-19
R03b224,Tonight Again,R03b,,POP,Dance,Cm,,"Driving and fast dance track with male vocals and 80's synth sounds. ""Tonight we'll leave it all behind""",2026-06-19
R04a384,DB Some Dumb Bum 2,R04a,,DRUM BEAT,Rock,NA,170,,2026-06-19
R04a385,DB Some Dumb Bum 2a,R04a,,DRUM BEAT,Rock,NA,170,,2026-06-19
R04a386,DB Some Dumb Bum 3,R04a,,DRUM BEAT,Rock,NA,170,,2026-06-19
R04a387,DB Some Dumb Bum 3a,R04a,,DRUM BEAT,Rock,NA,170,,2026-06-19
R04a388,DB Train Numb Pain 1,R04a,,DRUM BEAT,Rock,NA,170,,2026-06-19
R04a389,DB Train Numb Pain 1a,R04a,,DRUM BEAT,Rock,NA,170,,2026-06-19
R04a390,DB Train Numb Pain 2,R04a,,DRUM BEAT,Rock,NA,170,,2026-06-19
R04a391,DB Train Numb Pain 2a,R04a,,DRUM BEAT,Rock,NA,170,,2026-06-19
R04a392,DB Train Numb Pain 3,R04a,,DRUM BEAT,Rock,NA,170,,2026-06-19
R04a393,DB Train Numb Pain 3a,R04a,,DRUM BEAT,Rock,NA,170,,2026-06-19
R04a394,DB Stick Hit Quick 1,R04a,,DRUM BEAT,Rock,NA,170,,2026-06-19
R04a395,DB Stick Hit Quick 1a,R04a,,DRUM BEAT,Rock,NA,170,,2026-06-19
R04a396,DB Stick Hit Quick 2,R04a,,DRUM BEAT,Rock,NA,170,,2026-06-19
R04a397,DB Stick Hit Quick 2a,R04a,,DRUM BEAT,Rock,NA,170,,2026-06-19
R04a398,DB Stick Hit Quick 3,R04a,,DRUM BEAT,Rock,NA,170,,2026-06-19
R04a399,DB Stick Hit Quick 3a,R04a,,DRUM BEAT,Rock,NA,170,,2026-06-19
R04b100,AeroNorff,R04b,,80's Rock and Pop,Pop Rock,Bbm,123,Easy going rock,2026-06-19
R04b101,Aeroclose,R04b,,ALTERNATIVE ROCK,Post-Grunge,Fsharp,,"Grungy, sloppy, and awesome",2026-06-19
R04b182,AC Shine That Moon,R04b,,COUNTRY,Acoustic - Americana,Am,,Driving way too fast in an Americana tune,2026-06-19
R04b435,Baby Blue Ride,R04b,,HEARTLAND ROCK,Americana,Dbm,,"Laid back, positive, acoustic Americana",2026-06-19
R04b445,Just Because 2,R04b,,COUNTRY,Acoustic - Americana,Eb,,Laid back and chill acoustic Americana,2026-06-19
R04b506,Brownification,R04b,,CLASSIC ROCK,Blues Rock,Abm,,Upbeat and edgy garage rock,2026-06-19
R04b68,R04 Sleighbells PERC,R04b,,CHRISTMAS,Percussion,B,129,Turns any song into a Christmas classic,2026-06-19
R04e001,American Pickers Sonic Brand Sting FULL,R04e,,SFX,,Cm,,*** SOLD TO A&E PERMANENT COLLECTION***,2026-06-19
R07a011,Wampo Tango,R07a,,FILM SCORE,,Dm,,Imagine a tango while tripping balls. Full of cello and theramin.,2026-06-19
R11a021,Smooth Crime,R11a,,FILM SCORE,,Cm,89,"Mysterious and tense, something's about to go down, man. We need to get outta here!",2026-06-19
R11a148,Out Of This World,R11a,,FILM SCORE,,G,129,Massive Sweeping Title theme,2026-06-19
R11a177,Race Tuning,R11a,,FILM SCORE,,Dm,129,"Fast paced, suspenseful and edgy... make sure you wear your seatbelt!",2026-06-19
R11a179,After The Kill,R11a,,FILM SCORE,,Gm,118,"A cool, edgy and suspenseful dramatic tension cue.",2026-06-19
R11a180,French Dialogue,R11a,,WORLD-ETHNIC,French,E,152,An enchanting and slightly mysterious track featuring solo accordion that will transport you to the magical streets of Paris.,2026-06-19
R11a253,Coffee Break,R11a,,JAZZ,Mainstream Jazz,Bb,,Groovy jazz clarinet and good vibes all around.,2026-06-19
R11a263,On The Move,R11a,,JAZZ,Mainstream Jazz,C,,Relax and forget your troubles with some carefree jazz.,2026-06-19
R11a284,DST Defeat By Piano,R11a,,DRAMA STING,Piano,Cm,,Dramatically sad piano sting.,2026-06-19
R11a285,DST Fast Piano Swoosh,R11a,,DRAMA STING,Piano,Gm,,Quick and dramatic piano sting.,2026-06-19
R11a286,DST Hi Piano And Strings,R11a,,DRAMA STING,Orchestral,Fm,,Dark and dramatic strings and piano sting.,2026-06-19
R11a287,DST Hi Piano Low Final,R11a,,DRAMA STING,Piano,Bbm,,Dramatically hopeful piano sting.,2026-06-19
R11a288,DST Low Piano Strings,R11a,,DRAMA STING,Orchestral,Gb,,Dark and tense piano and strings sting.,2026-06-19
R11a289,DST Melan Piano String,R11a,,DRAMA STING,Piano,Bm,,Dramatically melancholic piano and strings sting.,2026-06-19
R11a290,DST Mid Piano And Brass,R11a,,DRAMA STING,Orchestral,E,,Dramatically hopeful piano and brass sting.,2026-06-19
R11a291,DST Piano Brass Cymbal,R11a,,DRAMA STING,Orchestral,Fm,,"Dramatically mysterious piano, brass and cymbal sting.",2026-06-19
R11a292,DST Soapy Piano,R11a,,DRAMA STING,Orchestral,Eb,,Dramatically hopeful piano and cymbal sting.,2026-06-19
R11a293,DST Tense Piano And Strings,R11a,,DRAMA STING,Piano,Am,,Dramatically melancholic piano and strings sting.,2026-06-19
R11a294,HST Hi Piano Horror,R11a,,HORROR STING,Orchestral,Dbm,,Dark spooky piano and strings horror sting.,2026-06-19
R11a295,HST Darkest Timeline Piano And Strings,R11a,,HORROR STING,Orchestral,Abm,,Building tense and eerie piano and strings horror sting.,2026-06-19
R11a296,HST Low Piano And Brass,R11a,,HORROR STING,Orchestral,Fm,,Tense and eerie piano and strings horror sting.,2026-06-19
R11a297,HST Low Piano And Brass Splatter,R11a,,HORROR STING,Orchestral,Dbm,,"Dark, tense and eerie piano and brass horror sting.",2026-06-19
R11a298,HST Low Piano And Nervous Strings,R11a,,HORROR STING,Orchestral,Db,,Ominous and eerie piano and strings horror sting.,2026-06-19
R11a299,HST Low Pound Piano With Brass,R11a,,HORROR STING,Orchestral,E,,Eerie and foreboding piano and brass horror sting.,2026-06-19
R11a300,HST Piano Rise Nervous,R11a,,HORROR STING,Orchestral,Fm,,Tense and ominous piano and strings horror sting.,2026-06-19
R11a301,HST Pound Piano,R11a,,HORROR STING,Orchestral,Ab,,"Tense and creepy piano, strings and percussion horror sting.",2026-06-19
R11a302,HST Stab Piano Drum Roll,R11a,,HORROR STING,Orchestral,Bbm,,"Ominous, eerie and tense piano and percussion horror sting.",2026-06-19
R11a303,HST Terrified Strings,R11a,,HORROR STING,Orchestral,A,,"Eerie and tense strings, percussion and piano horror sting.",2026-06-19
R11a311,HST Horror Hit 01,R11a,,HORROR STING,Percussion,Dm,,Barren and ominous percussion horror sting.,2026-06-19
R11a312,HST Horror Hit 02,R11a,,HORROR STING,Percussion,Em,,Mysterious and ominous percussion horror sting.,2026-06-19
R11a313,HST Horror Hit 03,R11a,,HORROR STING,Electronic,Em,,Creepy and mysterious percussion horror sting.,2026-06-19
R11a314,HST Horror Hit 04,R11a,,HORROR STING,Electronic,Dbm,,Eerie and unsettling ambient horror sting.,2026-06-19
R11a315,HST Horror Hit 05,R11a,,HORROR STING,Electronic,Em,,Tense and eerie ambient horror sting.,2026-06-19
R11a316,HST Horror Hit 06,R11a,,HORROR STING,Electronic,Ebm,,"Dark, barren and creepy ambient horror sting.",2026-06-19
R11a317,HST Horror Hit 07,R11a,,HORROR STING,Electronic,E,,Unsettling and eerie ambient horror sting.,2026-06-19
R11a318,HST Horror Hit 08,R11a,,HORROR STING,Electronic,D,,Barren and foreboding ambient horror sting.,2026-06-19
R11a319,HST Horror Hit 09,R11a,,HORROR STING,Electronic,Dbm,,"Eerie, tense and creepy ambient horror sting.",2026-06-19
R11a320,HST Horror Hit 10,R11a,,HORROR STING,Electronic,D,,"Barren, eerie and ominous ambient horror sting.",2026-06-19
R11a334,Cymbals 10 Sec Bright,R11a,,SFX,Percussion,NA,,"Crashing cymbal roll 10 seconds, bright.",2026-06-19
R11a335,Cymbals 10 Sec Dark,R11a,,SFX,Percussion,NA,,Dark cymbals for 10 seconds.,2026-06-19
R11a336,Cymbals 10 Sec Medium,R11a,,SFX,Percussion,NA,,Medium cymbals for 10 seconds.,2026-06-19
R11a337,Cymbals 15 Sec Bright,R11a,,SFX,Percussion,NA,,Bright cymbals for 15 seconds.,2026-06-19
R11a338,Cymbals 15 Sec Dark,R11a,,SFX,Percussion,NA,,Dark cymbals for 15 seconds.,2026-06-19
R11a339,Cymbals 15 Sec Medium,R11a,,SFX,Percussion,NA,,Medium cymbals for 15 seconds.,2026-06-19
R11a340,Cymbals 5 Sec Bright,R11a,,SFX,Percussion,NA,,Bright cymbals for 5 seconds.,2026-06-19
R11a341,Cymbals 5 Sec Dark,R11a,,SFX,Percussion,NA,,Dark cymbals for 5 seconds.,2026-06-19
R11a342,Cymbals 5 Sec Medium,R11a,,SFX,Percussion,NA,,Medium cymbals for 5 seconds.,2026-06-19
R11a343,OH Long Loud Hits A,R11a,,SFX,Orchestral,A,,,2026-06-19
R11a344,OH Long Loud Hits Ab,R11a,,SFX,Orchestral,Ab,,,2026-06-19
R11a345,OH Long Loud Hits Abm,R11a,,SFX,Orchestral,Abm,,,2026-06-19
R11a346,OH Long Loud Hits Am,R11a,,SFX,Orchestral,Am,,,2026-06-19
R11a347,OH Long Loud Hits B,R11a,,SFX,Orchestral,B,,,2026-06-19
R11a348,OH Long Loud Hits Bb,R11a,,SFX,Orchestral,Bb,,,2026-06-19
R11a349,OH Long Loud Hits Bbm,R11a,,SFX,Orchestral,Bbm,,,2026-06-19
R11a350,OH Long Loud Hits Bm,R11a,,SFX,Orchestral,Bm,,,2026-06-19
R11a351,OH Long Loud Hits C,R11a,,SFX,Orchestral,C,,,2026-06-19
R11a352,OH Long Loud Hits Cm,R11a,,SFX,Orchestral,Cm,,,2026-06-19
R11a353,OH Long Loud Hits D,R11a,,SFX,Orchestral,D,,,2026-06-19
R11a354,OH Long Loud Hits Db,R11a,,SFX,Orchestral,Db,,,2026-06-19
R11a355,OH Long Loud Hits Dbm,R11a,,SFX,Orchestral,Dbm,,,2026-06-19
R11a356,OH Long Loud Hits Dm,R11a,,SFX,Orchestral,Dm,,,2026-06-19
R11a357,OH Long Loud Hits E,R11a,,SFX,Orchestral,E,,,2026-06-19
R11a358,OH Long Loud Hits Eb,R11a,,SFX,Orchestral,Eb,,,2026-06-19
R11a359,OH Long Loud Hits Ebm,R11a,,SFX,Orchestral,Ebm,,,2026-06-19
R11a360,OH Long Loud Hits Em,R11a,,SFX,Orchestral,Em,,,2026-06-19
R11a361,OH Long Loud Hits F,R11a,,SFX,Orchestral,F,,,2026-06-19
R11a362,OH Long Loud Hits Fm,R11a,,SFX,Orchestral,Fm,,,2026-06-19
R11a363,OH Long Loud Hits G,R11a,,SFX,Orchestral,G,,,2026-06-19
R11a364,OH Long Loud Hits Gb,R11a,,SFX,Orchestral,Gb,,,2026-06-19
R11a365,OH Long Loud Hits Gbm,R11a,,SFX,Orchestral,Gbm,,,2026-06-19
R11a366,OH Long Loud Hits Gm,R11a,,SFX,Orchestral,Gm,,,2026-06-19
R11a367,OH Long Loud No Hits A,R11a,,SFX,Orchestral,A,,,2026-06-19
R11a368,OH Long Loud No Hits Ab,R11a,,SFX,Orchestral,Ab,,,2026-06-19
R11a369,OH Long Loud No Hits Abm,R11a,,SFX,Orchestral,Abm,,,2026-06-19
R11a370,OH Long Loud No Hits Am,R11a,,SFX,Orchestral,Am,,,2026-06-19
R11a371,OH Long Loud No Hits B,R11a,,SFX,Orchestral,B,,,2026-06-19
R11a372,OH Long Loud No Hits Bb,R11a,,SFX,Orchestral,Bb,,,2026-06-19
R11a373,OH Long Loud No Hits Bbm,R11a,,SFX,Orchestral,Bbm,,,2026-06-19
R11a374,OH Long Loud No Hits Bm,R11a,,SFX,Orchestral,Bm,,,2026-06-19
R11a375,OH Long Loud No Hits C,R11a,,SFX,Orchestral,C,,,2026-06-19
R11a376,OH Long Loud No Hits Cm,R11a,,SFX,Orchestral,Cm,,,2026-06-19
R11a377,OH Long Loud No Hits D,R11a,,SFX,Orchestral,D,,,2026-06-19
R11a378,OH Long Loud No Hits Db,R11a,,SFX,Orchestral,Db,,,2026-06-19
R11a379,OH Long Loud No Hits Dbm,R11a,,SFX,Orchestral,Dbm,,,2026-06-19
R11a380,OH Long Loud No Hits Dm,R11a,,SFX,Orchestral,Dm,,,2026-06-19
R11a381,OH Long Loud No Hits E,R11a,,SFX,Orchestral,E,,,2026-06-19
R11a382,OH Long Loud No Hits Eb,R11a,,SFX,Orchestral,Eb,,,2026-06-19
R11a383,OH Long Loud No Hits Ebm,R11a,,SFX,Orchestral,Ebm,,,2026-06-19
R11a384,OH Long Loud No Hits Em,R11a,,SFX,Orchestral,Em,,,2026-06-19
R11a385,OH Long Loud No Hits F,R11a,,SFX,Orchestral,F,,,2026-06-19
R11a386,OH Long Loud No Hits Fm,R11a,,SFX,Orchestral,Fm,,,2026-06-19
R11a387,OH Long Loud No Hits G,R11a,,SFX,Orchestral,G,,,2026-06-19
R11a388,OH Long Loud No Hits Gb,R11a,,SFX,Orchestral,Gb,,,2026-06-19
R11a389,OH Long Loud No Hits Gbm,R11a,,SFX,Orchestral,Gbm,,,2026-06-19
R11a390,OH Long Loud No Hits Gm,R11a,,SFX,Orchestral,Gm,,,2026-06-19
R11a391,OH Long Soft Hits A,R11a,,SFX,Orchestral,A,,,2026-06-19
R11a392,OH Long Soft Hits Ab,R11a,,SFX,Orchestral,Ab,,,2026-06-19
R11a393,OH Long Soft Hits Abm,R11a,,SFX,Orchestral,Abm,,,2026-06-19
R11a394,OH Long Soft Hits Am,R11a,,SFX,Orchestral,Am,,,2026-06-19
R11a395,OH Long Soft Hits B,R11a,,SFX,Orchestral,B,,,2026-06-19
R11a396,OH Long Soft Hits Bb,R11a,,SFX,Orchestral,Bb,,,2026-06-19
R11a397,OH Long Soft Hits Bbm,R11a,,SFX,Orchestral,Bbm,,,2026-06-19
R11a398,OH Long Soft Hits Bm,R11a,,SFX,Orchestral,Bm,,,2026-06-19
R11a399,OH Long Soft Hits C,R11a,,SFX,Orchestral,C,,,2026-06-19
R11a400,OH Long Soft Hits Cm,R11a,,SFX,Orchestral,Cm,,,2026-06-19
R11a401,OH Long Soft Hits D,R11a,,SFX,Orchestral,D,,,2026-06-19
R11a402,OH Long Soft Hits Db,R11a,,SFX,Orchestral,Db,,,2026-06-19
R11a403,OH Long Soft Hits Dbm,R11a,,SFX,Orchestral,Dbm,,,2026-06-19
R11a404,OH Long Soft Hits Dm,R11a,,SFX,Orchestral,Dm,,,2026-06-19
R11a405,OH Long Soft Hits E,R11a,,SFX,Orchestral,E,,,2026-06-19
R11a406,OH Long Soft Hits Eb,R11a,,SFX,Orchestral,Eb,,,2026-06-19
R11a407,OH Long Soft Hits Ebm,R11a,,SFX,Orchestral,Ebm,,,2026-06-19
R11a408,OH Long Soft Hits Em,R11a,,SFX,Orchestral,Em,,,2026-06-19
R11a409,OH Long Soft Hits F,R11a,,SFX,Orchestral,F,,,2026-06-19
R11a410,OH Long Soft Hits Fm,R11a,,SFX,Orchestral,Fm,,,2026-06-19
R11a411,OH Long Soft Hits G,R11a,,SFX,Orchestral,G,,,2026-06-19
R11a412,OH Long Soft Hits Gb,R11a,,SFX,Orchestral,Gb,,,2026-06-19
R11a413,OH Long Soft Hits Gbm,R11a,,SFX,Orchestral,Gbm,,,2026-06-19
R11a414,OH Long Soft Hits Gm,R11a,,SFX,Orchestral,Gm,,,2026-06-19
R11a415,OH Long Soft No Hits A,R11a,,SFX,Orchestral,A,,,2026-06-19
R11a416,OH Long Soft No Hits Ab,R11a,,SFX,Orchestral,Ab,,,2026-06-19
R11a417,OH Long Soft No Hits Abm,R11a,,SFX,Orchestral,Abm,,,2026-06-19
R11a418,OH Long Soft No Hits Am,R11a,,SFX,Orchestral,Am,,,2026-06-19
R11a419,OH Long Soft No Hits B,R11a,,SFX,Orchestral,B,,,2026-06-19
R11a420,OH Long Soft No Hits Bb,R11a,,SFX,Orchestral,Bb,,,2026-06-19
R11a421,OH Long Soft No Hits Bbm,R11a,,SFX,Orchestral,Bbm,,,2026-06-19
R11a422,OH Long Soft No Hits Bm,R11a,,SFX,Orchestral,Bm,,,2026-06-19
R11a423,OH Long Soft No Hits C,R11a,,SFX,Orchestral,C,,,2026-06-19
R11a424,OH Long Soft No Hits Cm,R11a,,SFX,Orchestral,Cm,,,2026-06-19
R11a425,OH Long Soft No Hits D,R11a,,SFX,Orchestral,D,,,2026-06-19
R11a426,OH Long Soft No Hits Db,R11a,,SFX,Orchestral,Db,,,2026-06-19
R11a427,OH Long Soft No Hits Dbm,R11a,,SFX,Orchestral,Dbm,,,2026-06-19
R11a428,OH Long Soft No Hits Dm,R11a,,SFX,Orchestral,Dm,,,2026-06-19
R11a429,OH Long Soft No Hits E,R11a,,SFX,Orchestral,E,,,2026-06-19
R11a430,OH Long Soft No Hits Eb,R11a,,SFX,Orchestral,Eb,,,2026-06-19
R11a431,OH Long Soft No Hits Ebm,R11a,,SFX,Orchestral,Ebm,,,2026-06-19
R11a432,OH Long Soft No Hits Em,R11a,,SFX,Orchestral,Em,,,2026-06-19
R11a433,OH Long Soft No Hits F,R11a,,SFX,Orchestral,F,,,2026-06-19
R11a434,OH Long Soft No Hits Fm,R11a,,SFX,Orchestral,Fm,,,2026-06-19
R11a435,OH Long Soft No Hits G,R11a,,SFX,Orchestral,G,,,2026-06-19
R11a436,OH Long Soft No Hits Gb,R11a,,SFX,Orchestral,Gb,,,2026-06-19
R11a437,OH Long Soft No Hits Gbm,R11a,,SFX,Orchestral,Gbm,,,2026-06-19
R11a438,OH Long Soft No Hits Gm,R11a,,SFX,Orchestral,Gm,,,2026-06-19
R11a439,OH Pizzicato A,R11a,,SFX,Orchestral,A,,,2026-06-19
R11a440,OH Pizzicato Ab,R11a,,SFX,Orchestral,Ab,,,2026-06-19
R11a441,OH Pizzicato Abm,R11a,,SFX,Orchestral,Abm,,,2026-06-19
R11a442,OH Pizzicato Am,R11a,,SFX,Orchestral,Am,,,2026-06-19
R11a443,OH Pizzicato B,R11a,,SFX,Orchestral,B,,,2026-06-19
R11a444,OH Pizzicato Bb,R11a,,SFX,Orchestral,Bb,,,2026-06-19
R11a445,OH Pizzicato Bbm,R11a,,SFX,Orchestral,Bbm,,,2026-06-19
R11a446,OH Pizzicato Bm,R11a,,SFX,Orchestral,Bm,,,2026-06-19
R11a447,OH Pizzicato C,R11a,,SFX,Orchestral,C,,,2026-06-19
R11a448,OH Pizzicato Cm,R11a,,SFX,Orchestral,Cm,,,2026-06-19
R11a449,OH Pizzicato D,R11a,,SFX,Orchestral,D,,,2026-06-19
R11a450,OH Pizzicato Db,R11a,,SFX,Orchestral,Db,,,2026-06-19
R11a451,OH Pizzicato Dbm,R11a,,SFX,Orchestral,Dbm,,,2026-06-19
R11a452,OH Pizzicato Dm,R11a,,SFX,Orchestral,Dm,,,2026-06-19
R11a453,OH Pizzicato E,R11a,,SFX,Orchestral,E,,,2026-06-19
R11a454,OH Pizzicato Eb,R11a,,SFX,Orchestral,Eb,,,2026-06-19
R11a455,OH Pizzicato Ebm,R11a,,SFX,Orchestral,Ebm,,,2026-06-19
R11a456,OH Pizzicato Em,R11a,,SFX,Orchestral,Em,,,2026-06-19
R11a457,OH Pizzicato F,R11a,,SFX,Orchestral,F,,,2026-06-19
R11a458,OH Pizzicato Fm,R11a,,SFX,Orchestral,Fm,,,2026-06-19
R11a459,OH Pizzicato G,R11a,,SFX,Orchestral,G,,,2026-06-19
R11a460,OH Pizzicato Gb,R11a,,SFX,Orchestral,Gb,,,2026-06-19
R11a461,OH Pizzicato Gbm,R11a,,SFX,Orchestral,Gbm,,,2026-06-19
R11a462,OH Pizzicato Gm,R11a,,SFX,Orchestral,Gm,,,2026-06-19
R11a463,OH Short Loud Hits A,R11a,,SFX,Orchestral,A,,,2026-06-19
R11a464,OH Short Loud Hits Ab,R11a,,SFX,Orchestral,Ab,,,2026-06-19
R11a465,OH Short Loud Hits Abm,R11a,,SFX,Orchestral,Abm,,,2026-06-19
R11a466,OH Short Loud Hits Am,R11a,,SFX,Orchestral,Am,,,2026-06-19
R11a467,OH Short Loud Hits B,R11a,,SFX,Orchestral,B,,,2026-06-19
R11a468,OH Short Loud Hits Bb,R11a,,SFX,Orchestral,Bb,,,2026-06-19
R11a469,OH Short Loud Hits Bbm,R11a,,SFX,Orchestral,Bbm,,,2026-06-19
R11a470,OH Short Loud Hits Bm,R11a,,SFX,Orchestral,Bm,,,2026-06-19
R11a471,OH Short Loud Hits C,R11a,,SFX,Orchestral,C,,,2026-06-19
R11a472,OH Short Loud Hits Cm,R11a,,SFX,Orchestral,Cm,,,2026-06-19
R11a473,OH Short Loud Hits D,R11a,,SFX,Orchestral,D,,,2026-06-19
R11a474,OH Short Loud Hits Db,R11a,,SFX,Orchestral,Db,,,2026-06-19
R11a475,OH Short Loud Hits Dbm,R11a,,SFX,Orchestral,Dbm,,,2026-06-19
R11a476,OH Short Loud Hits Dm,R11a,,SFX,Orchestral,Dm,,,2026-06-19
R11a477,OH Short Loud Hits E,R11a,,SFX,Orchestral,E,,,2026-06-19
R11a478,OH Short Loud Hits Eb,R11a,,SFX,Orchestral,Eb,,,2026-06-19
R11a479,OH Short Loud Hits Ebm,R11a,,SFX,Orchestral,Ebm,,,2026-06-19
R11a480,OH Short Loud Hits Em,R11a,,SFX,Orchestral,Em,,,2026-06-19
R11a481,OH Short Loud Hits F,R11a,,SFX,Orchestral,F,,,2026-06-19
R11a482,OH Short Loud Hits Fm,R11a,,SFX,Orchestral,Fm,,,2026-06-19
R11a483,OH Short Loud Hits G,R11a,,SFX,Orchestral,G,,,2026-06-19
R11a484,OH Short Loud Hits Gb,R11a,,SFX,Orchestral,Gb,,,2026-06-19
R11a485,OH Short Loud Hits Gbm,R11a,,SFX,Orchestral,Gbm,,,2026-06-19
R11a486,OH Short Loud Hits Gm,R11a,,SFX,Orchestral,Gm,,,2026-06-19
R11a487,OH Short Loud No Hits A,R11a,,SFX,Orchestral,A,,,2026-06-19
R11a488,OH Short Loud No Hits Ab,R11a,,SFX,Orchestral,Ab,,,2026-06-19
R11a489,OH Short Loud No Hits Abm,R11a,,SFX,Orchestral,Abm,,,2026-06-19
R11a490,OH Short Loud No Hits Am,R11a,,SFX,Orchestral,Am,,,2026-06-19
R11a491,OH Short Loud No Hits B,R11a,,SFX,Orchestral,B,,,2026-06-19
R11a492,OH Short Loud No Hits Bb,R11a,,SFX,Orchestral,Bb,,,2026-06-19
R11a493,OH Short Loud No Hits Bbm,R11a,,SFX,Orchestral,Bbm,,,2026-06-19
R11a494,OH Short Loud No Hits Bm,R11a,,SFX,Orchestral,Bm,,,2026-06-19
R11a495,OH Short Loud No Hits C,R11a,,SFX,Orchestral,C,,,2026-06-19
R11a496,OH Short Loud No Hits Cm,R11a,,SFX,Orchestral,Cm,,,2026-06-19
R11a497,OH Short Loud No Hits D,R11a,,SFX,Orchestral,D,,,2026-06-19
R11a498,OH Short Loud No Hits Db,R11a,,SFX,Orchestral,Db,,,2026-06-19
R11a499,OH Short Loud No Hits Dbm,R11a,,SFX,Orchestral,Dbm,,,2026-06-19
R11a500,OH Short Loud No Hits Dm,R11a,,SFX,Orchestral,Dm,,,2026-06-19
R11a501,OH Short Loud No Hits E,R11a,,SFX,Orchestral,E,,,2026-06-19
R11a502,OH Short Loud No Hits Eb,R11a,,SFX,Orchestral,Eb,,,2026-06-19
R11a503,OH Short Loud No Hits Ebm,R11a,,SFX,Orchestral,Ebm,,,2026-06-19
R11a504,OH Short Loud No Hits Em,R11a,,SFX,Orchestral,Em,,,2026-06-19
R11a505,OH Short Loud No Hits F,R11a,,SFX,Orchestral,F,,,2026-06-19
R11a506,OH Short Loud No Hits Fm,R11a,,SFX,Orchestral,Fm,,,2026-06-19
R11a507,OH Short Loud No Hits G,R11a,,SFX,Orchestral,G,,,2026-06-19
R11a508,OH Short Loud No Hits Gb,R11a,,SFX,Orchestral,Gb,,,2026-06-19
R11a509,OH Short Loud No Hits Gbm,R11a,,SFX,Orchestral,Gbm,,,2026-06-19
R11a510,OH Short Loud No Hits Gm,R11a,,SFX,Orchestral,Gm,,,2026-06-19
R11a511,OH Short Soft Hits A,R11a,,SFX,Orchestral,A,,,2026-06-19
R11a512,OH Short Soft Hits Ab,R11a,,SFX,Orchestral,Ab,,,2026-06-19
R11a513,OH Short Soft Hits Abm,R11a,,SFX,Orchestral,Abm,,,2026-06-19
R11a514,OH Short Soft Hits Am,R11a,,SFX,Orchestral,Am,,,2026-06-19
R11a515,OH Short Soft Hits B,R11a,,SFX,Orchestral,B,,,2026-06-19
R11a516,OH Short Soft Hits Bb,R11a,,SFX,Orchestral,Bb,,,2026-06-19
R11a517,OH Short Soft Hits Bbm,R11a,,SFX,Orchestral,Bbm,,,2026-06-19
R11a518,OH Short Soft Hits Bm,R11a,,SFX,Orchestral,Bm,,,2026-06-19
R11a519,OH Short Soft Hits C,R11a,,SFX,Orchestral,C,,,2026-06-19
R11a520,OH Short Soft Hits Cm,R11a,,SFX,Orchestral,Cm,,,2026-06-19
R11a521,OH Short Soft Hits D,R11a,,SFX,Orchestral,D,,,2026-06-19
R11a522,OH Short Soft Hits Db,R11a,,SFX,Orchestral,Db,,,2026-06-19
R11a523,OH Short Soft Hits Dbm,R11a,,SFX,Orchestral,Dbm,,,2026-06-19
R11a524,OH Short Soft Hits Dm,R11a,,SFX,Orchestral,Dm,,,2026-06-19
R11a525,OH Short Soft Hits E,R11a,,SFX,Orchestral,E,,,2026-06-19
R11a526,OH Short Soft Hits Eb,R11a,,SFX,Orchestral,Eb,,,2026-06-19
R11a527,OH Short Soft Hits Ebm,R11a,,SFX,Orchestral,Ebm,,,2026-06-19
R11a528,OH Short Soft Hits Em,R11a,,SFX,Orchestral,Em,,,2026-06-19
R11a529,OH Short Soft Hits F,R11a,,SFX,Orchestral,F,,,2026-06-19
R11a530,OH Short Soft Hits Fm,R11a,,SFX,Orchestral,Fm,,,2026-06-19
R11a531,OH Short Soft Hits G,R11a,,SFX,Orchestral,G,,,2026-06-19
R11a532,OH Short Soft Hits Gb,R11a,,SFX,Orchestral,Gb,,,2026-06-19
R11a533,OH Short Soft Hits Gbm,R11a,,SFX,Orchestral,Gbm,,,2026-06-19
R11a534,OH Short Soft Hits Gm,R11a,,SFX,Orchestral,Gm,,,2026-06-19
R11a535,OH Short Soft No Hits A,R11a,,SFX,Orchestral,A,,,2026-06-19
R11a536,OH Short Soft No Hits Ab,R11a,,SFX,Orchestral,Ab,,,2026-06-19
R11a537,OH Short Soft No Hits Abm,R11a,,SFX,Orchestral,Abm,,,2026-06-19
R11a538,OH Short Soft No Hits Am,R11a,,SFX,Orchestral,Am,,,2026-06-19
R11a539,OH Short Soft No Hits B,R11a,,SFX,Orchestral,B,,,2026-06-19
R11a540,OH Short Soft No Hits Bb,R11a,,SFX,Orchestral,Bb,,,2026-06-19
R11a541,OH Short Soft No Hits Bbm,R11a,,SFX,Orchestral,Bbm,,,2026-06-19
R11a542,OH Short Soft No Hits Bm,R11a,,SFX,Orchestral,Bm,,,2026-06-19
R11a543,OH Short Soft No Hits C,R11a,,SFX,Orchestral,C,,,2026-06-19
R11a544,OH Short Soft No Hits Cm,R11a,,SFX,Orchestral,Cm,,,2026-06-19
R11a545,OH Short Soft No Hits D,R11a,,SFX,Orchestral,D,,,2026-06-19
R11a546,OH Short Soft No Hits Db,R11a,,SFX,Orchestral,Db,,,2026-06-19
R11a547,OH Short Soft No Hits Dbm,R11a,,SFX,Orchestral,Dbm,,,2026-06-19
R11a548,OH Short Soft No Hits Dm,R11a,,SFX,Orchestral,Dm,,,2026-06-19
R11a549,OH Short Soft No Hits E,R11a,,SFX,Orchestral,E,,,2026-06-19
R11a550,OH Short Soft No Hits Eb,R11a,,SFX,Orchestral,Eb,,,2026-06-19
R11a551,OH Short Soft No Hits Ebm,R11a,,SFX,Orchestral,Ebm,,,2026-06-19
R11a552,OH Short Soft No Hits Em,R11a,,SFX,Orchestral,Em,,,2026-06-19
R11a553,OH Short Soft No Hits F,R11a,,SFX,Orchestral,F,,,2026-06-19
R11a554,OH Short Soft No Hits Fm,R11a,,SFX,Orchestral,Fm,,,2026-06-19
R11a555,OH Short Soft No Hits G,R11a,,SFX,Orchestral,G,,,2026-06-19
R11a556,OH Short Soft No Hits Gb,R11a,,SFX,Orchestral,Gb,,,2026-06-19
R11a557,OH Short Soft No Hits Gbm,R11a,,SFX,Orchestral,Gbm,,,2026-06-19
R11a558,OH Short Soft No Hits Gm,R11a,,SFX,Orchestral,Gm,,,2026-06-19
R11a696,Buffet Of Secrets,R11a,,FILM SCORE,,Am,,,2026-06-19
R11a697,Doublewide Dilemmas,R11a,,FILM SCORE,,Dm,,,2026-06-19
R11a698,Tangled Threads,R11a,,FILM SCORE,,Gm,,,2026-06-19
R11a699,Sweet And Sour Serenade,R11a,,FILM SCORE,,Cm,,,2026-06-19
R11a700,Never A Dull Day,R11a,,JAZZ,Fusion,Em,,,2026-06-19
R11a701,Let's Talk It Out,R11a,,FILM SCORE,,Em,,,2026-06-19
R11a702,Too Much For Nothing,R11a,,FILM SCORE,,Bm,,,2026-06-19
R11c001,Old Bikes,R11c,,FILM SCORE,,Gm,,*** SOLD TO A&E PERMANENT COLLECTION***,2026-06-19
R13a101,Thompson,R13a,,ALTERNATIVE ROCK,Indie,G,103,"Light, spacey, dreamy",2026-06-19
R13a1010,Clock It,R13a,,ALTERNATIVE ROCK,Garage Rock,G,,Stanky and slightly funky. Good minor progression,2026-06-19
R13a1012,One Foot At A Time,R13a,,FILM SCORE,,Fm,,Your favorite character is getting ready for the battle of a lifetime,2026-06-19
R13a102,Yogg,R13a,,FILM SCORE,,Fm,152,"Driving, full of excitement and action",2026-06-19
R13a103,Proof,R13a,,FILM SCORE,,Em,118,Sci fi electronica,2026-06-19
R13a104,Shopping,R13a,,80's Rock and Pop,New Wave - Rock,Em,123,"Chill, Vibey, New Wave Synth Pop",2026-06-19
R13a105,Aftershock,R13a,,AMBIENT,Trip Hop,Cm,108,Feel WAY drugged out,2026-06-19
R13a106,Coldifide,R13a,,ALTERNATIVE ROCK,Jam Band,Bm,185,"Summer of love, is it not?",2026-06-19
R13a107,Floating Lotus,R13a,,AMBIENT,Nu Jazz,C,118,Mysterious and slow building,2026-06-19
R13a108,Raise,R13a,,CLASSIC ROCK,Blues Rock,E,129,Rock through and through,2026-06-19
R13a1084,Another Dawn,R13a,,FILM SCORE,,Fm,,Dark barren percussion with a mysterious feeling. Bright keyboard and strings give a more confident and adventurous tone.,2026-06-19
R13a109,Scavenger,R13a,,CLASSIC ROCK,Garage Rock,Em,123,Let the good times roll,2026-06-19
R13a1094,Power On,R13a,,POP,Dance,Am,,Low rumbling electronic bass that gives a mysterious feeling with a more curious synth that has a more positive tone. Percussion builds to become more upbeat and vocals are added that give a confident and fun feeling.,2026-06-19
R13a110,Compost,R13a,,POP,Dance,Am,118,"Light, bubbly pop",2026-06-19
R13a111,Forward Madness,R13a,,POP,Electropop,C,81,"Gritty, lo-fi indie beat",2026-06-19
R13a112,New Energy,R13a,,POP,Dance,Dm,123,"Light, European dance",2026-06-19
R13a113,TruLove,R13a,,HOUSE,Funky House,Bbm,112,"Dirty, dirty bass",2026-06-19
R13a114,Up And On,R13a,,SYNTHPOP,,Em,108,"Playful, synthy dance track with big drum breaks",2026-06-19
R13a115,Next Day,R13a,,POP,Dance,Dm,70,Fast and groovy dance track that isn't gonna hurt your kidneys with bass drum,2026-06-19
R13a116,Nowhere To Run To,R13a,,FILM SCORE,,Ebm,129,Piano based electronic tension.,2026-06-19
R13a117,Out The Window,R13a,,POP,Dance,Gm,83,Clavinet based Dance jam,2026-06-19
R13a118,Billys Day,R13a,,POP,Soul,C,96,Is there a genre called QUIRKSOUL?If so this is it,2026-06-19
R13a119,Easy Breezy,R13a,,CLASSIC ELECTRO,Early Synthpop,B,63,Breezy and thoughtful electro piece.,2026-06-19
R13a120,Iron,R13a,,80's Rock and Pop,New Wave - Synthpop,Am,123,"A ""Training for a big event"" kinda track",2026-06-19
R13a121,Life Ins,R13a,,CLASSIC ELECTRO,Early Synthpop,C,123,FUN KEE!!,2026-06-19
R13a122,Bembe Dancing,R13a,,CLASSIC ELECTRO,Early Synthpop,Eb,123,"Dark, sexy electronica with an ominous underbelly",2026-06-19
R13a1222,To The Studs,R13a,,ALTERNATIVE ROCK,Garage Rock,Am,,Loose and Trashy with great distortion over percussion. Lots fun and groovy,2026-06-19
R13a123,Late Late Night,R13a,,SYNTHPOP,,Am,112,An electronica track using lots of late 80's early nineties punchy sounds,2026-06-19
R13a124,Picnic,R13a,,ALTERNATIVE ROCK,Garage Rock,Em,123,Snotty and brash garage track,2026-06-19
R13a125,Draining,R13a,,CLASSIC ROCK,Blues Rock,A,129,Honky Tonk blues rock track,2026-06-19
R13a126,Coating,R13a,,FILM SCORE,,Gm,112,Intensely dark,2026-06-19
R13a127,Darkness,R13a,,FILM SCORE,,Cm,74,"Dark, haunted by the past",2026-06-19
R13a128,First,R13a,,FILM SCORE,,Am,129,Getting ready for some extreme action,2026-06-19
R13a130,Positive Negative,R13a,,AMBIENT,Nu Jazz,Am,83,Somewhere between tense and defeated,2026-06-19
R13a131,Pursuit,R13a,,AMBIENT,Trip Hop,Dm,162,Preparing for something trying to come,2026-06-19
R13a135,Suspense,R13a,,FILM SCORE,,Em,118,Search through stolen documents,2026-06-19
R13a136,This Is Not A Test,R13a,,FILM SCORE,,Dm,112,Very creepy indeed.,2026-06-19
R13a137,Lookout,R13a,,FILM SCORE,,Am,83,"Dark, mysterious synths",2026-06-19
R13a138,On Edge,R13a,,FILM SCORE,,Dbm,144,Gritty and buiding,2026-06-19
R13a139,Garage Sale 2,R13a,,ALTERNATIVE ROCK,Garage Rock,Em,81,Swirly funky Lite Tenson-rock,2026-06-19
R13a140,Intent,R13a,,ALTERNATIVE ROCK,Indie,Gbm,123,Driving alt rock,2026-06-19
R13a143,Search And Find,R13a,,CLASSIC ROCK,Pop Rock,A,123,Rolling down the road 70's rock,2026-06-19
R13a144,Summer Bench,R13a,,ALTERNATIVE ROCK,Jam Band,A,129,Train beat shuffling 70's rock,2026-06-19
R13a145,Driven,R13a,,ALTERNATIVE ROCK,Garage Rock,Am,123,Grungy with tambourine,2026-06-19
R13a146,Playground,R13a,,SOUL,,C,123,Funky and soulful,2026-06-19
R13a147,Splitting Up,R13a,,80's Rock and Pop,Pop Rock,Em,112,Groovy and rocking,2026-06-19
R13a148,Flashlighting,R13a,,FILM SCORE,,Em,123,Dark and driving rock,2026-06-19
R13a149,Morning Hustle,R13a,,CLASSIC ROCK,Blues Rock,Em,123,Driving rock and roll with organ stabs,2026-06-19
R13a150,Commitment,R13a,,ALTERNATIVE ROCK,Post-Punk Revival,Bm,123,Gentle driving rock,2026-06-19
R13a1502,Go Fast,R13a,,POP,Electropop,Em,,"Big room Dance music with Female Vocals. ""If you like to go fast""",2026-06-19
R13a1503,How It's Done,R13a,,TECHNO,Synthpop,Fsharpm,,Super fast and intense BIG ROOM,2026-06-19
R13a1504,Hustling Real Hard,R13a,,POP,Electropop,Ebm,,Driving Big Room electro with an high old school Synth melody,2026-06-19
R13a1505,Bring Me Back To You,R13a,,HOUSE,Progressive House,Cm,,"High energy dance pop. ""Bring me back to you, Never want to leave""",2026-06-19
R13a1506,I'm The One For You,R13a,,POP,Electropop,Fm,,"Straight ahead dance pop ""You say I'm The One for You, I wanted to be real with you""",2026-06-19
R13a1507,Both Of Them,R13a,,POP,Hip Hop/Rap,Fsharpm,,Tense but in a fun we-are-in-on-the-joke kinda way. Funky and sparse with hip hop drums and a high melody.,2026-06-19
R13a1508,Can You Believe It,R13a,,POP,Electropop,Cm,,"Groovy and funky using ""African percussion"" vibes for rhythm",2026-06-19
R13a1509,Gettin' Ready,R13a,,FILM SCORE,,Cm,,Fun and energetic with cowbell! and lots of plucky and happy sounds.,2026-06-19
R13a151,Happy Birds,R13a,,ALTERNATIVE ROCK,Post-Punk Revival,Em,112,Deep dish driving rock,2026-06-19
R13a1510,Last Resort,R13a,,WORLD-ETHNIC,Afro Beat,Fm,,Dark reggaetron beat with high plucky synths creating the melody in various forms.,2026-06-19
R13a1512,Something Very New,R13a,,FILM SCORE,,Dm,,"Plucky and a little silly, at the same time groovy AF",2026-06-19
R13a1513,So Natural,R13a,,FILM SCORE,,Fm,,Nervous fast opening. it gets settled down by a half time beat but it is always frantic.,2026-06-19
R13a1514,Tensionz,R13a,,FILM SCORE,,Cm,,Trap beat with nervous strings. Low synth bass doubles melody in part 2,2026-06-19
R13a1515,To This Day,R13a,,POP,Dance,Bbm,,Big giant dance floor filler with thick synths and big beats,2026-06-19
R13a1516,Why Knot,R13a,,HOUSE,Progressive House,Bbm,,Fun dance party track with high arpeggio and fat synth strings.,2026-06-19
R13a1517,Cloud Of Love,R13a,,POP,Dance,Bm,,High energy dance pop with Female Vocals.,2026-06-19
R13a1518,If You Need Me,R13a,,POP,Dance,Bm,,"Straight, driving pop with super effected male vocals",2026-06-19
R13a1519,Like Me,R13a,,POP,Dance,Cm,,"Super fast club tune with female vocals, ""AIN'T NOBODY ELSE LIKE ME""",2026-06-19
R13a152,Hollaring,R13a,,CLASSIC ROCK,Garage Rock,Am,123,Driving rock and roll,2026-06-19
R13a1520,We Are Beautiful,R13a,,POP,Electropop,Fm,,"Fast driving dance music with female vocals singing ""We are Beautiful, Its so Magical"" with Auto Tune affects.",2026-06-19
R13a1522,Night Out,R13a,,HOUSE,Progressive House,Fm,,"Very fast and banging beat with a melodic, hollow figure.",2026-06-19
R13a1523,The Campus,R13a,,HOUSE,Progressive House,Em,,"Driving and dark... but not TOO Dark, kinda fun, in an EDM kinda way.",2026-06-19
R13a1524,Bosses,R13a,,FILM SCORE,,Fsharpm,,,2026-06-19
R13a1525,Please Come With Me,R13a,,HIP HOP/RAP,Modern Hip Hop,Em,,,2026-06-19
R13a1526,Finally Fine,R13a,,POP,Electropop,Fsharpm,,,2026-06-19
R13a1527,Follow This,R13a,,FILM SCORE,,Dm,,,2026-06-19
R13a1528,Friends And Foes,R13a,,FILM SCORE,,Gm,,,2026-06-19
R13a1529,Making It Up,R13a,,FILM SCORE,,Em,,,2026-06-19
R13a153,Quantifying,R13a,,ALTERNATIVE ROCK,Post-Grunge,Cm,123,Driving Rock,2026-06-19
R13a1530,Strutting Machine,R13a,,POP,Dance,Fsharpm,,,2026-06-19
R13a1532,Another Broken Glass,R13a,,FILM SCORE,,G,,,2026-06-19
R13a1533,Doubling Up,R13a,,FILM SCORE,,Cm,,,2026-06-19
R13a1534,Honor Is King,R13a,,FILM SCORE,,Cm,,,2026-06-19
R13a1535,Layered,R13a,,FILM SCORE,,DSharp,,,2026-06-19
R13a1536,Light Foot,R13a,,HIP HOP/RAP,Modern Hip Hop,Cm,,,2026-06-19
R13a1537,No Snow,R13a,,FILM SCORE,,Fm,,,2026-06-19
R13a1538,Sap Top,R13a,,FILM SCORE,,Dm,,,2026-06-19
R13a1539,The Post,R13a,,FILM SCORE,,Gm,,,2026-06-19
R13a154,Bluesing,R13a,,CLASSIC ROCK,Blues Rock,E,123,Driving blues,2026-06-19
R13a1540,Workouts,R13a,,FILM SCORE,,Bbm,,,2026-06-19
R13a1542,Tickling,R13a,,HIP HOP/RAP,Modern Hip Hop,C,,,2026-06-19
R13a1543,Star Struck,R13a,,FILM SCORE,,Gm,,,2026-06-19
R13a1544,You're Always On My Mind,R13a,,POP,Dance,Cm,,,2026-06-19
R13a1545,Corners,R13a,,POP,Synthpop,G,,,2026-06-19
R13a1546,Hey Hey Hey,R13a,,FILM SCORE,,D,,,2026-06-19
R13a1547,More Mysteries,R13a,,FILM SCORE,,G-,,,2026-06-19
R13a1548,Peaking Inside,R13a,,FILM SCORE,,C,,,2026-06-19
R13a1549,Walk In,R13a,,FILM SCORE,,G,,,2026-06-19
R13a155,Hold And Behold,R13a,,FILM SCORE,,Dm,103,Spooky Electronica,2026-06-19
R13a1550,Not Wondering Why,R13a,,FILM SCORE,,Am,,,2026-06-19
R13a1552,Climb Up,R13a,,FILM SCORE,,F,,Stop and start hip hop with plucky strings.,2026-06-19
R13a1553,Keep Rolling Down,R13a,,POP,Electropop,F,,Gentle mid tempo with echo synth and synth xylo.,2026-06-19
R13a1554,Electric Rundown,R13a,,POP,Electropop,C,,Easy going synthy and vibey. All is good in the hood tonight. Has a British feel for sure.,2026-06-19
R13a1555,Keep Standing Tall,R13a,,FILM SCORE,,Fsharpm,,"Trap drums, Synth bass and synth pluck strings. Classic tension when, let's be honest. This isn't tense.or shouldn't be anyway.",2026-06-19
R13a1556,Around Again And Again,R13a,,HIP HOP/RAP,Modern Hip Hop,Dm,,,2026-06-19
R13a1557,Do It Proper,R13a,,FILM SCORE,,G,,,2026-06-19
R13a1558,Good Change,R13a,,POP,Synthpop,C,,,2026-06-19
R13a1559,Sole Purpose,R13a,,FILM SCORE,,Am,,,2026-06-19
R13a156,Picking,R13a,,ALTERNATIVE ROCK,Garage Rock,Em,123,"DRIVING, GROOVY ROCK",2026-06-19
R13a1560,Deep Hole,R13a,,FILM SCORE,,Fm,,,2026-06-19
R13a1562,Famosa Punta,R13a,,WORLD-ETHNIC,Reggaeton,Fm,,,2026-06-19
R13a1564,Porque No,R13a,,WORLD-ETHNIC,Reggaeton,Fm,,,2026-06-19
R13a1565,It's On,R13a,,POP,Electropop,Cm,,,2026-06-19
R13a1566,Just Think On It,R13a,,POP,Dance,Am,,,2026-06-19
R13a1567,Island Dreamland,R13a,,WORLD-ETHNIC,Latin Pop,Fsharpm,,,2026-06-19
R13a1568,The Wagon,R13a,,WORLD-ETHNIC,Latin Pop,Am,,,2026-06-19
R13a1569,Vamos A Bailar,R13a,,WORLD-ETHNIC,Latin Pop,Fsharpm,,,2026-06-19
R13a157,Findings,R13a,,80's Rock and Pop,Post-Punk,Dm,123,Aggressive driving rock,2026-06-19
R13a1570,Enough Enough,R13a,,WORLD-ETHNIC,Latin Pop,Am,,,2026-06-19
R13a1572,All The Way Up,R13a,,POP,Dance,Bm,,,2026-06-19
R13a1573,Lift Me Up Tonight,R13a,,WORLD-ETHNIC,Latin Pop,Fm,,,2026-06-19
R13a1574,Wrap It Up,R13a,,WORLD-ETHNIC,Latin Pop,Gm,,,2026-06-19
R13a1575,Wrapped Around,R13a,,WORLD-ETHNIC,Latin Pop,Bb,,,2026-06-19
R13a1576,Constant Flux,R13a,,FILM SCORE,,Dm,,,2026-06-19
R13a1577,Mellow Deal,R13a,,FILM SCORE,,E,,,2026-06-19
R13a1578,Of Course,R13a,,FILM SCORE,,F,,,2026-06-19
R13a1579,Of The Time,R13a,,POP,Synthpop,Am,,,2026-06-19
R13a158,Right There,R13a,,CLASSIC ROCK,Blues Rock,Am,96,Grinding investigating rock,2026-06-19
R13a1580,Positively,R13a,,FILM SCORE,,F,,,2026-06-19
R13a1582,Stackin,R13a,,FILM SCORE,,A,,,2026-06-19
R13a1583,Star Gaze,R13a,,FILM SCORE,,Cm,,,2026-06-19
R13a1584,Step To,R13a,,POP,Synthpop,Am,,,2026-06-19
R13a1585,Stupendous,R13a,,FILM SCORE,,G,,,2026-06-19
R13a1586,Super Slick,R13a,,FILM SCORE,,A,,,2026-06-19
R13a1587,Suspected,R13a,,FILM SCORE,,G,,,2026-06-19
R13a1588,The Cusp Of It All,R13a,,POP,Dance,Bb,,,2026-06-19
R13a1589,High Tight Rope,R13a,,FILM SCORE,,F,,,2026-06-19
R13a159,The Big E,R13a,,ALTERNATIVE ROCK,Post-Grunge,Em,123,Grinding investigating rock,2026-06-19
R13a1590,Today Day,R13a,,FILM SCORE,,Cm,,,2026-06-19
R13a344,Riviera Blue,R13a,,FILM SCORE,,Am,,Orchestral tension with military snare drum,2026-06-19
R13a717,SmirkinHopeful,R13a,,FILM SCORE,,G,,,2026-06-19
R13a734,Forth Going,R13a,,FILM SCORE,,C,,,2026-06-19
R13a952,Trim The Cat,R13a,,POP,R&B,Cm,,"Edgy, Confident and Energetic Dance Pop Track",2026-06-19
R13b001,Got One,R13b,,80's Rock and Pop,Post-Punk,Am,,*** SOLD TO A&E PERMANENT COLLECTION***,2026-06-19
R13b002,Looking Sideways,R13b,,CLASSIC ROCK,Hard Rock - Metal,Am,,*** SOLD TO A&E PERMANENT COLLECTION***,2026-06-19
R13b003,Focuss,R13b,,ALTERNATIVE ROCK,Post-Punk Revival,E,,*** SOLD TO A&E PERMANENT COLLECTION***,2026-06-19
R13b004,Linting,R13b,,ALTERNATIVE ROCK,Garage Rock,Em,,*** SOLD TO A&E PERMANENT COLLECTION***,2026-06-19
R15a035,Mafia Man,R15a,,FILM SCORE,,Cm,,,2026-06-19
R15a036,Ripped Seams,R15a,,FILM SCORE,,Bm,,Understated and undulating with some booms and industrial comments.,2026-06-19
R17a060,Morning Sunshine,R17a,,HEARTLAND ROCK,Classic Rock,C,,Easy going pop,2026-06-19
R17i005,Mia Maharishi,R17i,,CLASSIC ROCK,Prog Rock,D,,Spacey guitar with cowbell,2026-06-19
R17m001,A Man Down South,R17m,,CLASSIC ROCK,Blues Rock,Em,,*** SOLD TO A&E PERMANENT COLLECTION***,2026-06-19
R17m002,Along The Side,R17m,,CLASSIC ROCK,Hard Rock - Metal,Em,,*** SOLD TO A&E PERMANENT COLLECTION***,2026-06-19
R17m003,Wacky Roads,R17m,,CLASSIC ROCK,Hard Rock - Metal,Gm,,*** SOLD TO A&E PERMANENT COLLECTION***,2026-06-19
R19C001,CHIPS,R19C,,DISCO,Classic Disco,Cm,123,Classic disco,2026-06-19
R19e001,Gopher Holes,R19e,,ALTERNATIVE ROCK,Garage Rock,A,,*** SOLD TO A&E PERMANENT COLLECTION***,2026-06-19
R19e002,Hot Wheel Time,R19e,,CLASSIC ROCK,Hard Rock - Metal,F,,*** SOLD TO A&E PERMANENT COLLECTION***,2026-06-19
R19e003,Oil Sticker,R19e,,CLASSIC ROCK,Blues Rock,Eb,,*** SOLD TO A&E PERMANENT COLLECTION***,2026-06-19
R19e004,Pepper Shaker,R19e,,CLASSIC ROCK,Blues Rock,A,,*** SOLD TO A&E PERMANENT COLLECTION***,2026-06-19
R19e005,Picnic Table,R19e,,CLASSIC ROCK,Garage Rock,A,,*** SOLD TO A&E PERMANENT COLLECTION***,2026-06-19
R19e006,Slicked Back,R19e,,CLASSIC ROCK,Blues Rock,E,,*** SOLD TO A&E PERMANENT COLLECTION***,2026-06-19
R20b001,Always Mind The Gap,R20b,,ALTERNATIVE ROCK,Post-Grunge,G,,*** SOLD TO A&E PERMANENT COLLECTION***,2026-06-19
R20b002,Gonna Get You Anywhere You Go,R20b,,ALTERNATIVE ROCK,Post-Grunge,Am,,*** SOLD TO A&E PERMANENT COLLECTION***,2026-06-19
R20b003,Universally Valid Order,R20b,,ALTERNATIVE ROCK,Post-Grunge,Db,,*** SOLD TO A&E PERMANENT COLLECTION***,2026-06-19
R23a153,Murphy The Dog,R23a,,60's Rock and Pop,Surf,D,,Groovy Surf Revival Track,2026-06-19
R23b001,Crying Cowboy,R23b,,COUNTRY,Americana,G,,*** SOLD TO A&E PERMANENT COLLECTION***,2026-06-19
R24a004,3 Strings,R24a,,FILM SCORE,,E,92,Orchestral tension with percussion,2026-06-19
R24a015,Playera,R24a,,FILM SCORE,,Am,89,At the corner of trip hop and ethnic violin soundtrack,2026-06-19
R24a016,Gun,R24a,,FILM SCORE,,Em,118,Frantic and nervous soundtrack,2026-06-19
R24a038,Hydro Hell,R24a,,FILM SCORE,,Em,129,Unsettling with electronic elements and a groovy percussion riff.,2026-06-19
R25a021,Blame It On The Groovy,R25a,,DISCO,Classic Disco,A,118,Classic disco,2026-06-19
R25a027,Junk In The Trunk,R25a,,COMEDY,"Madcap, Silly",G,144,Madcap silliness,2026-06-19
R25a028,Rummaging,R25a,,JAZZ,Nu Jazz,Bbm,118,Soulful and groovy,2026-06-19
R25a042,March To Beantown,R25a,,MILITARY,Fife and Drum Corp,Bb,92,Classic fife and drum,2026-06-19
R25a043,Relics Schmelics,R25a,,FILM SCORE,,Ab,162,Light tension with xylophone,2026-06-19
R25a047,Progress Report,R25a,,ALTERNATIVE ROCK,Indie,D,144,"Fast tempo, light, positive and reflective",2026-06-19
R25a054,Who Is Boss,R25a,,FILM SCORE,,Fm,123,Ethereal with big drums tension track,2026-06-19
R25a208,Money Ball,R25a,,80's Rock and Pop,Pop Rock,Gm,,Groovy fun 80's Pop vibes.,2026-06-19
R25a270,Struttin' On The Ditz,R25a,,JAZZ,Burlesque,Dm,,You're gonna wanna tap your feet and bob your head to this one!,2026-06-19
R25a429,Dare To Fly,R25a,,POP,Electropop,Bm,,"At the corner of Electro and Indie Rock with clean, driving guitar and Female Vocals",2026-06-19
R25a430,Get Naughty,R25a,,POP,Electropop,Gm,,"High energy futuristic club track with NSFW themes. ""Get up on the floor, get naughty""",2026-06-19
R25a431,And To The Republic,R25a,,HIP HOP/RAP,Trap,Fm,,"Trap drums for :10 and then a chill, ethereal mystery track with thick pads and a high liquidy lead line.",2026-06-19
R25a432,Rumor Spat It,R25a,,FILM SCORE,,Dm,,Tense with lots of low stings. Melosy alternates between high synth and strings with brass.,2026-06-19
R25a433,Lights Music Action,R25a,,POP,Electropop,Em,,"Thick synth rhythms with effects with female vocals. ""You drive me crazy cuz I want you back""",2026-06-19
R25a434,Through The Fire,R25a,,POP,Dance,Gm,,Small and muted music with male vocals.,2026-06-19
R25a435,Always Wanna Bad Boy,R25a,,POP,Dance,Cm,,,2026-06-19
R25a436,Stop Being A Fn Dick,R25a,,FILM SCORE,,Cm,,,2026-06-19
R25a437,Fcktose Intolerant,R25a,,FILM SCORE,,Dm,,,2026-06-19
R25a438,Sinners And Boozers,R25a,,HIP HOP/RAP,Chill Hop,Em,,,2026-06-19
R25a439,In Walks Ecstasy,R25a,,TRANCE,Arena Trance,Am,,,2026-06-19
R25a440,Molly's All Nighter,R25a,,HOUSE,Electro House,Fm,,,2026-06-19
R25b020,To Murder And Back,R25b,,FILM SCORE,,Am,,"Slow moving mystery, with some suspenseful electronic beeps throughout.",2026-06-19
R25b032,Old Flames New Wounds,R25b,,POP,Hip Hop/Rap,Am,,,2026-06-19
R25c025,A Roll In Her Hay,R25c,,COUNTRY,Acoustic - Americana,A,,"Fun, Upbeat and Uplifting Classic Acoustic Country",2026-06-19
R25d001,Hail To The Chief,R25d,,MILITARY,Traditional,Bb,,Updated version of the original,2026-06-19
R25e001,Junkzilla,R25e,,FILM SCORE,,Gm,,*** SOLD TO A&E PERMANENT COLLECTION***,2026-06-19
R25e002,Pickalicious,R25e,,FILM SCORE,,Am,,*** SOLD TO A&E PERMANENT COLLECTION***,2026-06-19
R25e003,Bragging Rights,R25e,,FILM SCORE,,C,,*** SOLD TO A&E PERMANENT COLLECTION***,2026-06-19
R25k015,The Heavy,R25k,,FILM SCORE,,Fm,89,Strange guitar and high piano over pounding drums with high spooky melody and drama impacts,2026-06-19
R27a204,Pac People,R27a,,CLASSIC ELECTRO,Video Game,Cm,,When Pac-Man turns ugly,2026-06-19
R27a237,Not Givin It Back,R27a,,FILM SCORE,,Cm,,,2026-06-19
R27a255,Side Of Satie,R27a,,FILM SCORE,,C,,,2026-06-19
R27a321,The Early,R27a,,FILM SCORE,,Bm,,A melancholic and disappointed piano alongside some poignant sustained strings.,2026-06-19
R27a322,Soil Samples,R27a,,FILM SCORE,,Am,,A combination of orchestral and electronic elements with an ambient and mysterious quality and an underlying sense of melancholy.,2026-06-19
R27a323,Institutional,R27a,,FILM SCORE,,Em,,Building suspense and mystery with some serious edgy electronic pulses alongside some dark sustained strings.,2026-06-19
R27a324,Forever Silent,R27a,,FILM SCORE,,Dm,,A mysterious and sometimes melancholic piano score with a slightly dark undertone.,2026-06-19
R27a356,Too Many Minds,R27a,,FILM SCORE,,Cm,108,"Sparse and mysterious orchestral textures, with a sense of curiosity and uncertainty, and a dark undertone.",2026-06-19
R27d001,A Matter Of Blood Flow,R27d,,ALTERNATIVE ROCK,Indie,Am,,*** SOLD TO A&E PERMANENT COLLECTION***,2026-06-19
R27d002,Premature Exaggeration,R27d,,ALTERNATIVE ROCK,Indie,Cm,,*** SOLD TO A&E PERMANENT COLLECTION***,2026-06-19
R27d003,Safer And Simpler,R27d,,FILM SCORE,,E,,*** SOLD TO A&E PERMANENT COLLECTION***,2026-06-19
R29a014,James Blonde,R29a,,FILM SCORE,,Em,129,Gumshoe with some sparkles,2026-06-19
R29a020,Yahoo Hoedown,R29a,,FOLK,Acoustic - Americana,D,118,"Happy, fun, jangley Americana",2026-06-19
R29b024,Don't You Wanna Americana,R29b,,CLASSIC ROCK,Acoustic - Soft Rock,G,,*** SOLD TO A&E PERMANENT COLLECTION***,2026-06-19
R29b025,Morning Joe Hoedown,R29b,,COUNTRY,Acoustic - Classic Country,D,,*** SOLD TO A&E PERMANENT COLLECTION***,2026-06-19
R32a026,Burning Wheels,R32a,,CLASSIC ROCK,Blues Rock,Em,129,Driving Rock and Roll,2026-06-19
R32a03,The Road,R32a,,HEARTLAND ROCK,Classic Rock,E,,Driving classic american power rock,2026-06-19
R32a084,Sneakin In Your Head,R32a,,ALTERNATIVE ROCK,Garage Rock,Em,,"Dark, Edgy and Tense Alternative Rock Track",2026-06-19
R36a011,Like Always,R36a,,ALTERNATIVE ROCK,Pop Punk,Am,92,Driving way too fast!!!!,2026-06-19
R36a012,Windy Weather,R36a,,80's Rock and Pop,Post-Punk,Em,172,Driving rock and roll in a punk-y beach-y sort of way,2026-06-19
R36a021,Head Over Heels,R36a,,FILM SCORE,,Cm,89,Tense and dramatic strings,2026-06-19
R36a022,Pick Me Up Again,R36a,,FILM SCORE,,C,99,Orchestral adventure tension,2026-06-19
R36a122,Tension In The Air,R36a,,FILM SCORE,,D,,"Very creepy and unsettling, with lots of suspenseful sound design that will have you on the edge of your seat.",2026-06-19
R36a177,Forgotten Dream,R36a,,FILM SCORE,,Dm,,"Haunting pads, suspenseful percussive electronic effects and a mysterious piano.",2026-06-19
R36a243,Point Of Interest,R36a,,FILM SCORE,,Gm,,Jazzy and groovy and spooky,2026-06-19
R36a246,Context,R36a,,FILM SCORE,,Am,,,2026-06-19
R37a019,Hardscrabble Road,R37a,,FILM SCORE,,Cm,144,"Deliberate, ominous, big..something serious is about to go down.",2026-06-19
R37a020,Unity,R37a,,COUNTRY,Americana,G,112,Lighthearted and fun with harmonica and claps,2026-06-19
R37a213,SIB Harmonica Amp 1a,R37a,,SINGLE INSTRUMENT BUMPER,Harmonica Amp,Dbm,,Single Instrument bumper perfect for subtle scene changes,2026-06-19
R37a222,SIB Harmonica Clean 1a,R37a,,SINGLE INSTRUMENT BUMPER,Harmonica Clean,Abm,,Single Instrument bumper perfect for subtle scene changes,2026-06-19
R37b001,Stray Hound,R37b,,COUNTRY,Americana,D,,*** SOLD TO A&E PERMANENT COLLECTION***,2026-06-19
R38a009,MCR Hustle,R38a,,DISCO,Classic Disco,Gm,112,"Classic disco, or current Robin Thicke which is to say, classic disco",2026-06-19
R38c009,Looking For Clues,R38c,,JAZZ,Smooth,Bbm,60,Gumshoe mystery music,2026-06-19
R38c011,Under Investigation,R38c,,GUMSHOE,Jazz,G,112,Spy music with vibes and piano,2026-06-19
R38c028,Balaphonic Dance,R38c,,HOUSE,,F,129,At the corner of techno and world,2026-06-19
R38c029,Never Better,R38c,,CLASSIC ROCK,Garage Rock,G,96,Garage Rock with guitars and cowbell,2026-06-19
R39a01,Down On The Strip,R39a,,JAZZ,Big Band,B,103,"Bawdy swing tune... kinda porn, kinda big band",2026-06-19
R39a012,Disco Tech,R39a,,DISCO,Classic Disco,A,118,Easy going light dance music,2026-06-19
R39a018,Rockaway 1,R39a,,80's Rock and Pop,Post-Punk,Fsharpm,,Hard rockin' tune. Mix and match with Rockaway 2 and 3,2026-06-19
R39a020,Rockaway 3,R39a,,ALTERNATIVE ROCK,Post-Grunge,Fsharpm,,Hard rockin' tune. Mix and match with Rockaway 1 and 2,2026-06-19
R39a021,Do Anything,R39a,,80's Rock and Pop,Post-Punk,G,144,"Vibey, blues rock jam",2026-06-19
R39a060,Circus Olay,R39a,,COMEDY,Circus,Em,144,"Interplay between twangy guitar and xylophone, until the brass band shows up",2026-06-19
R39e001,Logical X,R39e,,80's Rock and Pop,Post-Punk,Dm,,*** SOLD TO A&E PERMANENT COLLECTION***,2026-06-19
R39e002,Starting Up,R39e,,HEARTLAND ROCK,Acoustic - Classic Rock,Am,,*** SOLD TO A&E PERMANENT COLLECTION***,2026-06-19
R41a022,Twangme,R41a,,HEARTLAND ROCK,Country Rock,Fm,144,You can taste the cold beer and feel the dust from the road in your eyes,2026-06-19
R41a026,Country Swing,R41a,,BLUES,Chicago Blues,A,123,"A good time for everyone, harmonica, no extra charge",2026-06-19
R41a038,Black As Keys,R41a,,ALTERNATIVE ROCK,Industrial,Em,86,Grinding yet ambient garage track,2026-06-19
R41a039,Bad Ass Breakdown,R41a,,CLASSIC ROCK,Blues Rock,D,118,"Classic Rolling Stones, ""Let it Bleed"" time period",2026-06-19
R41b001,Spy Vs Spy,R41b,,FILM SCORE,,Am,,*** SOLD TO A&E PERMANENT COLLECTION***,2026-06-19
R43a048,Hang Jam,R43a,,FILM SCORE,,Dm,,Tense percussion,2026-06-19
R43a049,Nature Dance,R43a,,FILM SCORE,,Am,,Dark percussion tension,2026-06-19
R43a052,Heavy Duty,R43a,,CLASSIC ROCK,Blues Rock,Am,,A real sexy grinder,2026-06-19
R43a053,Surfy,R43a,,60's Rock and Pop,Surf,Em,,Surfing on the dirty beaches today,2026-06-19
R43a121,Hang Chase,R43a,,WORLD-ETHNIC,Percussion,D,,"Mysterious and with an urgent feel, featuring lots of percussion sounds.",2026-06-19
R43a124,Hush 2,R43a,,FILM SCORE,,D,,A mysterious percussion based tension track with a groovy feel to the rhythm.,2026-06-19
R43a355,Immense Pressure,R43a,,FILM SCORE,,Em,,Mysterious fading piano that has a barren and curious tone. Strings added give a more reflective and hopeful feeling.,2026-06-19
R45a009,Come And Get Me,R45a,,60's Rock and Pop,Psychedelic,Bm,136,Psychedelic 60's,2026-06-19
R45a010,Golden Line,R45a,,60's Rock and Pop,Pop,D,118,Psychedelic 60's dance pop,2026-06-19
R45a011,Rich Baby,R45a,,60's Rock and Pop,Psychedelic,Am,96,Psychedelic with trippy flute,2026-06-19
R46a414,Flee,R46a,,FILM SCORE,,Fm,,,2026-06-19
R46a432,Evacuate,R46a,,FILM SCORE,,Gsharpm,,"Very tense and dramatic, with urgent sounding strings and war percussion.",2026-06-19
R46a453,Haunted Studio,R46a,,JAZZ,Cool Jazz,Am,,Grab your hat and sunglasses and walk down that street in style.,2026-06-19
R46a663,Perplexing,R46a,,FILM SCORE,,Csharp,,"Extremely suspenseful and dramatic, with powerful percussion.",2026-06-19
R46a686,Rajaa'An,R46a,,WORLD-ETHNIC,Middle Eastern,C,,"Sultry and exotic, you can almost hear the jingle of coins on the belly dancer's hip skirt.",2026-06-19
R46a730,The Day Before,R46a,,FILM SCORE,,Abm,,Mysterious and reflective piano with big drops of distorted percussion. Unsettling and barren feeling with minor hopeful moments.,2026-06-19
R46b001,Baggy Pants,R46b,,80's Rock and Pop,Post-Punk,Am,,*** SOLD TO A&E PERMANENT COLLECTION***,2026-06-19
R46b002,Lanky,R46b,,ALTERNATIVE ROCK,Garage Rock,E,,*** SOLD TO A&E PERMANENT COLLECTION***,2026-06-19
R46b003,Murmur,R46b,,CLASSIC ROCK,Acoustic - Hard Rock,D,,*** SOLD TO A&E PERMANENT COLLECTION***,2026-06-19
R46b004,Skanky,R46b,,ALTERNATIVE ROCK,Funk Rock,E,,*** SOLD TO A&E PERMANENT COLLECTION***,2026-06-19
R46b005,Swanky,R46b,,BLUES,Chicago Blues,A,,*** SOLD TO A&E PERMANENT COLLECTION***,2026-06-19
R46b006,Distraught,R46b,,COUNTRY,Acoustic - Country Blues,D,,*** SOLD TO A&E PERMANENT COLLECTION***,2026-06-19
R47a199,GST Acoustic Guitar Major A,R47a,,GUITAR STING,Acoustic,A,,,2026-06-19
R47a200,GST Acoustic Guitar Major Ab,R47a,,GUITAR STING,Acoustic,Ab,,,2026-06-19
R47a201,GST Acoustic Guitar Major B,R47a,,GUITAR STING,Acoustic,B,,,2026-06-19
R47a202,GST Acoustic Guitar Major Bb,R47a,,GUITAR STING,Acoustic,Bb,,,2026-06-19
R47a203,GST Acoustic Guitar Major C,R47a,,GUITAR STING,Acoustic,C,,,2026-06-19
R47a204,GST Acoustic Guitar Major D,R47a,,GUITAR STING,Acoustic,D,,,2026-06-19
R47a205,GST Acoustic Guitar Major Db,R47a,,GUITAR STING,Acoustic,Db,,,2026-06-19
R47a206,GST Acoustic Guitar Major E,R47a,,GUITAR STING,Acoustic,E,,,2026-06-19
R47a207,GST Acoustic Guitar Major Eb,R47a,,GUITAR STING,Acoustic,Eb,,,2026-06-19
R47a208,GST Acoustic Guitar Major F,R47a,,GUITAR STING,Acoustic,F,,,2026-06-19
R47a209,GST Acoustic Guitar Major G,R47a,,GUITAR STING,Acoustic,G,,,2026-06-19
R47a210,GST Acoustic Guitar Minor A,R47a,,GUITAR STING,Acoustic,A,,,2026-06-19
R47a211,GST Acoustic Guitar Minor Ab,R47a,,GUITAR STING,Acoustic,Ab,,,2026-06-19
R47a212,GST Acoustic Guitar Minor B,R47a,,GUITAR STING,Acoustic,B,,,2026-06-19
R47a213,GST Acoustic Guitar Minor Bb,R47a,,GUITAR STING,Acoustic,Bb,,,2026-06-19
R47a214,GST Acoustic Guitar Minor C,R47a,,GUITAR STING,Acoustic,C,,,2026-06-19
R47a215,GST Acoustic Guitar Minor D,R47a,,GUITAR STING,Acoustic,D,,,2026-06-19
R47a216,GST Acoustic Guitar Minor Db,R47a,,GUITAR STING,Acoustic,Db,,,2026-06-19
R47a217,GST Acoustic Guitar Minor E,R47a,,GUITAR STING,Acoustic,E,,,2026-06-19
R47a218,GST Acoustic Guitar Minor Eb,R47a,,GUITAR STING,Acoustic,Eb,,,2026-06-19
R47a219,GST Acoustic Guitar Minor F,R47a,,GUITAR STING,Acoustic,F,,,2026-06-19
R47a220,GST Acoustic Guitar Minor G,R47a,,GUITAR STING,Acoustic,G,,,2026-06-19
R47a221,GST Acoustic Guitar Minor Gb,R47a,,GUITAR STING,Acoustic,Gb,,,2026-06-19
R47a223,GST Classic Guitar Minor G,R47a,,GUITAR STING,Classic,G,,,2026-06-19
R47a224,GST Classic Guitar Minor Gb,R47a,,GUITAR STING,Classic,Gb,,,2026-06-19
R47a225,GST Classic Guitar Minor F,R47a,,GUITAR STING,Classic,F,,,2026-06-19
R47a226,GST Classic Guitar Minor Eb,R47a,,GUITAR STING,Classic,Eb,,,2026-06-19
R47a227,GST Classic Guitar Minor E,R47a,,GUITAR STING,Classic,E,,,2026-06-19
R47a228,GST Classic Guitar Minor Db,R47a,,GUITAR STING,Classic,Db,,,2026-06-19
R47a229,GST Classic Guitar Minor D,R47a,,GUITAR STING,Classic,D,,,2026-06-19
R47a230,GST Classic Guitar Minor C,R47a,,GUITAR STING,Classic,C,,,2026-06-19
R47a231,GST Classic Guitar Minor Bb,R47a,,GUITAR STING,Classic,Bb,,,2026-06-19
R47a232,GST Classic Guitar Minor B,R47a,,GUITAR STING,Classic,B,,,2026-06-19
R47a233,GST Classic Guitar Minor Ab,R47a,,GUITAR STING,Classic,Ab,,,2026-06-19
R47a234,GST Classic Guitar Minor A,R47a,,GUITAR STING,Classic,A,,,2026-06-19
R47a235,GST Classic Guitar Major A,R47a,,GUITAR STING,Classic,A,,,2026-06-19
R47a236,GST Classic Guitar Major Ab,R47a,,GUITAR STING,Classic,Ab,,,2026-06-19
R47a237,GST Classic Guitar Major B,R47a,,GUITAR STING,Classic,B,,,2026-06-19
R47a238,GST Classic Guitar Major Bb,R47a,,GUITAR STING,Classic,Bb,,,2026-06-19
R47a239,GST Classic Guitar Major C,R47a,,GUITAR STING,Classic,C,,,2026-06-19
R47a240,GST Classic Guitar Major D,R47a,,GUITAR STING,Classic,D,,,2026-06-19
R47a241,GST Classic Guitar Major Db,R47a,,GUITAR STING,Classic,Db,,,2026-06-19
R47a242,GST Classic Guitar Major E,R47a,,GUITAR STING,Classic,E,,,2026-06-19
R47a243,GST Classic Guitar Major Eb,R47a,,GUITAR STING,Classic,Eb,,,2026-06-19
R47a244,GST Classic Guitar Major F,R47a,,GUITAR STING,Classic,F,,,2026-06-19
R47a245,GST Classic Guitar Major G,R47a,,GUITAR STING,Classic,G,,,2026-06-19
R47a246,GST Classic Guitar Major Gb,R47a,,GUITAR STING,Classic,Gb,,,2026-06-19
R47a247,GST Clean Guitar Major A,R47a,,GUITAR STING,Electric - Clean,A,,,2026-06-19
R47a248,GST Clean Guitar Major Ab,R47a,,GUITAR STING,Electric - Clean,Ab,,,2026-06-19
R47a249,GST Clean Guitar Major B,R47a,,GUITAR STING,Electric - Clean,B,,,2026-06-19
R47a250,GST Clean Guitar Major Bb,R47a,,GUITAR STING,Electric - Clean,Bb,,,2026-06-19
R47a251,GST Clean Guitar Major C,R47a,,GUITAR STING,Electric - Clean,C,,,2026-06-19
R47a252,GST Clean Guitar Major D,R47a,,GUITAR STING,Electric - Clean,D,,,2026-06-19
R47a253,GST Clean Guitar Major Db,R47a,,GUITAR STING,Electric - Clean,Db,,,2026-06-19
R47a254,GST Clean Guitar Major E,R47a,,GUITAR STING,Electric - Clean,E,,,2026-06-19
R47a255,GST Clean Guitar Major Eb,R47a,,GUITAR STING,Electric - Clean,Eb,,,2026-06-19
R47a256,GST Clean Guitar Major F,R47a,,GUITAR STING,Electric - Clean,F,,,2026-06-19
R47a257,GST Clean Guitar Major G,R47a,,GUITAR STING,Electric - Clean,G,,,2026-06-19
R47a258,GST Clean Guitar Major Gb,R47a,,GUITAR STING,Electric - Clean,Gb,,,2026-06-19
R47a260,GST Clean Guitar Minor G,R47a,,GUITAR STING,Electric - Clean,G,,,2026-06-19
R47a261,GST Clean Guitar Minor Gb,R47a,,GUITAR STING,Electric - Clean,Gb,,,2026-06-19
R47a262,GST Clean Guitar Minor F,R47a,,GUITAR STING,Electric - Clean,F,,,2026-06-19
R47a263,GST Clean Guitar Minor E,R47a,,GUITAR STING,Electric - Clean,E,,,2026-06-19
R47a264,GST Clean Guitar Minor Eb,R47a,,GUITAR STING,Electric - Clean,Eb,,,2026-06-19
R47a265,GST Clean Guitar Minor D,R47a,,GUITAR STING,Electric - Clean,D,,,2026-06-19
R47a266,GST Clean Guitar Minor Db,R47a,,GUITAR STING,Electric - Clean,Db,,,2026-06-19
R47a267,GST Clean Guitar Minor C,R47a,,GUITAR STING,Electric - Clean,C,,,2026-06-19
R47a268,GST Clean Guitar Minor Bb,R47a,,GUITAR STING,Electric - Clean,Bb,,,2026-06-19
R47a269,GST Clean Guitar Minor B,R47a,,GUITAR STING,Electric - Clean,B,,,2026-06-19
R47a270,GST Clean Guitar Minor Ab,R47a,,GUITAR STING,Electric - Clean,Ab,,,2026-06-19
R47a271,GST Clean Guitar Minor A,R47a,,GUITAR STING,Electric - Clean,A,,,2026-06-19
R47a272,GST Heavy Guitar Major A,R47a,,GUITAR STING,Electric - Heavy,A,,,2026-06-19
R47a273,GST Heavy Guitar Major Ab,R47a,,GUITAR STING,Electric - Heavy,Ab,,,2026-06-19
R47a274,GST Heavy Guitar Major B,R47a,,GUITAR STING,Electric - Heavy,B,,,2026-06-19
R47a275,GST Heavy Guitar Major Bb,R47a,,GUITAR STING,Electric - Heavy,Bb,,,2026-06-19
R47a276,GST Heavy Guitar Major C,R47a,,GUITAR STING,Electric - Heavy,C,,,2026-06-19
R47a277,GST Heavy Guitar Major D,R47a,,GUITAR STING,Electric - Heavy,D,,,2026-06-19
R47a278,GST Heavy Guitar Major Db,R47a,,GUITAR STING,Electric - Heavy,Db,,,2026-06-19
R47a279,GST Heavy Guitar Major E,R47a,,GUITAR STING,Electric - Heavy,E,,,2026-06-19
R47a280,GST Heavy Guitar Major F,R47a,,GUITAR STING,Electric - Heavy,F,,,2026-06-19
R47a281,GST Heavy Guitar Major G,R47a,,GUITAR STING,Electric - Heavy,G,,,2026-06-19
R47a282,GST Heavy Guitar Major Gb,R47a,,GUITAR STING,Electric - Heavy,Gb,,,2026-06-19
R47a283,GST Heavy Guitar Minor A,R47a,,GUITAR STING,Electric - Heavy,A,,,2026-06-19
R47a284,GST Heavy Guitar Minor Ab,R47a,,GUITAR STING,Electric - Heavy,Ab,,,2026-06-19
R47a285,GST Heavy Guitar Minor B,R47a,,GUITAR STING,Electric - Heavy,B,,,2026-06-19
R47a286,GST Heavy Guitar Minor Bb,R47a,,GUITAR STING,Electric - Heavy,Bb,,,2026-06-19
R47a287,GST Heavy Guitar Minor C,R47a,,GUITAR STING,Electric - Heavy,C,,,2026-06-19
R47a288,GST Heavy Guitar Minor D,R47a,,GUITAR STING,Electric - Heavy,D,,,2026-06-19
R47a289,GST Heavy Guitar Minor Db,R47a,,GUITAR STING,Electric - Heavy,Db,,,2026-06-19
R47a290,GST Heavy Guitar Minor E,R47a,,GUITAR STING,Electric - Heavy,E,,,2026-06-19
R47a291,GST Heavy Guitar Minor Eb,R47a,,GUITAR STING,Electric - Heavy,Eb,,,2026-06-19
R47a292,GST Heavy Guitar Minor F,R47a,,GUITAR STING,Electric - Heavy,F,,,2026-06-19
R47a293,GST Heavy Guitar Minor G,R47a,,GUITAR STING,Electric - Heavy,G,,,2026-06-19
R47a294,GST Heavy Guitar Minor Gb,R47a,,GUITAR STING,Electric - Heavy,Gb,,,2026-06-19
R47a295,GST Metal Guitar Major A,R47a,,GUITAR STING,Electric - Heavy,A,,,2026-06-19
R47a296,GST Metal Guitar Major Ab,R47a,,GUITAR STING,Electric - Metal,Ab,,,2026-06-19
R47a297,GST Metal Guitar Major B,R47a,,GUITAR STING,Electric - Metal,B,,,2026-06-19
R47a298,GST Metal Guitar Major Bb,R47a,,GUITAR STING,Electric - Metal,Bb,,,2026-06-19
R47a299,GST Metal Guitar Major C,R47a,,GUITAR STING,Electric - Metal,C,,,2026-06-19
R47a300,GST Metal Guitar Major D,R47a,,GUITAR STING,Electric - Metal,D,,,2026-06-19
R47a301,GST Metal Guitar Major Db,R47a,,GUITAR STING,Electric - Metal,Db,,,2026-06-19
R47a302,GST Metal Guitar Major E,R47a,,GUITAR STING,Electric - Metal,E,,,2026-06-19
R47a303,GST Metal Guitar Major Eb,R47a,,GUITAR STING,Electric - Metal,Eb,,,2026-06-19
R47a304,GST Metal Guitar Major F,R47a,,GUITAR STING,Electric - Metal,F,,,2026-06-19
R47a305,GST Metal Guitar Major G,R47a,,GUITAR STING,Electric - Metal,G,,,2026-06-19
R47a306,GST Metal Guitar Major Gb,R47a,,GUITAR STING,Electric - Metal,Gb,,,2026-06-19
R47a307,GST Metal Guitar Minor A,R47a,,GUITAR STING,Electric - Metal,A,,,2026-06-19
R47a308,GST Metal Guitar Minor Ab,R47a,,GUITAR STING,Electric - Metal,Ab,,,2026-06-19
R47a309,GST Metal Guitar Minor B,R47a,,GUITAR STING,Electric - Metal,B,,,2026-06-19
R47a310,GST Metal Guitar Minor Bb,R47a,,GUITAR STING,Electric - Metal,Bb,,,2026-06-19
R47a311,GST Metal Guitar Minor C,R47a,,GUITAR STING,Electric - Metal,C,,,2026-06-19
R47a312,GST Metal Guitar Minor D,R47a,,GUITAR STING,Electric - Metal,D,,,2026-06-19
R47a313,GST Metal Guitar Minor Db,R47a,,GUITAR STING,Electric - Metal,Db,,,2026-06-19
R47a314,GST Metal Guitar Minor E,R47a,,GUITAR STING,Electric - Metal,E,,,2026-06-19
R47a315,GST Metal Guitar Minor Eb,R47a,,GUITAR STING,Electric - Metal,Eb,,,2026-06-19
R47a316,GST Metal Guitar Minor F,R47a,,GUITAR STING,Electric - Metal,F,,,2026-06-19
R47a317,GST Metal Guitar Minor G,R47a,,GUITAR STING,Electric - Metal,G,,,2026-06-19
R47a318,GST Metal Guitar Minor Gb,R47a,,GUITAR STING,Electric - Metal,Gb,,,2026-06-19
R47a326,GST Heavy Guitar Major Eb,R47a,,GUITAR STING,Electric - Heavy,Eb,,,2026-06-19
R47b001,Never As Long,R47b,,CLASSIC ROCK,Hard Rock - Metal,E,,*** SOLD TO A&E PERMANENT COLLECTION***,2026-06-19
R47b002,Army Of Me,R47b,,CLASSIC ROCK,Hard Rock - Metal,Eb,,*** SOLD TO A&E PERMANENT COLLECTION***,2026-06-19
R48a032,Five Of Hearts,R48a,,FILM SCORE,,C,,Lovely synth melody over RomCom music,2026-06-19
R48a200,Murder Drone,R48a,,FILM SCORE,,D,118,"Sinister and really creepy, with some edgy sound design.",2026-06-19
R48a214,Shanty Boys,R48a,,FILM SCORE,,Eb,118,"Mysterious, with some exotic influences and a wistful and uncertain cello.",2026-06-19
R48a372,Amazing,R48a,,HOUSE,Deep House,D,,Understated dance track with heavily effected male vocals,2026-06-19
R48a373,Stacks And Racks,R48a,,HOUSE,Deep House,Cm,,Uptempo late night club track with female vocals,2026-06-19
R48a374,Queen City,R48a,,HOUSE,Electro House,Am,,Driving and pulsing with urgency. Highly effected vocal samples,2026-06-19
R48a375,After Hours Club,R48a,,HOUSE,Deep House,Cm,,Chill out halftime beat with ethereal female vocals.,2026-06-19
R48a376,Make Me,R48a,,TECHNO,Classic Techno,Cm,,Super aggressive synths atop 80's dance drums,2026-06-19
R48a377,North Carolina,R48a,,POP,Rock,C,,Pop Rock on the top with a nod to EDM on the groove. Distorted Male Vocals,2026-06-19
R48a378,Soho Nights,R48a,,POP,Electropop,C,,"Percolating and poppy with Female vocal, ""Ooh Baby, Yeah Girl""",2026-06-19
R48a379,Too High,R48a,,POP,Electropop,Gm,,Dark and urgent. With filtered male vocals.,2026-06-19
R48a380,Midnight Splash,R48a,,POP,Country,Dm,,,2026-06-19
R48a381,Freedom Mask,R48a,,HOUSE,Progressive House,Em,,,2026-06-19
R48a382,Get Up On This Dance Floor,R48a,,TECHNO,Dub Techno,Em,,,2026-06-19
R48a383,I Wanna Get Serious,R48a,,HEARTLAND ROCK,Country,Em,,,2026-06-19
R48a384,Liquid Brunch,R48a,,FILM SCORE,,Am,,,2026-06-19
R48a385,Queen Of The Queen City,R48a,,COUNTRY,Country Rock,Ebm,,,2026-06-19
R48a389,Can't Wait No Longer,R48a,,TECHNO,Dub Techno,Em,,,2026-06-19
R48a390,Forever Fever,R48a,,DUBSTEP,Pop,Em,,,2026-06-19
R48a391,Kingdom Collapse,R48a,,HIP HOP/RAP,Trap,Em,,,2026-06-19
R48a392,Your Hand In Mine,R48a,,POP,Rock,Bb,,,2026-06-19
R48a393,All Night Long Again,R48a,,POP,Rock,Eb,,,2026-06-19
R48a394,Bright Horizons,R48a,,POP,Dance,G,,,2026-06-19
R48a395,Club Wreckage,R48a,,POP,Dance,B,,,2026-06-19
R48a396,Glow In The Dark,R48a,,POP,Dance,Gm,,,2026-06-19
R48a397,Mixed Signals,R48a,,POP,Dance,Fsharpm,,,2026-06-19
R48a398,Snake In The Mirror,R48a,,POP,Dance,Bbm,,,2026-06-19
R48a399,Trust Issues? Really?,R48a,,POP,Dance,Bm,,,2026-06-19
R48a400,Fallen Pride,R48a,,FILM SCORE,,Em,,,2026-06-19
R48a401,Focus That,R48a,,FILM SCORE,,Cm,,,2026-06-19
R48a402,High Class Funk,R48a,,POP,Funk,Fsharp,,,2026-06-19
R48a403,Found The Perfect Man,R48a,,POP,Dance,Fm,,,2026-06-19
R48a404,Nocturnal,R48a,,HOUSE,Progressive House,Ebm,,,2026-06-19
R48a405,Pay Attention,R48a,,POP,Singer/Songwriter,Am,,,2026-06-19
R48a406,Pressure Cooker,R48a,,FILM SCORE,,Cm,,,2026-06-19
R48a407,Small Town Sky,R48a,,COUNTRY,Pop Country,Eb,,,2026-06-19
R48a408,Smooth Daddy,R48a,,SOUL,,Ebm,,,2026-06-19
R48a409,Stolen Secrets,R48a,,FILM SCORE,,Ebm,,,2026-06-19
R48a410,Tapas And Trouble,R48a,,FILM SCORE,,C,,,2026-06-19
R48a411,Tropical Bunny,R48a,,WORLD-ETHNIC,Afro Beat,Gm,,,2026-06-19
R48a412,Truth In This Madness,R48a,,POP,Dance,Fsharpm,,,2026-06-19
R48a413,We're Unstoppable,R48a,,POP,Dance,C,,,2026-06-19
R48a414,Only One For Me,R48a,,POP,R&B,D,,,2026-06-19
R48a415,Death Grip,R48a,,FILM SCORE,,Dm,,Nightmare in a bottle. Strange and eerie long tones with a repeating almost industrial rhythm.,2026-06-19
R48a416,Burn It,R48a,,HOUSE,Electro House,Gm,,Banging big room track with aggro lead line. Break down @ :40,2026-06-19
R48a417,Across The Bar,R48a,,COUNTRY,Pop Country,Eb,,,2026-06-19
R48a418,We Were Almost There,R48a,,FILM SCORE,,Gm,,,2026-06-19
R48a419,Alone Again,R48a,,FILM SCORE,,Fm,,,2026-06-19
R48a420,I'm In The Mood Tonight,R48a,,POP,Soul,Fm,,,2026-06-19
R48a421,Level Up Again,R48a,,FILM SCORE,,Em,,,2026-06-19
R48a422,Question Mark Too,R48a,,FILM SCORE,,Am,,,2026-06-19
R48a423,Save Me Again,R48a,,FILM SCORE,,Fm,,,2026-06-19
R48a424,Spirit Cooker,R48a,,FILM SCORE,,Bb,,,2026-06-19
R48a425,Thank You,R48a,,POP,Dance,Ab,,,2026-06-19
R48a426,The Only One For Me,R48a,,POP,Dance,A,,,2026-06-19
R48a427,Above The Group Chat,R48a,,POP,R&B,Dm,,,2026-06-19
R48a428,Behind The Fog,R48a,,FILM SCORE,,Fm,,,2026-06-19
R48a429,Black Moon,R48a,,FILM SCORE,,Fm,,,2026-06-19
R48a430,Broken Bad,R48a,,FILM SCORE,,Ebm,,,2026-06-19
R48a431,Clever You,R48a,,FILM SCORE,,Em,,,2026-06-19
R48a432,Diminishing Returns,R48a,,FILM SCORE,,Ebm,,,2026-06-19
R48a433,Got You,R48a,,POP,Rock,Csharp,,,2026-06-19
R48a434,Perfect Kind Of Crazy,R48a,,POP,Funk,Cm,,,2026-06-19
R48a435,More Playtime,R48a,,COMEDY,"Madcap, Silly",Cm,,,2026-06-19
R48a436,Shy Guy,R48a,,POP,R&B,Csharp,,,2026-06-19
R48a437,A Little Bit Narcissistic,R48a,,COUNTRY,Pop Country,Db,,,2026-06-19
R48a438,Eerie Descent,R48a,,FILM SCORE,,E,,,2026-06-19
R48a439,Into The Abyss,R48a,,FILM SCORE,,Fm,,,2026-06-19
R48a440,Sacrificed,R48a,,FILM SCORE,,Cm,,,2026-06-19
R48a441,Uplift Me,R48a,,POP,Rock,E,,,2026-06-19
R48a442,How You Like It,R48a,,POP,Rock,Gm,,,2026-06-19
R48a443,"My Love, Your Loss",R48a,,POP,Electropop,Db,,,2026-06-19
R48a444,Quagmired,R48a,,FILM SCORE,,Ebm,,,2026-06-19
R48a445,You Said That?,R48a,,POP,Future Bass,Gm,,,2026-06-19
R48a446,Rich Boys,R48a,,FILM SCORE,,Em,,,2026-06-19
R48a447,Sad Expectations,R48a,,FILM SCORE,,Fm,,,2026-06-19
R48a448,Clear And Present,R48a,,FILM SCORE,,Am,,,2026-06-19
R48a449,Clown Room,R48a,,COMEDY,Piano,Am,,,2026-06-19
R48a450,Final Final Hour,R48a,,FILM SCORE,,Cm,,,2026-06-19
R48a452,So Be It,R48a,,FILM SCORE,,Am,,,2026-06-19
R48a453,The Grand Budapest Motel,R48a,,FILM SCORE,,Am,,,2026-06-19
R48a454,Who Dunnit,R48a,,FILM SCORE,,Am,,,2026-06-19
R48a455,Bomb Squad Incoming,R48a,,FILM SCORE,,Am,,,2026-06-19
R48a456,Count On Me,R48a,,POP,Electropop,D,,,2026-06-19
R48a457,Feelin' Sassy,R48a,,FILM SCORE,,E,,,2026-06-19
R48a458,Pardon Me,R48a,,FILM SCORE,,E,,,2026-06-19
R48a459,Wrong Turn Again,R48a,,FILM SCORE,,Ebm,,,2026-06-19
R48a460,Zany Me,R48a,,FILM SCORE,,Am,,,2026-06-19
R48a461,Cold Cold World,R48a,,COUNTRY,Pop Country,D,,,2026-06-19
R48a462,CopycatRevenge,R48a,,FILM SCORE,,Cm,,Dark and ominous with a nervous cello pulse,2026-06-19
R48a463,Primal Thirst,R48a,,FILM SCORE,,Cm,,Dark synth pulse on the bottom. Strange effects and comments on top.,2026-06-19
R48a464,Can't Touch Me,R48a,,SOUL,,E,,,2026-06-19
R48a465,Don't Forget Me,R48a,,POP,Rock,Fm,,,2026-06-19
R48a466,Final Battle,R48a,,FILM SCORE,,Cm,,,2026-06-19
R48a467,French Dip,R48a,,POP,R&B,Ab,,,2026-06-19
R48a468,Goin' With It,R48a,,POP,Rock,F,,,2026-06-19
R48a469,No Gossip Is Good Gossip,R48a,,POP,Rock,Db,,,2026-06-19
R48a470,Only The Mighty,R48a,,FILM SCORE,,F,,,2026-06-19
R48a471,Punta Cana Dreams,R48a,,WORLD-ETHNIC,Latin,Bm,,,2026-06-19
R48a472,Can't Keep Track,R48a,,WORLD-ETHNIC,Latin Pop,G,,,2026-06-19
R48a473,I Got FOMO,R48a,,WORLD-ETHNIC,Latin,D,,,2026-06-19
R48a474,Midnight On The Caribbean Shore,R48a,,WORLD-ETHNIC,Latin Pop,Bb,,,2026-06-19
R48a475,Only Play Today,R48a,,WORLD-ETHNIC,Latin Pop,D,,,2026-06-19
R48a476,Ultima Copa,R48a,,WORLD-ETHNIC,Latin Pop,Csharp,,,2026-06-19
R48a477,Amo Mi Comida,R48a,,WORLD-ETHNIC,Latin Pop,D,,,2026-06-19
R48a478,Amor Caribeno,R48a,,WORLD-ETHNIC,Latin,C,,,2026-06-19
R48a479,Espresso Yes,R48a,,FILM SCORE,,Ab,,,2026-06-19
R48a480,La Trampa Dulce,R48a,,WORLD-ETHNIC,Latin Pop,Bb,,,2026-06-19
R48a481,Lover's Reef,R48a,,WORLD-ETHNIC,Latin,F,,,2026-06-19
R48a482,Luna Nueva,R48a,,WORLD-ETHNIC,Acoustic - Latin Pop,D,,,2026-06-19
R48a483,Never Too Chill,R48a,,WORLD-ETHNIC,Latin Pop,D,,,2026-06-19
R48a484,People Pleaser,R48a,,POP,Electropop,F,,,2026-06-19
R48a485,Vida Del Playa,R48a,,WORLD-ETHNIC,Acoustic - Latin Pop,D,,,2026-06-19
R48a486,Viva La Viva,R48a,,WORLD-ETHNIC,Mariachi,A,,,2026-06-19
R48a487,Dancin' All Night,R48a,,POP,Electropop,C,,,2026-06-19
R48a488,Gimme A Break,R48a,,POP,Electropop,F,,,2026-06-19
R48a489,Keep Up With Me,R48a,,POP,Dance,FSharp,,,2026-06-19
R48a490,Learning To Love Again,R48a,,POP,Dance,FSharp,,,2026-06-19
R48a491,She Likes To Show Off,R48a,,POP,Synthpop,Eb,,,2026-06-19
R48a492,Something Must Be Wrong,R48a,,POP,Electropop,Bb,,,2026-06-19
R48a493,Stop But Don't Stop,R48a,,POP,Dance,D,,,2026-06-19
R48a494,Top Of The Morning,R48a,,FILM SCORE,,E,,,2026-06-19
R48a495,Ukulele Sailing,R48a,,FILM SCORE,,C,,,2026-06-19
R48a496,Vikings Blade,R48a,,FILM SCORE,,C,,,2026-06-19
R48a497,Always Winning,R48a,,POP,R&B,Bb,,,2026-06-19
R48a498,Business Then Pleasure,R48a,,POP,Hip Hop/Rap,D,,,2026-06-19
R48a499,Don't Fight It,R48a,,POP,R&B,CSharp,,,2026-06-19
R48a500,For A Change,R48a,,POP,Electropop,Bb,,,2026-06-19
R48a501,His Body,R48a,,POP,Dance,FSharp,,,2026-06-19
R48a502,I Got The Goods,R48a,,POP,Future Bass,D,,,2026-06-19
R48a503,I Need More Stacks,R48a,,POP,Modern Hip Hop,A,,,2026-06-19
R48a504,OCD Over You,R48a,,POP,Electropop,F,,,2026-06-19
R48a505,Half Hearted,R48a,,POP,Electropop,Eb,,,2026-06-19
R48a506,She's Suicide,R48a,,POP,Electropop,F,,,2026-06-19
R48a507,You Knew,R48a,,POP,R&B,E,,,2026-06-19
R48a508,You Know What I Want,R48a,,POP,R&B,A,,,2026-06-19
R48a509,Feeling Dangerous,R48a,,POP,Hip Hop/Rap,Db,,,2026-06-19
R48a510,I Don't Wanna Work No More,R48a,,POP,Electropop,F,,,2026-06-19
R48a511,I'm Better Off,R48a,,POP,R&B,Bb,,,2026-06-19
R48a512,Lovers Not Friends,R48a,,POP,Singer/Songwriter,Bb,,,2026-06-19
R48a513,Out Of Sight Out Of Mind,R48a,,POP,Rock,Csharp,,,2026-06-19
R48a514,Back Rooms,R48a,,FILM SCORE,,Eb,,,2026-06-19
R48a515,Basalt Throat,R48a,,FILM SCORE,,D,,,2026-06-19
R48a516,Brass Cupcakes,R48a,,FILM SCORE,,C,,,2026-06-19
R48a517,Happy Flappers,R48a,,FILM SCORE,,Ab,,,2026-06-19
R48a518,Please Speak Easy,R48a,,FILM SCORE,,Eb,,,2026-06-19
R48a519,Too Good To Be True,R48a,,POP,R&B,Bb,,,2026-06-19
R53a144,Livin The Life,R53a,,80's Rock and Pop,New Wave - Rock,E,,"Fun, groovy and upbeat with an 80's vibe.",2026-06-19
R53a252,Drama 101,R53a,,FILM SCORE,,Em,,dark/sinister techno,2026-06-19
R53a316,Depreciation,R53a,,ALTERNATIVE ROCK,Grunge,D,,"Gritty and heavy electric guitar with fast paced drums. Aggressive and rebellious that'll give you the ""I do what I want"" attitude.",2026-06-19
R53b001,Bad Dude,R53b,,ALTERNATIVE ROCK,Metal,CSharp,,*** SOLD TO A&E PERMANENT COLLECTION***,2026-06-19
R53b002,Manly Riff,R53b,,ALTERNATIVE ROCK,Garage Rock,D,,*** SOLD TO A&E PERMANENT COLLECTION***,2026-06-19
R60a024,Robots In Disguise,R60a,,FILM SCORE,,Dbm,118,Music made by Transformers,2026-06-19
R63a280,Wala Wala Waltz,R63a,,COMEDY,Circus,C,,Story time at the circus! (or your favorite Italian restaurant),2026-06-19
R67a027,Off Your Dirty Knees,R67a,,ALTERNATIVE ROCK,Garage Rock,Gm,185,"Sloppy, old school rock and roll",2026-06-19
R67a191,Reversed Cymbal With Fade,R67a,,SFX,Percussion,C,,Dramatic Swoosh EFX,2026-06-19
R67a192,Reversed Cymbal With Stop,R67a,,SFX,Percussion,C,,Dramatic Swoosh EFX,2026-06-19
R67a258,Bottle Service And Bad Decisions,R67a,,POP,Dance,E,,,2026-06-19
R67a259,Hookups By The Host Stand,R67a,,POP,Dance,E,,,2026-06-19
R67a260,Magnolias And Mean Girls,R67a,,POP,Dance,E,,,2026-06-19
R67a261,Neon On Kings Street,R67a,,POP,Dance,CSharp,,,2026-06-19
R67a262,"Sweet Tea, Hot Nights",R67a,,POP,Dance,E,,,2026-06-19
R67a263,Don't Embarrass The Brand,R67a,,POP,Electropop,E,,,2026-06-19
R67a264,Do The Shot Spill TheTea,R67a,,POP,Electropop,E,,,2026-06-19
R67a265,Flirthing For Tips,R67a,,POP,Electropop,E,,,2026-06-19
R67a266,Serving Drinks Serving Drama,R67a,,POP,Electropop,Csharpm,,,2026-06-19
R67a267,Shots Before Apologies,R67a,,HOUSE,Progressive House,Em,,,2026-06-19
R67a268,Hola Drama,R67a,,WORLD-ETHNIC,Latin Pop,Fsharp,,,2026-06-19
R67a269,Rum Punch And Red Flags,R67a,,WORLD-ETHNIC,Latin Pop,Gm,,,2026-06-19
R67a270,Sand Between My Secrets,R67a,,WORLD-ETHNIC,Latin Pop,Am,,,2026-06-19
R67a271,King Street Goes Coastal,R67a,,WORLD-ETHNIC,Latin Pop,Gm,,,2026-06-19
R67a272,Love In The Cabana,R67a,,WORLD-ETHNIC,Reggaeton,Em,,,2026-06-19
R67a273,Sunscreen And Slander,R67a,,WORLD-ETHNIC,Reggaeton,Am,,,2026-06-19
R67a274,Swim Up Bar,R67a,,WORLD-ETHNIC,Reggaeton,Am,,,2026-06-19
R68a001,Heavy 2,R68a,,CLASSIC ROCK,Hard Rock - Metal,Dm,,Aggressive and defiant Hard Rock vibe.,2026-06-19
R68a002,Highway 2,R68a,,HEARTLAND ROCK,Classic Rock,A,,"Upbeat, positive and confident.",2026-06-19
R68a003,Long Road,R68a,,FOLK,Folk Rock,Gsharpm,,Upbeat and positive with claps.,2026-06-19
R68a004,Pearl Stone,R68a,,ALTERNATIVE ROCK,Post-Grunge,Bm,,Grungy rock with a defiant and edgy tone.,2026-06-19
R68a005,That Blues,R68a,,CLASSIC ROCK,Blues Rock,A,,Upbeat Rock track with a Southern vibe.,2026-06-19
R68a006,That Moment,R68a,,FOLK,Indie Folk,D,,A positive and hopeful track with folk elements.,2026-06-19
R68a007,Trucks And Beer,R68a,,FOLK,Folk Rock,G,,"Fun, positive and upbeat.",2026-06-19
R68a008,Wide Field,R68a,,FOLK,Indie Folk,E,,Uplifting and positive with lots of energy.,2026-06-19
R68b004,Time 3,R68b,,ALTERNATIVE ROCK,Post-Punk Revival,A,,Prepare to rock out!,2026-06-19
R73a342,Odd Parade,R73a,,COMEDY,Vaudeville,Dm,,,2026-06-19
R73a431,Odd Fellas,R73a,,FILM SCORE,,Gm,,A mysterious orchestral soundtrack with elements of humour.,2026-06-19
R73a663,Steel Breeze,R73a,,FILM SCORE,,Em,,Spy tensely sneaking through the jungle,2026-06-19
R73a664,Asphalt Kings,R73a,,CLASSIC ROCK,Blues Rock,Dm,,Some heavy and groovy blues for your soul,2026-06-19
R73a665,Groovy Roadtrip,R73a,,CLASSIC ROCK,Jam Band,Ebm,,Funky guitar and funky voice box that'll leave your toe tapping,2026-06-19
R73a749,Glitter Scoop,R73a,,80's Rock and Pop,New Wave - Synthpop,Em,,"Classic New Wave sound. Synth bass, clean rhythm guitar, hollow synths, pulses",2026-06-19
R73a842,Boom Bang Pow,R73a,,POP,Electropop,Gm,,Intense and aggressive Dance track with very busy and buzzy rhythms. Main groove begins at :38,2026-06-19
R73a843,Boom Mantra,R73a,,POP,Electropop,Fm,,Big and aggressive with a synth melody,2026-06-19
R73a844,Bounce And Pounce,R73a,,HOUSE,Progressive House,Ebm,,"Ol' Skool house with a big, driving beat",2026-06-19
R73a846,Electric Glory,R73a,,HOUSE,Progressive House,Bbm,,"Slow but driving at the beginning and then explodes at :30 using Dubstep sonics in a rapid fire, sweaty club filler",2026-06-19
R73a847,Epic Frenzy,R73a,,HOUSE,Progressive House,Bbm,,Very fast and aggressive banger. You sweat just listening to it. 1/2 time Break in the middle,2026-06-19
R73a848,Faster Master,R73a,,TRANCE,Arena Trance,Gm,,"Aggressive and bangin AF at like 2,000 BPM (well, not quite, but good luck keeping up)",2026-06-19
R73a849,Golden Funk,R73a,,POP,Electropop,Bm,,Funky and groovy like 80's R&B/Funk,2026-06-19
R73a850,Happy Spaces,R73a,,HOUSE,Future House,Cm,,Driving HOUSE with thick and nasty synths,2026-06-19
R73a851,Good Loot,R73a,,HOUSE,Future House,Am,,Super fast and aggressive house track with thick synth string melody.,2026-06-19
R73a852,Hardark,R73a,,HOUSE,Electro House,Am,,"High energy, Aggressive with a big build right at :15, Nice breakdown at 1:00 Peak energy at 1:15",2026-06-19
R73a853,Loose Yerself,R73a,,POP,Synthpop,Bm,,Fun Fun Fun carefree dance floor packer. Lots of hands in the air!,2026-06-19
R73a854,Ratatata,R73a,,HOUSE,Electro House,F,,Big room banger with aggressive synths,2026-06-19
R73a855,Tough Trade,R73a,,HOUSE,Progressive House,Gbm,,Very fast EDM banger with nervous bass and ominous synth melody. Big drop at :30,2026-06-19
R73a856,War Dance,R73a,,POP,Electropop,Cm,,Very fast and driving with lots of synth pulses and a big synth melody,2026-06-19
R73a857,Witch Fever,R73a,,POP,Electropop,Em,,"Big and aggressive with a hi, plucky top line",2026-06-19
R73a858,Collateral Consequences,R73a,,HIP HOP/RAP,Trap,Dm,,Plucky and ethereal with trap beats.,2026-06-19
R73a859,Impending Boom,R73a,,FILM SCORE,,Em,,Dark and mysterious with low horn hits and a mix between hollow synth and strings on top.,2026-06-19
R73a860,Triple Trouble,R73a,,FILM SCORE,,Dm,,Plucky synth and deep synth bass over trap beats,2026-06-19
R73a861,Worrisome Stakes,R73a,,FILM SCORE,,Fm,,Hip hop but with toy synth and then dark strings and synth bass.,2026-06-19
R73a862,Dancing Glow,R73a,,HOUSE,Progressive House,Bm,,Groovy and punchy with build leading to :30,2026-06-19
R73a863,Easy Nights,R73a,,POP,Electropop,Em,,Good party fun with tight rhythms and a splashy melody line,2026-06-19
R73a864,Fleeting Bliss,R73a,,POP,Dance,Fm,,Happy big room with builds and drops.,2026-06-19
R73a865,Gold Gliding,R73a,,HOUSE,Progressive House,Gm,,Very fast and fun with funky synth melody,2026-06-19
R73a866,Love Boom,R73a,,HOUSE,Progressive House,Am,,"Straight, driving dance music using a lot of early sounds",2026-06-19
R73a867,Neon Legion,R73a,,POP,Dance,Cm,,Big room club music with all kinds of cool synth interplay. Jazzy break at :40,2026-06-19
R73a868,Nobody's Watching,R73a,,POP,Dance,Dm,,"Young and energetic, lots of fun and exuberance",2026-06-19
R73a869,Not Like U,R73a,,HOUSE,Progressive House,Gm,,"Dark house track with builds into a very filtered vocal sample,",2026-06-19
R73a870,Sweet Poison,R73a,,HOUSE,Deep House,Em,,Aggressive and driving Deep House with lots of very busy elements.,2026-06-19
R73a871,Dancing On The Skylight,R73a,,POP,Dance,Dm,,"Mysterious female vocals over straight up dance beats. ""Good Vibes, Good Times, we leave The World behind""",2026-06-19
R73a872,Forever Wild,R73a,,POP,Dance,Ebm,,Pounding beat with female vocals.,2026-06-19
R73a873,Lost In The Lights,R73a,,POP,Dance,Cm,,"Great dance track with female Vocals. Big room, Positive.",2026-06-19
R73a874,No Limits Yet,R73a,,POP,Dance,Gm,,"Female Vocals.  ""no limits for us, we own the night"" Banging and minimal.",2026-06-19
R73a875,Sway Away,R73a,,POP,Dance,Em,,"Female vocals, ""Dance the night away, feel the rhythm sway""  Driving and pounding beat.",2026-06-19
R73a876,Tonight We Dance,R73a,,HOUSE,Progressive House,Dm,,Big room with multiple vocal chorus.,2026-06-19
R73a877,We Own The Night,R73a,,POP,Dance,Cm,,"Uptempo dance music with female vocals. Key line, ""NO LIMITS FOR LOVE""",2026-06-19
R73a878,Gnarly Troubles,R73a,,FILM SCORE,,Em,,,2026-06-19
R73a879,Strange Haze,R73a,,FILM SCORE,,Em,,,2026-06-19
R73a880,Thick Creep,R73a,,FILM SCORE,,Cm,,,2026-06-19
R73a881,Easy Roads,R73a,,CLASSIC ROCK,Blues Rock,Fsharpm,,,2026-06-19
R73a882,Mean Fast Waves,R73a,,60's Rock and Pop,Surf Rock,Am,,,2026-06-19
R73a883,Sweet Ride Home,R73a,,HEARTLAND ROCK,Acoustic - Country Rock,A,,,2026-06-19
R73a884,3 Grand A Pop,R73a,,HOUSE,Progressive House,Gm,,,2026-06-19
R73a885,3K Drop,R73a,,POP,Electropop,Fm,,,2026-06-19
R73a886,Anger Banger,R73a,,HOUSE,Electro House,Fsharpm,,,2026-06-19
R73a887,Brass Bomb,R73a,,WORLD-ETHNIC,Latin,Fm,,,2026-06-19
R73a888,Dancing Giants,R73a,,HIP HOP/RAP,Trap,Em,,,2026-06-19
R73a889,Dancing Tears,R73a,,POP,Dance,Fsharpm,,,2026-06-19
R73a890,Diamond Pressure,R73a,,HOUSE,Progressive House,Fm,,,2026-06-19
R73a891,Electric Madness,R73a,,HOUSE,Progressive House,Gm,,,2026-06-19
R73a892,Energy Honey,R73a,,HOUSE,Electro House,Fsharpm,,,2026-06-19
R73a893,Expensive Skies,R73a,,HOUSE,Deep House,Fsharpm,,,2026-06-19
R73a894,Furious Bliss,R73a,,POP,Dance,Gm,,,2026-06-19
R73a895,Golden Circles,R73a,,HOUSE,Electro House,Gm,,,2026-06-19
R73a896,Got Me Caught,R73a,,POP,Electropop,Gm,,,2026-06-19
R73a897,Hammered On,R73a,,HOUSE,Electro House,Fsharpm,,,2026-06-19
R73a898,Hard Yard,R73a,,HOUSE,Tropical House,Fsharpm,,,2026-06-19
R73a899,Lush Rush,R73a,,HOUSE,Progressive House,Fm,,,2026-06-19
R73a900,Night Royalty,R73a,,HOUSE,Deep House,Gm,,,2026-06-19
R73a901,Like No Tomorrow,R73a,,HOUSE,Progressive House,Dm,,,2026-06-19
R73a902,Posouthivity,R73a,,COUNTRY,Pop Country,E,,,2026-06-19
R73a903,Rush Night,R73a,,HOUSE,Electro House,Fm,,,2026-06-19
R73a904,Super Pumped Up,R73a,,HOUSE,Progressive House,Fm,,,2026-06-19
R73b001,Tubes And Tools,R73b,,CLASSIC ROCK,Pop Rock,D,,*** SOLD TO A&E PERMANENT COLLECTION***,2026-06-19
R73b003,Mean And Low,R73b,,COUNTRY,Country Rock,Csharpm,,*** SOLD TO A&E PERMANENT COLLECTION***,2026-06-19
R73b004,Rolling Brawl,R73b,,ALTERNATIVE ROCK,Garage Rock,Em,,*** SOLD TO A&E PERMANENT COLLECTION***,2026-06-19
R73b005,Bad Honey,R73b,,CLASSIC ROCK,Blues Rock,Am,,*** SOLD TO A&E PERMANENT COLLECTION***,2026-06-19
R73b006,Dirtslacker,R73b,,CLASSIC ROCK,Blues Rock,Em,,*** SOLD TO A&E PERMANENT COLLECTION***,2026-06-19
R73b007,Fat Rat Gang,R73b,,ALTERNATIVE ROCK,Garage Rock,Bm,,*** SOLD TO A&E PERMANENT COLLECTION***,2026-06-19
R73b008,Funky Swagger,R73b,,CLASSIC ROCK,Funk Rock,Gm,,*** SOLD TO A&E PERMANENT COLLECTION***,2026-06-19
R73b009,Slow Mo Blast,R73b,,ALTERNATIVE ROCK,Garage Rock,Bm,,*** SOLD TO A&E PERMANENT COLLECTION***,2026-06-19
R75a032,Blues Fight,R75a,,CLASSIC ROCK,Blues Rock,Em,76,Deliberate rocker with claps,2026-06-19
R75a044,Something Afoot,R75a,,FILM SCORE,,G,118,Spooky organ tension,2026-06-19
R75c001,Big Mean Dog,R75c,,CLASSIC ROCK,Blues Rock,Ebm,,*** SOLD TO A&E PERMANENT COLLECTION***,2026-06-19
R82a035,Farmers Tan,R82a,,FOLK,Americana,E,,Fast picker but with an easy-going vibe,2026-06-19
R82a086,Major Gold Mine,R82a,,80's Rock and Pop,New Wave - Synthpop,Bb,108,Groovy and plucky Investigation rock,2026-06-19
R82a295,Swamp Ass,R82a,,BLUES,Chicago Blues,D,86,"So chicago, I want poppy seeds on my hot dog bun!",2026-06-19
R82a730,Cosmic Cowboy,R82a,,COUNTRY,Acoustic - Pop Country,D,,"Slow, laid back and pensive. Mandolin, electric guitars, bass and drums",2026-06-19
R82a734,Low Gear,R82a,,ALTERNATIVE ROCK,Garage Rock,E,,"Low, Slow, Distorted, Bluesy and Groovy",2026-06-19
R82a865,Barbecue Joint,R82a,,POP,Country,G,,Happy go Lucky country pop. Heavy mandolin influence.,2026-06-19
R82a866,Gulf Of Mars,R82a,,FILM SCORE,,F,,"Sparse, clean guitar and trap drums",2026-06-19
R82a867,King Wave,R82a,,60's Rock and Pop,Surf Rock,E,,,2026-06-19
R82a868,Pandemic Blues,R82a,,BLUES,Blues Rock,A,,,2026-06-19
R82a869,Slinking Down Easy Street,R82a,,FILM SCORE,,C,,"Kinda groovy and ""Network Cop Show"" Tense. Searching for something but don't scare the kiddies.",2026-06-19
R82a870,Spies In Love,R82a,,FILM SCORE,,D,,"Trap drums with Guitar drones and cello melody that is somewhat ""Western"" in the Yellowstone sense.",2026-06-19
R82a871,Funny Not Funny,R82a,,FILM SCORE,,A,,,2026-06-19
R82a872,Cant Wait Forever,R82a,,ALTERNATIVE ROCK,Pop Rock,A,,,2026-06-19
R82a873,Dude Awakening,R82a,,FILM SCORE,,A,,,2026-06-19
R82a874,Sloppy Fourths,R82a,,ALTERNATIVE ROCK,Garage Rock,A,,,2026-06-19
R82a875,Tiny Tremors,R82a,,FILM SCORE,,B,,,2026-06-19
R82d005,Bumper To Bumper,R82d,,ALTERNATIVE ROCK,Funk Rock,Bb,,*** SOLD TO A&E PERMANENT COLLECTION***,2026-06-19
R82d006,Steady Gait,R82d,,ALTERNATIVE ROCK,Garage Rock,G,,*** SOLD TO A&E PERMANENT COLLECTION***,2026-06-19
R85a467,Reddening,R85a,,FILM SCORE,,D,,"Creepy, dramatic and intense, with some really unsettling vocal sound design elements throughout.",2026-06-19
R85a557,De Lo Mio,R85a,,WORLD-ETHNIC,Latin Pop,Am,,,2026-06-19
R85b001,My Friend Bill,R85b,,FOLK,Americana,A,,*** SOLD TO A&E PERMANENT COLLECTION***,2026-06-19
R85c001,Island Greatness,R85c,,WORLD-ETHNIC,Latin,E,,,2026-06-19
R85c002,Dawn Walk,R85c,,WORLD-ETHNIC,Latin Pop,Bb,,,2026-06-19
R85c003,Dusked,R85c,,WORLD-ETHNIC,Reggaeton,Csharp,,,2026-06-19
R86b006,Arrows,R86b,,ALTERNATIVE ROCK,Pop Rock,Gm,,,2026-06-19
R86b007,Eye Of A Fly,R86b,,FILM SCORE,,Gm,,,2026-06-19
R87a04,The Jack Willy Adventure,R87a,,FILM SCORE,,Bb,129,Triumphant epic orchestral track.,2026-06-19
R87a102,Diez Quetzales,R87a,,80's Rock and Pop,Post-Punk,Eb,,A medium tempo Rock track with some serious grit.,2026-06-19
R87c001,By The Light Of The Street Light,R87c,,FILM SCORE,,Gm,,*** SOLD TO A&E PERMANENT COLLECTION***,2026-06-19
R87c002,Crackle And Pop,R87c,,CLASSIC ROCK,Funk Rock,A,,*** SOLD TO A&E PERMANENT COLLECTION***,2026-06-19
R87c003,Fridge Full O Beer,R87c,,CLASSIC ROCK,Blues Rock,A,,*** SOLD TO A&E PERMANENT COLLECTION***,2026-06-19
R87c004,Press One To Go Down,R87c,,CLASSIC ROCK,Garage Rock,Fsharpm,,*** SOLD TO A&E PERMANENT COLLECTION***,2026-06-19
R87c005,The Barnyard Bug,R87c,,CLASSIC ROCK,Hard Rock - Metal,Am,,*** SOLD TO A&E PERMANENT COLLECTION***,2026-06-19
R87c006,The Wanton Soup,R87c,,CLASSIC ROCK,Blues Rock,A,,*** SOLD TO A&E PERMANENT COLLECTION***,2026-06-19
R89a309,King's Bridge,R89a,,HIP HOP/RAP,East Coast,D,,East coast hip hop with with an edgy feel,2026-06-19
R89a824,Beach Swing ,R89a,,BLUES,Acoustic,E,,Slow blues with some serious swagger,2026-06-19
R89a825,Come Round,R89a,,HEARTLAND ROCK,Classic Rock,A,,Mid tempo American rocker with droning lead guitar,2026-06-19
R89a826,Fire Water,R89a,,80's Rock and Pop,Pop Rock,A,,Straight ahed song with lots of reverb on the guitars,2026-06-19
R89a827,Hi Hee Ho,R89a,,ALTERNATIVE ROCK,Indie,A,,"Spacy and groovy with very busy, sloppy drums",2026-06-19
R89a828,Stomped On,R89a,,ALTERNATIVE ROCK,Garage Rock,A,,Big distortion and roomy drums. Driving rock and roll,2026-06-19
R89a829,Tweed Me,R89a,,ALTERNATIVE ROCK,Pop Rock,E,,"Uptempo and quirky pop. Drum loops, static electric guitar and swirling synths",2026-06-19
R89a855,Cuts and Wishes,R89a,,ALTERNATIVE ROCK,Grunge,Am,,Emotional and sad as told by a Seattle band in the 90's,2026-06-19
R89c001,Heart Break,R89c,,POP,Electropop,G,,,2026-06-19
R89c002,I Lose My Mind,R89c,,DUBSTEP,Future Bass,Dm,,,2026-06-19
R89c003,On Your River,R89c,,DUBSTEP,Pop,CSharpm,,,2026-06-19
R89c004,Blur,R89c,,ALTERNATIVE ROCK,Industrial,D,,,2026-06-19
R90c001,Aint So Bad,R90c,,CLASSIC ROCK,Hard Rock - Metal,Em,,Goes from sounding like to Neil Young to AC/DC at 30 seconds.,2026-06-19
R90f002,Jimmys Dream,R90f,,ALTERNATIVE ROCK,Garage Rock,Am,,DEEP DISH GROOVER,2026-06-19
R90k001,Into the Woods,R90k,,ALTERNATIVE ROCK,,,,*** SOLD TO A&E PERMANENT COLLECTION***,2026-06-19
R91a016,Garage Daze,R91a,,ALTERNATIVE ROCK,Garage Rock,Fsharpm,129,Gritty alternative rock that gets edgier in the second half.,2026-06-19
R91a144,Sunset Spritz,R91a,,HOUSE,Progressive House,Gm,,Driven by clean electric guitar and drums. Joined by subtle synths.,2026-06-19
R91a145,Double Trouble,R91a,,FILM SCORE,,Em,,,2026-06-19
R91a146,Hot Take,R91a,,FILM SCORE,,Am,,,2026-06-19
R91a147,Infamous,R91a,,FILM SCORE,,Am,,,2026-06-19
R91a148,Keep Your Cool,R91a,,FILM SCORE,,Am,,,2026-06-19
R91a149,Be Real,R91a,,FILM SCORE,,Dm,,,2026-06-19
R91a150,Slow Your Role,R91a,,FILM SCORE,,Dm,,,2026-06-19
R91a151,Face To Face Again,R91a,,FILM SCORE,,Dm,,Tight and dry beat with high and spacey piano. Joined by low synth,2026-06-19
R91a152,Smashed On The Rocks,R91a,,FILM SCORE,,Gm,,,2026-06-19
R91a153,Throwing You Shade,R91a,,FILM SCORE,,Gm,,"High, tight hip hop beat with a lot of strings playing with a high piano.",2026-06-19
R91a154,Friggin' Ice Cold,R91a,,FILM SCORE,,Em,,,2026-06-19
R91a155,So Many Dark Days,R91a,,FILM SCORE,,C,,Clean guitar at the corner of Pink Floyd and an Iraqi bazaar over ominous waves,2026-06-19
R91a156,Sinister Sequence,R91a,,FILM SCORE,,A,,Driving synth pulse and horrific pads and effects that build into a terrifying melange.,2026-06-19
R93a170,Homesteader,R93a,,COUNTRY,Pop Country,Cm,,,2026-06-19
R93a171,Ranch Dressing,R93a,,POP,Rock,E,,,2026-06-19
R94a112,Warped Logic,R94a,,FILM SCORE,,C,,Builds in it's ominous and mysterious vibe.  I can imagine someone follow me and sensing they are right behind me.,2026-06-19
R94a191,After The Show,R94a,,FOLK,Indie Folk,C,,"Feel good acoustic, drums with brushes.",2026-06-19
R94b001,Intriguing,R94b,,FILM SCORE,,Cm,,*** SOLD TO A&E PERMANENT COLLECTION***,2026-06-19
S12a008,Uneasy Frequencies,S12a,,FILM SCORE,,C,,"Uneasy, nauseous synth risers evoke a cinematic sense of dread.",2026-06-19
S12a033,Dwindling Seconds,S12a,,FILM SCORE,,Bm,,,2026-06-19
S12a034,Evidence Pending,S12a,,FILM SCORE,,Bm,,,2026-06-19
S12a035,In A Holding Pattern,S12a,,FILM SCORE,,Am,,,2026-06-19
S12a036,Lingering Doubt,S12a,,FILM SCORE,,Bm,,,2026-06-19
S12a037,Low Pulse,S12a,,FILM SCORE,,Dsharpm,,,2026-06-19
S12a038,Paranoia Loop,S12a,,FILM SCORE,,Dm,,,2026-06-19
S12a039,Psychotic Break,S12a,,FILM SCORE,,Gm,,,2026-06-19
S12a040,Something Unsaid,S12a,,FILM SCORE,,Dm,,,2026-06-19
S12a041,Static In The Walls,S12a,,FILM SCORE,,Dm,,,2026-06-19
S12a042,The Cold Lead,S12a,,FILM SCORE,,Dm,,,2026-06-19
S12a043,The Sound Of Waiting,S12a,,FILM SCORE,,Gm,,,2026-06-19
S12a044,Watching Without Moving,S12a,,FILM SCORE,,Em,,,2026-06-19
S12a045,Delayed Response,S12a,,FILM SCORE,,C,,Jagged industrial Stabs. That is all.,2026-06-19
S12a046,Lingering Presence,S12a,,FILM SCORE,,D,,Big gong-like booms with sweeps of insanity behind them.,2026-06-19
S12a047,Low Signal,S12a,,FILM SCORE,,E,,Harsh electronic hits given rhythm by echo.,2026-06-19
S12a048,Out Of Frame,S12a,,FILM SCORE,,G,,Deep hits with tons of reverb and echo.,2026-06-19
S12a049,Single Frequency,S12a,,FILM SCORE,,A,,Aggressive industrial hits on the first beat of each measure with a rhythm created by echo filling it out.,2026-06-19
S12a050,Static Line,S12a,,FILM SCORE,,D,,"Big, rude and aggressive hits on the first beat of each measure with plenty of echo to keep in terrifying",2026-06-19
S12a051,Sustained Silence,S12a,,FILM SCORE,,D,,Strange industrial landscape,2026-06-19
S12a052,Breathe Thin Air,S12a,,FILM SCORE,,Eb,,Darl industrial stabs with echo.,2026-06-19
S12a053,Unresolved Tone,S12a,,FILM SCORE,,E,,Imagine in industrial piano string being struck with metal. Lots of echo creates the rhythm.,2026-06-19
S12a054,Unsteady Ground,S12a,,FILM SCORE,,A,,Rude and aggressive industrial hits with echo.,2026-06-19
S13a027,Above Suspicion,S13a,,FILM SCORE,,Gm,,Comic mystery wrapped in a funky blanket with whistling and quirky brass stabs.,2026-06-19
S13a028,Absurd Flex,S13a,,FILM SCORE,,Em,,Slow beat with marimba creating the main line. Second the beat is mostly scratching.,2026-06-19
S13a029,Awkward Hustle,S13a,,FILM SCORE,,Fm,,"A little silly but because someone made it weird, dammit now everyone is uncomfortable. Interplay of plucked instruments hip hop, piano and lots of other goodies.",2026-06-19
S13a030,Caught In 4k,S13a,,FILM SCORE,,Bm,,Piano and funky drums with deseperate housewives xylophone,2026-06-19
S13a031,All Eyes On Me,S13a,,SOUL,,Dm,,funky synth bass and organs. Funky with a tiny hint of mystery,2026-06-19
S13a032,Bag Of Tricks,S13a,,HIP HOP/RAP,Classic Hip Hop,Em,,Funky and chill with low piano to add a little tension but it's mainly about the beat and the vibe,2026-06-19
S13a033,Behind The Mask Again,S13a,,WORLD-ETHNIC,Reggae,Am,,Fun and feel good but maybe with the tiniest hint of intrigue. Depends on the picture,2026-06-19
S13a034,Catch The Skank,S13a,,WORLD-ETHNIC,Reggae,D,,"Oh there is an umbrella in my drink, smells like Coppertone and jerk chicken.",2026-06-19
S13a035,At The Brink,S13a,,FILM SCORE,,Cm,,,2026-06-19
S13a036,Behind The Heist ,S13a,,FILM SCORE,,Dm,,,2026-06-19
S13a037,Clever But Clueless,S13a,,FILM SCORE,,Em,,,2026-06-19
S13a038,Cut The Cameras,S13a,,FILM SCORE,,Cm,,,2026-06-19
S13a039,Locked And Loaded,S13a,,FILM SCORE,,Gm,,,2026-06-19
S13a040,Ruthless Pulse ,S13a,,FILM SCORE,,Gbm,,,2026-06-19
S13a041,Al Ritmo Del Sol,S13a,,WORLD-ETHNIC,Latin,Em,,,2026-06-19
S13b004,Party Spark,S13b,,POP,Dance,Cm,,,2026-06-19
S13b005,Whats Going On,S13b,,POP,Dance,D,,,2026-06-19
S13b006,Game On Feelin Bold,S13b,,POP,Dance,Am,,,2026-06-19
S13b007,Nice Try,S13b,,POP,Dance,D,,,2026-06-19
S13b008,Power Trip,S13b,,POP,Dance,Dm,,,2026-06-19
S13b009,Ride Or Die,S13b,,POP,Dance,G,,,2026-06-19
S13b010,Locked In You,S13b,,POP,Soul,Fm,,,2026-06-19
S13b011,Sweet Trouble,S13b,,POP,Dance,A,,,2026-06-19
S13b012,Electric Whispers,S13b,,POP,Dance,Dbm,,,2026-06-19
S13b013,Fever Rush,S13b,,POP,Dance,Cm,,"High energy female vocal dance pop. ""Just give me that FEVER RUSH""",2026-06-19
S13b014,Heatproof,S13b,,POP,Rock,Gbm,,Downtempo female vocal chill track.,2026-06-19
S13b015,In Your Hands,S13b,,POP,Dance,F,,Groovy dance track with music straight from 80's R&B. Female Vocals. Lyric about opening up emotionally and being vulnerable.,2026-06-19
S13b016,Own The Moment,S13b,,POP,Dance,Cm,,"""Lights come on, I'm ready to shine!"" High energy dance pop. ""Own the moment, take the stage""",2026-06-19
S13b017,Playing With Fire,S13b,,POP,Dance,Em,,"Groovy and funky dance pop with big synths and claps. Female vocal. ""I'm playing with fire, only if it's real!""",2026-06-19
S13b018,Silk And Trouble,S13b,,POP,R&B,Em,,"Downtempo groovy, tasty guitar fills. Female Vocals. ""Silk and Trouble that's my vibe""",2026-06-19
S13b019,Smoke And Mirrors Baby,S13b,,POP,Dance,Am,,Female vocal funky dance pop with 80's grooves.,2026-06-19
S13b020,Velvet Rhythm,S13b,,POP,Funk,Am,,Funky and Groovy with female vocals.,2026-06-19
S13b021,Better Now,S13b,,WORLD-ETHNIC,Latin Pop,Cm,,,2026-06-19
S13b022,Pull Me In,S13b,,WORLD-ETHNIC,Latin Pop,Cm,,,2026-06-19
S13b023,Queen Of The Floor,S13b,,WORLD-ETHNIC,Latin Pop,Cm,,,2026-06-19
S15a004,Discovered Truth,S15a,,FILM SCORE,,Dm,86,Superhero-inspired orchestra with cinematic excellence.,2026-06-19
S15a005,Guilt Behind Her Eyes,S15a,,FILM SCORE,,Am,129,"Tense piano film score, with rising cinematic percussion.",2026-06-19
S15a007,Baddest B On The Scene,S15a,,POP,Dance,Csharpm,123,"Flexin', sextin' trap beat with spooky vocal chops and raunchy female vox.",2026-06-19
S15a008,Fierce And Flawless,S15a,,POP,Dance,Ebm,129,"Throbbing tech-house anthem, built for colorful raves & toxic nights out.",2026-06-19
S15a009,In Love With A Flower,S15a,,POP,Electropop,Fm,144,Retro rave anthem inspired by 90's and 00's trance.,2026-06-19
S15a014,If You Could Love Me Again,S15a,,POP,Electropop,Csharpm,144,Lush female vocals serenade over a Vegas-approved house groove.,2026-06-19
S19b001,Smoky Haze,S19b,,CLASSIC ROCK,Folk Rock,A,,*** SOLD TO A&E PERMANENT COLLECTION***,2026-06-19
S19b002,Smoky Resolve,S19b,,CLASSIC ROCK,Folk Rock,Am,,*** SOLD TO A&E PERMANENT COLLECTION***,2026-06-19
S20A107,Whatz Nexxt,S20A,,NEW AGE,Ambient,G,92,Peaceful keyboard that has a soft and positive tone. Reflective strings add a more hopeful and uplifting feeling.,2026-06-19
S20a028,Blowhard,S20a,,BLUES,Acoustic,B,99,Uplifting Blues with Harmonica,2026-06-19
S20d040,Drone The Mall,S20d,,FILM SCORE,,C,112,Dark barren ambiance with serious strings that have a foreboding and mysterious tone. Curious with a searching feeling.,2026-06-19
S20d047,Core Shaken,S20d,,FILM SCORE,,Ab,,Distant echoing percussion that has a barren and mysterious feeling. Penguin like squawks give a more curious tone.,2026-06-19
S20d061,Pickin' In The Dark,S20d,,CLASSIC ROCK,Southern Rock,D,,A Classic riff and a groovy vibe,2026-06-19
S20d074,Dance Floor Girls,S20d,,POP,Folk,Fm,,80's Funk with chilly detached vibe,2026-06-19
S20d075,Clubbed,S20d,,HIP HOP/RAP,Electro,D,,Sparse and chilly electro with a gentle nod to techno and a beat with a whiff of Reggaeton.,2026-06-19
S20d076,The VIP Room,S20d,,SOUL,,CSharpm,,"Laid back, sexy and soulful R&B with female vocals. Driven by Electric piano and funky guitar.",2026-06-19
S20d077,Cin Dramatic,S20d,,FILM SCORE,,Bm,,"Simple plucky strings, timpani and trap beats.",2026-06-19
S20d078,Southern Slinky,S20d,,FILM SCORE,,C,,Pizzicato and trap.,2026-06-19
S20d079,BANJOy Fanboy,S20d,,POP,Dance,Cm,,Super fast and driving. understated and good as background,2026-06-19
S20d080,Strut Yer Stuff,S20d,,80's Rock and Pop,Dance Pop,Fsharp,,Understated and groovy with 70's synth sound leading the way.,2026-06-19
S20d081,I Don Care,S20d,,FILM SCORE,,Gm,,Plucked strings and hip hop drums with tiny high accents.,2026-06-19
S20d082,Hump Day Dance Off,S20d,,POP,Dance,Bb,,Very fats and understated with bass leading the way.,2026-06-19
S20d083,Charleston Vice,S20d,,FILM SCORE,,G,,,2026-06-19
S20d084,Sippin Away,S20d,,FILM SCORE,,E,,,2026-06-19
S20d086,Waves Of Grain,S20d,,HEARTLAND ROCK,Classic Rock,E,,,2026-06-19
S20d087,A Tension To Detail,S20d,,FILM SCORE,,Dm,,,2026-06-19
S20d088,Yet Anotherr Dance Thang,S20d,,80's Rock and Pop,New Wave - Synthpop,Am,,,2026-06-19
S20d089,Happy Slappy,S20d,,80's Rock and Pop,New Wave - Synthpop,G,,,2026-06-19
S20d090,Potent Motion Potion,S20d,,POP,Dance,C,,,2026-06-19
S20d091,Drone Alone,S20d,,FILM SCORE,,FSharp,,Mysterious pads with space sounds and industrial percussion.,2026-06-19
S20d092,Searching The Attic,S20d,,FILM SCORE,,Eb,,Industrial chimes set off every 4 beats with glass bottles and other various effects in the back,2026-06-19
S20d093,Bump Di Bump Di,S20d,,WORLD-ETHNIC,Latin Pop,Em,,,2026-06-19
S21a054,Bottle O Rotgut,S21a,,OLD TIMEY,Saloon Piano,C,144,19th century saloon music in all its cliched glory,2026-06-19
S21a057,Hope And Glory,S21a,,FILM SCORE,,C,81,Dramatic end-of-film music/wedding music/beautiful/romantic,2026-06-19
S21a063,Anxiety,S21a,,FILM SCORE,,Em,185,Big and dramatic with a lot of dark brass,2026-06-19
S21a064,Drunken Cookery,S21a,,FILM SCORE,,Em,81,Slow and boozy,2026-06-19
S21a065,Smackdown 2,S21a,,FILM SCORE,,Em,112,"Driving, orchestral chase scene that is also light and positive",2026-06-19
S21a066,The Premise,S21a,,FILM SCORE,,Am,112,Epic tension with a lot of stops and starts,2026-06-19
S21a067,Twisted Liquor,S21a,,COMEDY,Quirky,Dm,129,Boozy romp down the avenue,2026-06-19
S21a069,International Mystery,S21a,,FILM SCORE,,Em,129,70's chase scene complete with bongos,2026-06-19
S22a026,Boxer Skips,S22a,,BREAKBEAT,Electronic,Cm,,"high, plucky synth blips with a very nervous energy",2026-06-19
S22a027,Anything But That,S22a,,FILM SCORE,,Gm,,,2026-06-19
S23a036,Mighty Blue,S23a,,CLASSIC ROCK,Blues Rock,E,,,2026-06-19
S24a071,Put It Into Overdrive,S24a,,CLASSIC ROCK,Hard Rock - Metal,E,,"Serious, Edgy and Defiant Classic Hard Rock",2026-06-19
S24b026,Beets For Sale,S24b,,FOLK,Americana,C,99,"Cheerful, uplifting and makes you want to buy beets.... Even if you hate beets.",2026-06-19
S24c002,That Lonesome Road,S24c,,CLASSIC ROCK,Blues Rock,E,123,Rocking blues,2026-06-19
S24c085,Grinding Out,S24c,,CLASSIC ROCK,Hard Rock - Metal,Gm,144,"Reckless, rockin' and FUN!  Great southern rock.",2026-06-19
S24d001,Abide My Alibi,S24d,,80's Rock and Pop,Pop Rock,A,,*** SOLD TO A&E PERMANENT COLLECTION***,2026-06-19
S24d002,Inner Groove,S24d,,ALTERNATIVE ROCK,Pop Rock,A,,*** SOLD TO A&E PERMANENT COLLECTION***,2026-06-19
S26a009,Can He Do It,S26a,,TRANCE,Classic Trance,C,129,Electric and dark,2026-06-19
S31a067,Missing Persons,S31a,,FILM SCORE,,Dm,,Barren piano with a mysterious and slightly foreboding ambiance. Curious with a searching feeling.,2026-06-19
S33a100,Gates,S33a,,ALTERNATIVE ROCK,Garage Rock,Dm,144,"Hard, edgy and rockin'",2026-06-19
S33a101,Heavy Guitar,S33a,,ALTERNATIVE ROCK,Garage Rock,Em,118,"Heavy, loud guitars",2026-06-19
S33a102,Hot Pot,S33a,,CLASSIC ROCK,Hard Rock - Metal,Dm,152,Hard and heavy rock 'n' roll,2026-06-19
S33a103,Hours,S33a,,60's Rock and Pop,British Invasion,D,144,"Groovy, 60's, classic rock goodness",2026-06-19
S33a104,In And Around,S33a,,FOLK,Folk Rock,C,108,"Peaceful, laid Back, acoustic",2026-06-19
S33a105,Light In The Tunnel,S33a,,ALTERNATIVE ROCK,Garage Rock,Em,118,"Hard, edgy and tense",2026-06-19
S33a106,Memory,S33a,,CLASSIC ROCK,Acoustic,G,89,Positive and groovy acoustic classic rock,2026-06-19
S33a107,Noise,S33a,,CLASSIC ROCK,Hard Rock - Metal,Dm,162,"IF IT'S TOO LOUD, YOU'RE TOO OLD!",2026-06-19
S33a108,Postcard,S33a,,CLASSIC ROCK,Acoustic,G,136,Chill acoustic classic rock,2026-06-19
S33a109,Prices,S33a,,CLASSIC ROCK,Acoustic - Southern Rock,B,152,"Chill, laid back, acoustic classic rock",2026-06-19
S33a110,Producer,S33a,,ALTERNATIVE ROCK,Garage Rock,Am,129,"Hard, heavy and rockin'",2026-06-19
S33a111,Telephone,S33a,,ALTERNATIVE ROCK,Garage Rock,Em,123,Slow 'n' heavy,2026-06-19
S33a112,Theatre,S33a,,ALTERNATIVE ROCK,Garage Rock,Dm,96,"Hard, heavy and rockin'",2026-06-19
S33a113,Adapting,S33a,,FILM SCORE,,Em,123,"Suspenseful, edgy and mysterious.",2026-06-19
S33a114,Day Rush,S33a,,FILM SCORE,,Dsharp,99,Mysterious dramatic tension track with orchestral sounds.,2026-06-19
S33a115,Dialogs,S33a,,FILM SCORE,,Am,136,Sad and melancholic orchestral soundtrack.,2026-06-19
S33a116,Gold,S33a,,COUNTRY,Bluegrass,G,123,"Fun, upbeat bluegrass",2026-06-19
S33a117,I Like It,S33a,,HOUSE,Deep House,Asharpm,83,Fun and upbeat classic house tune.,2026-06-19
S33a118,Links,S33a,,80's Rock and Pop,New Wave - Synthpop,G,83,"Upbeat and fun, with an 80's vibe.",2026-06-19
S33a119,Maps,S33a,,80's Rock and Pop,Dance Pop,G,83,Upbeat with funky vibes.,2026-06-19
S33a120,Pictures,S33a,,FILM SCORE,,Csharp,144,Melancholic orchestral track.,2026-06-19
S33a121,Small Chamber,S33a,,FILM SCORE,,Csharp,108,Happy and positive orchestral soundtrack with some Baroque influences.,2026-06-19
S33a122,Bricks,S33a,,ALTERNATIVE ROCK,Indie,Dsharp,144,"Upbeat, feel good, indie rock",2026-06-19
S33a123,Clear,S33a,,ALTERNATIVE ROCK,Post-Grunge,Bm,83,Fast and LOUD!  Hard rockin' alternative.,2026-06-19
S33a124,Envelopes,S33a,,FILM SCORE,,Fsharp,144,A magical soundtrack with hopeful harmonies and a forward moving feel.,2026-06-19
S33a125,Hang Around,S33a,,ALTERNATIVE ROCK,Garage Rock,Gsharpm,136,"Hard, loud and anthemic alternative metal",2026-06-19
S33a126,Lets Talk,S33a,,FOLK,Americana,E,123,"Cheerful, upbeat alt folk",2026-06-19
S33a127,Market,S33a,,COUNTRY,Americana,F,118,"Chill, positive and upbeat Americana",2026-06-19
S33a128,Open Season,S33a,,FILM SCORE,,D,129,A hopeful and carefree orchestral soundtrack.,2026-06-19
S33a129,Projects,S33a,,COUNTRY,Acoustic - Americana,Gm,99,"Positive, upbeat, feel good Americana",2026-06-19
S33a130,Rivers,S33a,,FILM SCORE,,Dsharp,144,A hopeful orchestral soundtrack with a carefree vibe.,2026-06-19
S33a131,Rockers,S33a,,ALTERNATIVE ROCK,Post-Punk Revival,Fm,99,"Edgy, alternative indie",2026-06-19
S33a132,Somewhere,S33a,,ALTERNATIVE ROCK,Post-Punk Revival,F,70,"Upbeat, edgy alternative rock",2026-06-19
S33a133,Steps,S33a,,FILM SCORE,,Csharpm,144,A mysterious and kinda dark orchestral soundtrack with a suspenseful mood.,2026-06-19
S33a134,Travels,S33a,,COUNTRY,Country Rock,Dm,118,"Positive, groovy Americana",2026-06-19
S33a135,Upscale,S33a,,FILM SCORE,,D,136,Hopeful and upbeat orchestral strings.,2026-06-19
S33a136,All Sides,S33a,,POP,Dance,Gsharpm,103,"Positive, confident and sexy dance pop",2026-06-19
S33a137,Assistant,S33a,,ALTERNATIVE ROCK,Garage Rock,Em,92,"Hard, edgy, garage rock",2026-06-19
S33a138,Ban,S33a,,ALTERNATIVE ROCK,Garage Rock,Dm,144,Straight up hard rock,2026-06-19
S33a139,Displayfull,S33a,,HEARTLAND ROCK,Classic Rock,Am,129,"Easy going, classic rock",2026-06-19
S33a140,Division,S33a,,CLASSIC ROCK,Funk Rock,Am,129,"Trippy, funky and freaking awesome classic rock guitar riffs",2026-06-19
S33a141,Everything,S33a,,CLASSIC ROCK,Hard Rock - Metal,Am,99,Full on classic rock,2026-06-19
S33a142,Evidence,S33a,,FILM SCORE,,Am,103,"This will definitely get your heart racing and your palms sweating. Prepare to be scared, very very scared!",2026-06-19
S33a143,Fight,S33a,,ALTERNATIVE ROCK,Grunge,Dm,86,Confident and edgy hard rock,2026-06-19
S33a144,Freedom,S33a,,ALTERNATIVE ROCK,Metal,Fm,172,"Hard, aggressive and defiant metal",2026-06-19
S33a145,In Any Case,S33a,,HOUSE,Synthpop,Asharp,129,"Upbeat, high energy, electronic dance",2026-06-19
S33a146,Inking,S33a,,ALTERNATIVE ROCK,Garage Rock,Am,152,"Down 'n' dirty, straight up rock 'n' roll",2026-06-19
S33a147,Landmark,S33a,,80's Rock and Pop,Hair Band - Metal,Em,152,High energy rock 'n' roll,2026-06-19
S33a148,Long Tie,S33a,,HOUSE,,Cm,129,High energy electronic dance,2026-06-19
S33a149,Persona,S33a,,ALTERNATIVE ROCK,Garage Rock,Bm,129,"High energy, alternative metal",2026-06-19
S33a150,Power,S33a,,ALTERNATIVE ROCK,Nu-Metal,Fm,118,"Upbeat, aggressive, high energy alternative metal",2026-06-19
S33a151,Progression,S33a,,ALTERNATIVE ROCK,Post-Grunge,Am,144,"Upbeat, edgy, feel good indie rock",2026-06-19
S33a152,Providers,S33a,,CLASSIC ROCK,Prog Rock,Dm,81,High energy classic rock with insane guitar riffs,2026-06-19
S33a153,Respect It,S33a,,HOUSE,Electro House,Em,129,"Fun, high energy electronic dance",2026-06-19
S33a154,Shift,S33a,,FILM SCORE,,Gsharpm,28,"A slow paced, quite static dramatic tension track with lots of mystery and eeriness.",2026-06-19
S33a155,Shock 3,S33a,,80's Rock and Pop,Hair Band - Metal,Fsharpm,99,"Hard, heavy, head banging delightfulness",2026-06-19
S33a156,Storm,S33a,,CLASSIC ROCK,Hard Rock - Metal,Am,92,Down 'n' dirty hard rock,2026-06-19
S33a157,Wiretap,S33a,,FILM SCORE,,Gm,162,Prepare to be afraid.,2026-06-19
S33a158,Storm 2,S33a,,FILM SCORE,,Em,199,Slow paced dramatic tension with a mysterious tone.,2026-06-19
S33a159,Test,S33a,,FILM SCORE,,Am,118,Very creepy indeed.,2026-06-19
S33a1590,Funky Members,S33a,,80's Rock and Pop,Pop Rock,Cm,,Groovy electric guitar and percussion that have a fun and positive feeling. Funky bass gives a happy tone.,2026-06-19
S33a160,Wide Doors,S33a,,FILM SCORE,,Am,118,"Mysterious and eerie, with an otherworldly feel.",2026-06-19
S33a161,Winds,S33a,,FILM SCORE,,Dm,99,Eerie sound design that will creep you out.,2026-06-19
S33a162,Smile,S33a,,FILM SCORE,,A,83,A positive and uplifting orchestral soundtrack with a sense of adventure.,2026-06-19
S33a163,Supporters,S33a,,FILM SCORE,,C,112,"Happy, uplifting orchestral vibes!",2026-06-19
S33a164,University,S33a,,FILM SCORE,,D,83,Friendly and warm orchestral soundtrack.,2026-06-19
S33a165,Build It Up,S33a,,80's Rock and Pop,New Wave - Rock,Gsharp,89,Anthemic and sweeping 80's new wave rock,2026-06-19
S33a166,Fake,S33a,,80's Rock and Pop,New Wave - Rock,Gsharp,96,Reflective and melancholic 80's new wave rock,2026-06-19
S33a167,Keep It 2,S33a,,80's Rock and Pop,New Wave - Rock,B,129,Positive and uplifting 80's new wave rock,2026-06-19
S33a1678,Hypercubes,S33a,,POP,Piano,Gsharp,,Bright piano and percussion that have a hopeful and happy tone. Positive and uplifting with a warm feeling.,2026-06-19
S33a168,Love Is Dead,S33a,,80's Rock and Pop,New Wave - Rock,D,112,"Fun, upbeat, feel good 80's new wave rock",2026-06-19
S33a169,Navy,S33a,,ALTERNATIVE ROCK,Post-Punk Revival,Csharpm,103,"Fun, confident rock with cool electric guitars and a groovy beat.",2026-06-19
S33a170,Phone Booth,S33a,,80's Rock and Pop,Post-Punk,D,144,Edgy and serious 80's new wave rock,2026-06-19
S33a171,Shadows,S33a,,80's Rock and Pop,Pop Rock,Gm,103,"Fun, funky and upbeat",2026-06-19
S33a172,About Lane,S33a,,POP,Electropop,Gm,89,"Chilled and kinda cool, with a mysterious vibe.",2026-06-19
S33a173,Big Open,S33a,,HIP HOP/RAP,Modern Hip Hop,Dm,129,A fusion of mysterious dramatic tension with modern hip hop/rap.,2026-06-19
S33a174,Color Lights,S33a,,80's Rock and Pop,Pop Rock,C,129,"Fun, feel good 80's new wave rock vibe",2026-06-19
S33a175,Creation,S33a,,80's Rock and Pop,New Wave - Rock,Em,108,Chill and content 80's new wave rock,2026-06-19
S33a176,Emotions,S33a,,FILM SCORE,,Em,136,"Confident, with an edgy vibe.",2026-06-19
S33a177,Features,S33a,,POP,Electropop,Dm,66,"Edgy, laid back and cool.",2026-06-19
S33a178,Midnight Wait,S33a,,80's Rock and Pop,New Wave - Rock,A,118,Slightly depressing and gloomy with and 80's new wave vibe,2026-06-19
S33a179,Selected,S33a,,FILM SCORE,,Gm,123,Melancholic hip hop with a slightly mysterious undertone.,2026-06-19
S33a180,Amazing Place,S33a,,FOLK,Indie Folk,G,112,"Laid back, positive vibes to make everything ok.",2026-06-19
S33a181,Better Place,S33a,,FOLK,Indie Folk,D,118,"Peaceful, positive vibes all around.",2026-06-19
S33a182,Crazy People,S33a,,FOLK,Indie Folk,E,152,Positive indie folk that will put you in a peaceful mood.,2026-06-19
S33a183,Dealing With Them,S33a,,FOLK,Indie Folk,C,108,"Carefree and peaceful indie folk with guitars, piano and gentle percussion.",2026-06-19
S33a184,Meeting Them,S33a,,FOLK,Indie Folk,C,118,Positive and uplifting indie folk,2026-06-19
S33a185,Nice To Meet You,S33a,,FOLK,Indie Folk,G,108,"A hopeful and upbeat indie folk track with beautiful piano melodies, finger style guitars and gentle percussion.",2026-06-19
S33a186,Nice Weather,S33a,,FOLK,Indie Folk,Csharpm,96,"Melancholic and kinda sad, but with a fast tempo.",2026-06-19
S33a1863,New Seasons,S33a,,CLASSIC ROCK,Garage Rock,Em,,"Straigh ahead, wide open guitar chords. Happy and Positive",2026-06-19
S33a187,One More Time 2,S33a,,FOLK,Indie Folk,G,103,Uplifting acoustic guitar with a beautiful lead over the top,2026-06-19
S33a1882,Sweet Summer Winds,S33a,,FOLK,Singer/Songwriter,D,,,2026-06-19
S33a1883,The Accents,S33a,,HEARTLAND ROCK,Acoustic - Classic Rock,G,,"Gentle and easy-going. lots of good, strummy vibes",2026-06-19
S33a1884,The Old Cabin,S33a,,HEARTLAND ROCK,Acoustic - Classic Rock,Am,,Calm and steady and solid. Acoustic guitar driven,2026-06-19
S33a1886,All The Claps,S33a,,FOLK,Acoustic - Americana,A,,,2026-06-19
S33a1894,Going To A Good Home,S33a,,FILM SCORE,,Bm,,,2026-06-19
S33a190,Big Jeans,S33a,,COUNTRY,Hick Hop,Gm,89,Some funky sounding guitar with a slow hip hop beat,2026-06-19
S33a1902,Pieces Are Here,S33a,,FILM SCORE,,Fsharpm,,,2026-06-19
S33a1910,Store Toy,S33a,,FILM SCORE,,Gsharpm,,,2026-06-19
S33a1913,Walking Box,S33a,,BLUES,Acoustic,E,,,2026-06-19
S33a192,Boom Boxes,S33a,,COUNTRY,Hick Hop,Gm,89,Country guitar over some interesting hip hop drum beats,2026-06-19
S33a193,Dirtier Road,S33a,,COUNTRY,Hick Hop,Am,118,Hip hop and electric guitar for that country jam,2026-06-19
S33a194,Acting Cool,S33a,,ALTERNATIVE ROCK,Grunge,Em,112,Upbeat and edgy post-grunge,2026-06-19
S33a195,All Fits Perfect,S33a,,ALTERNATIVE ROCK,Post-Grunge,Bm,89,Hard and edgy alternative rock,2026-06-19
S33a196,All Out,S33a,,CLASSIC ROCK,Hard Rock - Metal,Bm,92,All Out... serious and edgy hard rock,2026-06-19
S33a197,Away From Home 2,S33a,,SYNTHPOP,,Csharpm,123,"Classic sounding house music, drink plenty of water if you're going out to the club",2026-06-19
S33a198,Big Decision,S33a,,ALTERNATIVE ROCK,Post-Punk Revival,Em,162,Edgy and gritty garage rock,2026-06-19
S33a199,Calmer Weather,S33a,,CLASSIC ROCK,Blues Rock,Am,103,"Fun, edgy and confident classic hard rock",2026-06-19
S33a200,Fancy Clothes,S33a,,TRANCE,Classic Trance,Fm,123,Classic trance beats to keep you up all night,2026-06-19
S33a201,Far Lands,S33a,,HOUSE,Dance,Fsharpm,123,"90's house pop at its finest, let the mesmerizing beats take you away",2026-06-19
S33a202,Football,S33a,,HOUSE,Synthpop,Asharpm,123,Anthem like beats to get you pumped up in the club,2026-06-19
S33a204,Phone Numbers,S33a,,HOUSE,Synthpop,Gsharpm,123,Has that 90's techno feel with the persistent thumping bass,2026-06-19
S33a205,Short Talk,S33a,,TRANCE,Classic Trance,Fsharpm,123,Classic electro beats for the night of your life,2026-06-19
S33a209,Winners,S33a,,HOUSE,Electro House,Am,123,Electronic beats to help the party last all night,2026-06-19
S33a210,Activities,S33a,,FILM SCORE,,Dm,185,Unsettling and very creepy.,2026-06-19
S33a211,Alerts,S33a,,FILM SCORE,,Dm,144,RUN!,2026-06-19
S33a212,Big Box,S33a,,COMEDY,Circus,C,118,Creepy carnival music,2026-06-19
S33a213,Broken Puppets,S33a,,FILM SCORE,,Am,118,A mysterious and slightly quirky soundtrack.,2026-06-19
S33a214,Caution 2,S33a,,FILM SCORE,,Dm,129,Don't listen to this at night.,2026-06-19
S33a215,Circles 2,S33a,,COMEDY,Circus,C,118,"Welcome to the circus... Can't sleep, clown'll eat me....",2026-06-19
S33a216,Committee,S33a,,FILM SCORE,,Em,235,"Suspenseful, mysterious and very eerie.",2026-06-19
S33a217,Dew Point,S33a,,FILM SCORE,,Fm,99,"Intense and creepy sound design, with otherworldly voices.",2026-06-19
S33a218,Fiction,S33a,,FILM SCORE,,Cm,123,Very creepy and unsettling carnival music.,2026-06-19
S33a2183,Time Equals Money,S33a,,HIP HOP/RAP,West Coast,Bbm,,West-Coast synthesizers with an eerie sense of nostalgic hip-hop.,2026-06-19
S33a219,Gasp,S33a,,FILM SCORE,,Am,96,Intense and dramatic sound design.,2026-06-19
S33a220,Hazards,S33a,,FILM SCORE,,Fm,199,Creepy and ominous.,2026-06-19
S33a221,Hooked,S33a,,FILM SCORE,,Em,118,Like going to the carnival from hell,2026-06-19
S33a222,Memories 2,S33a,,FILM SCORE,,C,123,Like going to a circus in the clouds,2026-06-19
S33a223,Motion 2,S33a,,FILM SCORE,,Dm,185,"Suspenseful and otherworldly, with unsettling sound design that will have you on the edge of your seat.",2026-06-19
S33a224,Reports,S33a,,FILM SCORE,,Csharpm,76,"You know you shouldn't be scared, but let's face it... you are, aren't you?",2026-06-19
S33a225,Radar,S33a,,FILM SCORE,,Cm,144,"Suspenseful, tense and unsettling electronic sound design from another world.",2026-06-19
S33a226,Small Town,S33a,,FILM SCORE,,Am,118,Creepy carnival music that will leave you feeling really unsettled.,2026-06-19
S33a227,Source,S33a,,FILM SCORE,,Am,123,"If you went to a haunted carnival, this is the track that would be playing.",2026-06-19
S33a228,Admission,S33a,,FILM SCORE,,Bm,99,A funky and upbeat soundtrack with some rock elements.,2026-06-19
S33a229,Cards,S33a,,POP,Dance,Gsharpm,123,String and electronic based dance pop,2026-06-19
S33a230,Employee,S33a,,COUNTRY,Hick Hop,Em,99,A quirky combination of edgy country rock with a hip hop beat.,2026-06-19
S33a231,Jungle 2,S33a,,TRANCE,Classic Trance,Cm,123,Time to stay up all night at the dance club,2026-06-19
S33a232,Leaves,S33a,,SOUL,,E,68,Synth strings over some light drums and guitar licks,2026-06-19
S33a233,Privilege,S33a,,ALTERNATIVE ROCK,Stoner_Desert Rock,Am,112,Edgy... Yet trippy... Indie rock,2026-06-19
S33a234,Sheriff,S33a,,ALTERNATIVE ROCK,Industrial,Gm,99,Edgy and rockin' alternative metal,2026-06-19
S33a235,Slower,S33a,,80's Rock and Pop,Pop,E,63,Slow and sentimental 80's pop song,2026-06-19
S33a236,Testimony,S33a,,COUNTRY,Hick Hop,Am,162,"Edgy, rockin' vibes with a groovy drum beat.",2026-06-19
S33a237,Time 2,S33a,,TECHNO,Classic Techno,Em,123,Classic sounding techno beats for the long night at the club,2026-06-19
S33a238,Bridge,S33a,,WORLD-ETHNIC,French,Cm,123,Accordion with acoustic guitar in the background,2026-06-19
S33a239,Ice Cream,S33a,,WORLD-ETHNIC,French,C,144,"Positive, hopeful accordion with acoustic guitar in the background",2026-06-19
S33a240,Rooms,S33a,,WORLD-ETHNIC,French,Bm,185,Sad accordion with acoustic guitar in the background,2026-06-19
S33a241,Amp,S33a,,ALTERNATIVE ROCK,Grunge,Bm,123,"Turn your hat backwards, wrap a flannel around your waist and get angry!",2026-06-19
S33a242,Cake,S33a,,FOLK,Americana,C,63,Twangy acoustic guitars with some help from the slide guitar,2026-06-19
S33a243,Choice,S33a,,CLASSIC ROCK,Blues Rock,Am,118,Bitter and edgy classic blues rock,2026-06-19
S33a244,Ages,S33a,,COUNTRY,Classic Country,G,118,"Fun and upbeat country music featuring the banjo, guitars and bass, with the addition of some violin in the second half.",2026-06-19
S33a245,Birdie,S33a,,COUNTRY,Classic Country,E,55,Wake up and take in the beautiful sunshine with this upbeat and positive track.,2026-06-19
S33a246,Brick,S33a,,ALTERNATIVE ROCK,Solo Guitar,A,144,Lone guitar with some echo,2026-06-19
S33a247,Cabin,S33a,,COUNTRY,Classic Country,C,129,"Mandolin, banjo and acoustic all came to play in this twangy track",2026-06-19
S33a2479,Look And Dance,S33a,,80's Rock and Pop,Funk Rock,Gm,,Stanky slap bass evokes a nostalgic sense of movin' and groovin' in Grandpa's heyday.,2026-06-19
S33a248,Clouds,S33a,,80's Rock and Pop,Solo Guitar,B,129,Some lone guitars playing some atmospheric music where you too would get lost,2026-06-19
S33a249,Clue,S33a,,FILM SCORE,Western,Em,89,Mysterious dramatic tension track with western wibes.,2026-06-19
S33a250,Dates,S33a,,CLASSIC ROCK,Solo Acoustic Guitar,G,172,Serious and defiant classic rock guitar solo,2026-06-19
S33a251,Dew,S33a,,COMEDY,Americana,E,152,Cheeky and fun.,2026-06-19
S33a252,Distance,S33a,,CLASSIC ROCK,Solo Guitar,Dm,112,Reflective and introspective classic rock guitar solo,2026-06-19
S33a2523,Late Night Deep Dive,S33a,,POP,Dance,Em,,Underwater night club with swanky synths & bubbly beats.,2026-06-19
S33a253,Doors,S33a,,CLASSIC ROCK,Solo Guitar,E,172,Ambient and peaceful classic rock guitar solo,2026-06-19
S33a254,Duet,S33a,,ALTERNATIVE ROCK,Solo Guitar,Csharpm,123,Lone guitar with what sounds like some flanger,2026-06-19
S33a255,Edge,S33a,,ALTERNATIVE ROCK,Solo Guitar,Gm,89,Two guitars coming together to hopefully find some law and/or order,2026-06-19
S33a256,Exits,S33a,,CLASSIC ROCK,Solo Guitar,Dsharpm,99,Serious and dark classic rock guitar solo,2026-06-19
S33a257,Fields,S33a,,80's Rock and Pop,Solo Guitar,D,199,"You too would enjoy this lone, effects driven guitar",2026-06-19
S33a258,Fight 2,S33a,,ALTERNATIVE ROCK,Post-Punk Revival,Dm,129,"Drums making sure everyone knows its there, bass and guitar pluck along",2026-06-19
S33a259,Freeway 2,S33a,,ALTERNATIVE ROCK,Post-Grunge,Fm,92,"Reminiscent of the 90's, the bass and drums set the pace for this post-grunge track",2026-06-19
S33a260,Glass,S33a,,80's Rock and Pop,Post-Punk,Asharpm,96,Bass and drums thump their way though while the guitar twangs about,2026-06-19
S33a261,Great River,S33a,,CLASSIC ROCK,Solo Guitar,Dsharpm,99,Dark and reflective classic rock guitar solo,2026-06-19
S33a262,Group,S33a,,ALTERNATIVE ROCK,Grunge,Dsharpm,136,"Some serious drop tuned action, you can almost imagine being in a concert in one of those slow, pushing, wavy mosh pits",2026-06-19
S33a263,Hell Canyon,S33a,,ALTERNATIVE ROCK,Solo Guitar,Am,108,Lone guitar getting good use out of the echo,2026-06-19
S33a264,Homes,S33a,,ALTERNATIVE ROCK,Solo Guitar,D,65,Sad sounding guitar with echo,2026-06-19
S33a265,Interstate,S33a,,80's Rock and Pop,Solo Guitar,Am,123,Lone guitar strumming away with echo like effects,2026-06-19
S33a266,Interview,S33a,,80's Rock and Pop,Pop Rock,E,92,You can almost imagine the 80's montage of either a sports scene or a home cleanup,2026-06-19
S33a267,Investment,S33a,,80's Rock and Pop,Post-Punk,Am,136,"Snappy, energetic and catchy.  The bass has a nice satisfying tone while it chugs along with the drums",2026-06-19
S33a268,Jets,S33a,,80's Rock and Pop,Pop Rock,G,136,"Guitar strumming for half a measure at a time then switching it up with some more up beat twanging, bass filling in the gaps",2026-06-19
S33a269,Mission,S33a,,POP,Electropop,Gm,118,Electropop with a strong beat and some percolating electronica,2026-06-19
S33a2693,Hard To Say,S33a,,FILM SCORE,,Am,,Hybrid film score with organic pianos and synthetic tension.,2026-06-19
S33a270,Neon,S33a,,ALTERNATIVE ROCK,Solo Guitar,A,215,Lone guitar with chilling effects,2026-06-19
S33a2706,Very Tense,S33a,,FILM SCORE,,Dm,,Synthesized plucks and cinematic action hits move this film score.,2026-06-19
S33a271,Pacific Highway,S33a,,80's Rock and Pop,Solo Guitar,Ebm,108,Lone guitar with effect twanging along,2026-06-19
S33a272,Passenger,S33a,,80's Rock and Pop,Solo Guitar,Csharpm,86,Lone guitar with effects that you too could get behind,2026-06-19
S33a273,Pathway,S33a,,COUNTRY,Classic Country,E,112,"Upbeat, twangy track with various strings lending a hand",2026-06-19
S33a274,Push,S33a,,ALTERNATIVE ROCK,Post-Punk Revival,Gsharpm,129,Drums thump along while the bass and guitar strum on,2026-06-19
S33a275,Rebound,S33a,,CLASSIC ROCK,Garage Rock,Dm,136,"Edgy, confident and upbeat garage rock",2026-06-19
S33a276,Reminder,S33a,,ALTERNATIVE ROCK,Post-Grunge,Gsharpm,83,"Bass and guitar following each other for most part, then wah-ed out solo towards the end",2026-06-19
S33a277,Reshoot,S33a,,60's Rock and Pop,Pop,G,123,Aggressive acoustic strumming over this simple yet effective track,2026-06-19
S33a278,Review,S33a,,60's Rock and Pop,British Invasion,E,118,No drums needed for this high energy for this British Invasion styled track,2026-06-19
S33a279,Ridge,S33a,,COMEDY,Americana,E,152,Fun and cheeky.,2026-06-19
S33a282,State Route,S33a,,80's Rock and Pop,Solo Guitar,G,129,"Lone guitar with effects, rather melancholic",2026-06-19
S33a283,Statement,S33a,,CLASSIC ROCK,Solo Guitar,Dm,199,Edgy blues rock guitar solo,2026-06-19
S33a284,Stock,S33a,,CLASSIC ROCK,Acoustic - Garage Rock,E,108,"Fun, upbeat acoustic classic rock guitar solo",2026-06-19
S33a285,Street,S33a,,CLASSIC ROCK,Acoustic - Blues Rock,G,83,"Edgy, bluesy, acoustic classic rock guitar solo",2026-06-19
S33a286,Teaser,S33a,,COUNTRY,Classic Country,D,136,"Banjo, acoustic and mandolin with a little assistance from the fiddle",2026-06-19
S33a287,Time Zone,S33a,,80's Rock and Pop,Solo Guitar,Dsharpm,144,Lone guitar with some effects,2026-06-19
S33a288,Tracks,S33a,,COUNTRY,Acoustic - Country Rock,E,152,Two acoustics twanging away,2026-06-19
S33a289,Trail Ridge,S33a,,ALTERNATIVE ROCK,Solo Guitar,Em,136,Solo guitar with effects,2026-06-19
S33a290,Trailer,S33a,,60's Rock and Pop,Pop,A,136,Acoustic twanging with a nice upbeat feel to it,2026-06-19
S33a291,Trucks,S33a,,CLASSIC ROCK,Solo Guitar,Ebm,152,Intense and edgy classic rock guitar solo,2026-06-19
S33a292,Turns,S33a,,80's Rock and Pop,Solo Guitar,E,215,You too would enjoy this lone guitar with effects,2026-06-19
S33a293,Tweets,S33a,,COUNTRY,Americana,Am,152,"Bass with slight effect kicking off the track, then everything else jumps right in like a bat out of hell",2026-06-19
S33a294,View,S33a,,80's Rock and Pop,Solo Guitar,B,129,Two guitars with effects coming together to deliver an ambient message,2026-06-19
S33a2948,Timelines,S33a,,POP,Funk,Dsharpm,,Hooky guitar line with lots of urgent pulses.,2026-06-19
S33a295,Visits,S33a,,HEARTLAND ROCK,Acoustic - Classic Rock,D,129,Some acoustic action over some bongo work,2026-06-19
S33a296,Weeks,S33a,,CLASSIC ROCK,Solo Guitar,D,185,"Two depressing guitars, one sliding and the other supplying the rhythm",2026-06-19
S33a297,Wheels 2,S33a,,CLASSIC ROCK,Solo Guitar,Ebm,136,Edgy and serious classic rock guitar solo,2026-06-19
S33a298,Wilde Road,S33a,,CLASSIC ROCK,Solo Guitar,E,108,Sad and depressing classic rock guitar solo,2026-06-19
S33a299,Wind,S33a,,80's Rock and Pop,Solo Guitar,E,215,Two guitars with effects giving you the melancholic news,2026-06-19
S33a300,Window,S33a,,POP,Dance,Csharpm,108,Electropop with some effects driven guitar,2026-06-19
S33a301,Wine,S33a,,COUNTRY,Classic Country,C,112,"Upbeat track with some mandolin, acoustic, banjo and a little fiddle",2026-06-19
S33a302,Wizards,S33a,,80's Rock and Pop,Post-Punk,Bm,99,Drums and bass lead off for the acoustic sounding guitar to come twanging in,2026-06-19
S33a303,Band,S33a,,HEARTLAND ROCK,Acoustic - Classic Rock,G,74,"Slide guitar over some bass and organ, then taking a break for a light solo",2026-06-19
S33a304,Coaches,S33a,,80's Rock and Pop,Post-Punk,Csharpm,129,"Upbeat, catchy song.  Some slide guitar offering some simple atmosphere to the mix",2026-06-19
S33a305,Edition,S33a,,HEARTLAND ROCK,Americana,E,103,Some slide guitar over some twangy clean guitar and bouncy bass,2026-06-19
S33a306,Friends,S33a,,HEARTLAND ROCK,Classic Rock,G,112,Some slide guitar over organ and clean rhythm guitar,2026-06-19
S33a307,Playlist,S33a,,HEARTLAND ROCK,Classic Rock,E,99,Gettin' that slide guitar over some organ and clean rhythm guitar,2026-06-19
S33a308,All Night,S33a,,CLASSIC ROCK,Blues Rock,A,123,Driving bass and organ with lead guitar licking over top,2026-06-19
S33a309,Coming Home 2,S33a,,CLASSIC ROCK,Blues Rock,A,83,Classic blues formula built into a rockin' tune,2026-06-19
S33a310,Jump In 2,S33a,,COUNTRY,Country Blues,C,123,Fun rockin' blues riffs that make you wanna dance around,2026-06-19
S33a311,The Passenger,S33a,,80's Rock and Pop,Pop Rock,A,118,Strong drums and bass help pull this track to its destination,2026-06-19
S33a312,Place To Go,S33a,,COUNTRY,Country Blues,A,129,Cheery blues riff with organ to tie it all together,2026-06-19
S33a313,Silver Earring,S33a,,80's Rock and Pop,Pop Rock,Fsharp,103,"Great for driving around with your friends, or just the casual 80's montage",2026-06-19
S33a314,Bitter Wine,S33a,,CLASSIC ROCK,Blues Rock,C,152,Slow down and feel the blues,2026-06-19
S33a315,Blazer,S33a,,POP,Dance,Em,78,"Piano and drum based, upbeat pop",2026-06-19
S33a316,Clearview,S33a,,80's Rock and Pop,Post-Punk,Gm,70,High energy guitar with a defiant feel to it,2026-06-19
S33a317,Feeling Free,S33a,,80's Rock and Pop,Post-Punk,C,129,High distortion power chords that scream rebellion,2026-06-19
S33a318,Flip,S33a,,JAZZ,Mainstream Jazz,D,123,Positive and friendly jazz.,2026-06-19
S33a319,Four Wheels,S33a,,FILM SCORE,,Bb,129,"Cheeky and fun, this track will get you in the mood to go on a fun adventure.",2026-06-19
S33a320,Full Fork,S33a,,ALTERNATIVE ROCK,Post-Grunge,Em,136,Distorted power chords chomp out a grungy sounding tune,2026-06-19
S33a321,In Deep,S33a,,80's Rock and Pop,Post-Punk,Am,123,High energy power chords that oozes confidence,2026-06-19
S33a322,Queens Avenue,S33a,,ALTERNATIVE ROCK,Post-Grunge,G,129,"Bass leading things off, then the guitar follows along",2026-06-19
S33a323,Release,S33a,,HEARTLAND ROCK,Classic Rock,E,123,"A little bit of slide guitar, some catchy rhythm and a little bit of organ for accent",2026-06-19
S33a324,Small Case,S33a,,80's Rock and Pop,Hair Band - Metal,Am,108,A rock track that features that classic hair metal sound,2026-06-19
S33a325,Sneaker,S33a,,FILM SCORE,,Fm,118,Mysterious pizzicato strings and suspenseful sounding percussion.,2026-06-19
S33a326,Sweepstakes,S33a,,FILM SCORE,,Gsharpm,129,"Mysterious, slightly edgy and a tad unsettling.",2026-06-19
S33a327,Two Cups,S33a,,FILM SCORE,,E,162,"Fun, adventurous and cool.",2026-06-19
S33a328,Until Late,S33a,,80's Rock and Pop,Hair Band - Metal,Gm,136,A track that just screams hair metal with its aggressive heavy guitar,2026-06-19
S33a329,Walker,S33a,,JAZZ,Mainstream Jazz,C,136,"Relaxed and laid back jazz with a friendly, hopeful mood.",2026-06-19
S33a330,Coast Houses,S33a,,POP,Electropop,Cm,118,"Electropop through and through, some synth strings even show up to the party",2026-06-19
S33a331,Designers,S33a,,HIP HOP/RAP,Modern Hip Hop,Am,162,A hip hop track with some assistance from the piano and a little bit of orchestral hit,2026-06-19
S33a332,Slow Hands,S33a,,FILM SCORE,,Fsharpm,86,Electric beats mixed with orchestral hits,2026-06-19
S33a333,Autumn 2,S33a,,POP,Synthpop,C,118,"Synthy, dancy goodness",2026-06-19
S33a334,Empty Seats,S33a,,HIP HOP/RAP,Modern Hip Hop,Gm,172,Piano backing this hip hop track with a little help from strings,2026-06-19
S33a335,Bank Account,S33a,,HIP HOP/RAP,Modern Hip Hop,Cm,118,"Chill sounding hip hop track with some ""blip"" sounding notes",2026-06-19
S33a336,Coast Winds,S33a,,HIP HOP/RAP,Modern Hip Hop,Gm,136,Some serious sounding electronic beats in this hip hop track,2026-06-19
S33a337,Loop Holes,S33a,,HIP HOP/RAP,Modern Hip Hop,Am,129,Electric beats on the slower side for a chill track,2026-06-19
S33a338,Alive,S33a,,CLASSIC ROCK,Hard Rock - Metal,Em,108,Distorted bass keeping the band in check in this upbeat rock track,2026-06-19
S33a339,Barefeet,S33a,,JAZZ,Smooth,Dm,162,Smooth sounding jazz with a little help from the clapping section,2026-06-19
S33a340,Big Signs,S33a,,CLASSIC ROCK,Southern Rock,Fsharp,136,Acoustic rhythm with slide and a hip hop beat,2026-06-19
S33a341,Blue Fever,S33a,,CLASSIC ROCK,Garage Rock,Em,123,Some classic sounding rock with the bass kicking things off in this catchy and kinda funky track,2026-06-19
S33a342,Brick Blocks,S33a,,SOUL,,Gm,83,"Smooth, sexy and oh so chill...",2026-06-19
S33a343,Bricks 2,S33a,,ALTERNATIVE ROCK,Garage Rock,B,172,"Confident, positive and rockin vibes!",2026-06-19
S33a344,Builders,S33a,,80's Rock and Pop,New Wave - Rock,D,118,Get ready to feel really positive and confident about what lies ahead.,2026-06-19
S33a345,Buildings,S33a,,FILM SCORE,,Gsharpm,129,Mysterious and intriguing electronic score with a dark undertone.,2026-06-19
S33a346,Car Stereo,S33a,,SOUL,,C,123,"Chilled, relaxed vibes with a mellow groove.",2026-06-19
S33a347,Close Up,S33a,,ALTERNATIVE ROCK,Garage Rock,Am,81,Cool alternative rock vibes with a positive mood.,2026-06-19
S33a348,Double Line,S33a,,CLASSIC ROCK,Hard Rock - Metal,Bm,103,Defiant with a capital D!,2026-06-19
S33a349,Found It 2,S33a,,COMEDY,Orchestral,A,152,Quirky pizzicato strings and a mysterious sounding xylophone create both comedy and suspense.,2026-06-19
S33a350,Future,S33a,,CLASSIC ROCK,Blues Rock,E,123,"Cool,rockin' vibes with an energetic mood.",2026-06-19
S33a351,Gangs,S33a,,CLASSIC ROCK,Garage Rock,A,152,Forget your troubles and get into a happy and confident mood.,2026-06-19
S33a352,Going Down,S33a,,CLASSIC ROCK,Garage Rock,A,129,"Positive classic rock with confident, laid back vibes.",2026-06-19
S33a353,In Time,S33a,,ALTERNATIVE ROCK,Garage Rock,Em,129,"Fun, rockin vibes with cool electric guitars and energetic drums.",2026-06-19
S33a354,Joe,S33a,,HEARTLAND ROCK,Acoustic - Classic Rock,F,118,Upbeat and positive Rock vibes with a confident mood.,2026-06-19
S33a355,Landing Hard,S33a,,80's Rock and Pop,Post-Punk,Am,118,Driving rock with confidence and energy.,2026-06-19
S33a356,Long Road 2,S33a,,COUNTRY,Acoustic - Country Rock,G,136,Acoustic Country Rock track with a sense of melancholy and nostalgia.,2026-06-19
S33a357,Look Out,S33a,,FILM SCORE,,Fm,123,Mysterious and suspenseful tension track with Asian influences.,2026-06-19
S33a358,Loose Shoes,S33a,,JAZZ,Cool Jazz,G,92,"Head bobbing, groovy jazz vibes.",2026-06-19
S33a359,Moving On,S33a,,80's Rock and Pop,Hair Band - Metal,Em,103,Let your hair down and shake it to the beat!,2026-06-19
S33a3598,No Turns Yet,S33a,,POP,Synthpop,Gm,,Vibey hip-hop anthem with synthpop goodness.,2026-06-19
S33a360,One More,S33a,,80's Rock and Pop,Hair Band - Metal,Gm,144,Edgy Rock with grimy electric guitars and defiant drums.,2026-06-19
S33a361,Starters,S33a,,CLASSIC ROCK,Blues Rock,A,118,Upbeat Classic Rock with a side of positivity.,2026-06-19
S33a362,Steering Up,S33a,,SOUL,,Am,76,Climb aboard the soul train and get your funk on!,2026-06-19
S33a363,Stopper,S33a,,CLASSIC ROCK,Garage Rock,Em,108,Grimy electric guitars and rockin drums with a defiant mood.,2026-06-19
S33a364,Their Prime,S33a,,FILM SCORE,,Gm,152,Edgy and cool rock vibes with a side of grit!,2026-06-19
S33a3647,Business As Always,S33a,,50's Rock and Pop,Rockabilly,E,96,Intense rockabilly jam from the inside of a nasty dive bar.,2026-06-19
S33a365,Toy Car,S33a,,CLASSIC ROCK,Soft Rock,A,118,"A positive and friendly soft rock track with carefree, laid back vibes.",2026-06-19
S33a366,Two Faces,S33a,,60's Rock and Pop,British Invasion,A,118,60's British Rock with a solo harmonica and groovy guitar.,2026-06-19
S33a367,Walk Here,S33a,,CLASSIC ROCK,Blues Rock,Gsharp,60,Positive rock vibes all around!,2026-06-19
S33a368,West Palm,S33a,,CLASSIC ROCK,Hard Rock - Metal,Am,60,"Grungey, grimy Hard Rock.",2026-06-19
S33a369,Wet Roads,S33a,,SOUL,,A,162,"Fun, friendly and groovy jazz!",2026-06-19
S33a370,Antique,S33a,,HEARTLAND ROCK,Classic Rock,D,108,Positive and upbeat classic Rock.,2026-06-19
S33a371,Buttons,S33a,,CLASSIC ROCK,Hard Rock - Metal,E,108,Edgy and grimey!,2026-06-19
S33a372,Lights,S33a,,CLASSIC ROCK,Garage Rock,Am,123,Wanna Rock out?,2026-06-19
S33a373,Old Pictures,S33a,,FILM SCORE,,Dm,118,A mysterious and suspenseful soundtrack with a combination of orchestral and electronic elements.,2026-06-19
S33a374,Piles,S33a,,CLASSIC ROCK,Garage Rock,Em,129,Positive classic rock vibes that will make you feel like you can conquer the world!,2026-06-19
S33a375,Relics,S33a,,CLASSIC ROCK,Blues Rock,E,86,Fun and upbeat blues with cool electric guitars and rockin drums.,2026-06-19
S33a376,Stories,S33a,,CLASSIC ROCK,Garage Rock,Em,144,Catchy riffs with the bass following the guitar for the most part,2026-06-19
S33a377,Things,S33a,,CLASSIC ROCK,Hard Rock - Metal,Em,123,"Classic sounding rock track with some catchy, heavy riffs",2026-06-19
S33a378,Baby Elephant,S33a,,COMEDY,Carnival,Dsharp,108,Happy carnival music with a cute vibe.,2026-06-19
S33a379,Presentation,S33a,,COMEDY,Carnival,Asharpm,162,A dark and mysterious carnival where things have gone seriously wrong.,2026-06-19
S33a380,Street 2,S33a,,COMEDY,Carnival,F,172,"Friendly, inviting carnival music that will take you back to childhood.",2026-06-19
S33a381,Strike Up,S33a,,COMEDY,Carnival,A,103,"Carnival music with a confident, triumphant vibe.",2026-06-19
S33a382,Strong Men,S33a,,COMEDY,Carnival,Gsharp,144,"Happy and friendly carnival music with a comical, slapstick vibe.",2026-06-19
S33a383,Memory Toys,S33a,,FILM SCORE,,Dsharpm,112,"An ominous, atmospheric-like track with a unique sounding vibe throughout",2026-06-19
S33a384,New Adventures,S33a,,FILM SCORE,,C,172,An uplifting orchestral track which uses intense strings and vocals to get its glorious point across,2026-06-19
S33a385,Old Pictures 2,S33a,,FILM SCORE,,Dm,136,Piano with some orchestral hits leading things off with the strings soon to follow,2026-06-19
S33a386,Round Tables,S33a,,FILM SCORE,,Cm,83,Quirky orchestral hits plucking away in a tune that would fit well in a light tension scene,2026-06-19
S33a387,Walking Distance,S33a,,FILM SCORE,,Cm,144,A little bit of tension and comic mischief in this orchestra piece,2026-06-19
S33a388,Chaser,S33a,,CLASSIC ROCK,Garage Rock,Fm,68,Confident Garage Rock to get you out of a funk and into a good mood.,2026-06-19
S33a389,Careful 3,S33a,,80's Rock and Pop,Post-Punk,G,112,"Edgy, rockin vibes with a sense of urgency and defiance.",2026-06-19
S33a390,Fallen,S33a,,80's Rock and Pop,Punk,A,144,Fun and confident rockin vibes that will make you wanna be a teenager again.,2026-06-19
S33a391,Guns,S33a,,80's Rock and Pop,Punk,C,162,"Go on, let your hair down and have some fun... you know you want to!",2026-06-19
S33a392,New Noise,S33a,,ALTERNATIVE ROCK,Pop Punk,E,144,"Jump up and down, get drunk, and have some fun!",2026-06-19
S33a393,Protest,S33a,,ALTERNATIVE ROCK,Post-Grunge,Fsharp,99,Turn it up as loud as you can and shake your head to the beat whilst playing air guitar.,2026-06-19
S33a394,Trash 2,S33a,,ALTERNATIVE ROCK,Post-Grunge,Em,99,"Think of a bunch of defiant college students at a party, getting drunk and trashing the place.",2026-06-19
S33a395,Bloom,S33a,,FILM SCORE,,Em,96,Mysterious and dark orchestral tension with a slightly creepy vibe.,2026-06-19
S33a396,Busier Day,S33a,,FILM SCORE,,Gsharpm,136,"Tense and mysterious, with a dark undertone.",2026-06-19
S33a3963,No Turns 2,S33a,,CLASSIC ROCK,Blues Rock,Am,,"Shufflin', hustlin' blues rock.",2026-06-19
S33a397,Cups,S33a,,FILM SCORE,,D,108,"Dark and kinda eerie, with some unsettling sound design.",2026-06-19
S33a398,Fun Logo,S33a,,FILM SCORE,,D,108,A happy and positive track with pizzicato strings and percussion.,2026-06-19
S33a399,Ready,S33a,,COMEDY,Orchestral,Asharp,112,"Really fun and positive vibes, with a sense of adventure.",2026-06-19
S33a400,Simple Plan,S33a,,RELIGIOUS,Organ Hymn,C,129,This track features a large choir and triumphant strings with lots of swells to provoke an awe inspiring feeling similar to that of a religious hymn.,2026-06-19
S33a401,Slicker,S33a,,FILM SCORE,,Cm,118,"Mysterious, tense and kinda dark with some elements of humour scattered throughout.",2026-06-19
S33a402,Cheeky Plum,S33a,,FILM SCORE,,Cm,129,A mysterious and suspenseful orchestral soundtrack with a curious harp melody.,2026-06-19
S33a403,Club Chairs,S33a,,FILM SCORE,,Dm,118,Mysterious pizzicato strings with a quirky dark vibe.,2026-06-19
S33a404,Easy Now,S33a,,FILM SCORE,,Dm,103,"Dark, suspenseful and mysterious, with a combination of orchestral and electronic elements.",2026-06-19
S33a405,Toys,S33a,,FILM SCORE,,Cm,108,Mysterious and suspenseful orchestral tension with an urgent feel and an element of comedy.,2026-06-19
S33a406,Trip,S33a,,FILM SCORE,,Dm,129,Urgent and mysterious orchestral tension track with a dark undertone.,2026-06-19
S33a407,Three Wheels,S33a,,FILM SCORE,,Fm,129,A zany and quirky orchestral track with a dark comedy vibe.,2026-06-19
S33a408,Bike Shop,S33a,,ALTERNATIVE ROCK,Pop Rock,Dm,123,"Upbeat, cool drums with rockin electric guitars and lots of grit.",2026-06-19
S33a409,Bottles,S33a,,FILM SCORE,,Am,103,Mysterious and suspenseful soundtrack with a combination of orchestral and electronic elements.,2026-06-19
S33a410,Danger,S33a,,FILM SCORE,,FSharpm,118,"When you are snooping around with a flashlight, trying to find clues, and you know that time is running out.",2026-06-19
S33a411,Deputation,S33a,,FILM SCORE,,Am,136,A suspenseful and mysterious soundtrack with a dark vibe that will have you biting your nails and hoping that they make it out in time.,2026-06-19
S33a412,Five Dollars,S33a,,FILM SCORE,,F,96,A positive and uplifting orchestral soundtrack with an adventurous mood.,2026-06-19
S33a413,Fresh Air,S33a,,FILM SCORE,,D,83,"Positive, friendly acoustic vibes with pizzicato orchestral strings.",2026-06-19
S33a414,Funny Guys,S33a,,CLASSIC ROCK,Garage Rock,Am,136,Edgy and cool vibes with gritty guitars and rockin drums.,2026-06-19
S33a415,Metals,S33a,,FILM SCORE,,E,129,This track should come with a warning - May cause heart palpitations.,2026-06-19
S33a416,Pearls,S33a,,ALTERNATIVE ROCK,Post-Grunge,Am,99,Positive and confident rockin vibes!,2026-06-19
S33a417,Ports,S33a,,COMEDY,"Madcap, Silly",A,89,Get ready for some silliness!,2026-06-19
S33a418,Tables,S33a,,FILM SCORE,,D,123,A positive and friendly orchestral soundtrack with pizzicato strings.,2026-06-19
S33a419,Twists,S33a,,COMEDY,Dark Comedy,CSharp,112,A fun and zany orchestral soundtrack with a dark and slightly mysterious twist.,2026-06-19
S33a420,Walking,S33a,,FILM SCORE,,G,92,"Almost like a pirate themed carnival track. Kinda quirky, kinda comical",2026-06-19
S33a421,Wars,S33a,,FILM SCORE,,C,99,"Orchestral piece with a bit of a downer vibe to it, could work in an action/adventure movie",2026-06-19
S33a422,With A Beat,S33a,,COMEDY,"Madcap, Silly",C,96,Wacky and zany track which would fit well in a cartoon,2026-06-19
S33a423,Decisions,S33a,,FILM SCORE,,Csharpm,144,Tense and dramatic orchestral piece that would fit well in a scene with a lot of dark action,2026-06-19
S33a424,Drama Princess,S33a,,FILM SCORE,,Am,78,Orchestral piece that would fit well in a scene with problem solving or some light detective work,2026-06-19
S33a4247,To Do That,S33a,,POP,Electropop,Bm,129,Starts out mysterious and ethereal but the the big beat kicks in and you're off to the races.,2026-06-19
S33a425,Dreamatizer,S33a,,FILM SCORE,,Gm,144,Suspense and mystery tied into this orchestral piece,2026-06-19
S33a4257,Glowing Like A Midnight Starlight,S33a,,POP,Electropop,Dm,,"Driving and funky. Female Vocals with drastic vocoder effects ""Glowing Like A Midnight Starlight""",2026-06-19
S33a4258,I Was Taken Back,S33a,,POP,Synthpop,A,,Clean guitars over acoustic guitar and dance beat,2026-06-19
S33a4259,Just Like That Here,S33a,,POP,Rock,G,,"Straight ahead pop, driving rock.",2026-06-19
S33a426,Harlem Band,S33a,,SOUL,,E,,Slow and full of soul in this introspective track,2026-06-19
S33a4260,Lights Up Beat Drop,S33a,,HOUSE,Progressive House,Em,,GIANT synth melody over funky house beat,2026-06-19
S33a4261,My Smooth Points,S33a,,SOUL,,C,,Groovy and chill with electric piano and guitar over Hip Hop beats,2026-06-19
S33a4263,Who Is Ready To Dance,S33a,,POP,Electropop,Am,,"Big, Giant and banging with highly processed vocals ""Who's Ready To Dance""",2026-06-19
S33a4264,Got The Bite,S33a,,HOUSE,Electro House,Cm,,Driving club jam where the main riff changes every 8 bars.,2026-06-19
S33a4265,Over The Leeds,S33a,,HOUSE,Progressive House,Fsharpm,,Big and driving with thick synth pads and ethereal overtones.,2026-06-19
S33a4266,Pair Of Party Boots,S33a,,HOUSE,Deep House,Gsharpm,,"Big, Giant beat with understated instrumentation",2026-06-19
S33a4267,Play The Tune DJ,S33a,,POP,Electropop,F,,Straight ahead dance pop to keep the dance floor going,2026-06-19
S33a4269,Put My Glass Down,S33a,,HOUSE,Progressive House,Dsharpm,,Hands in the air BIG songs that settles into a serious groove.,2026-06-19
S33a427,Hot Robbery,S33a,,FILM SCORE,,Cm,,"Suspenseful, dramatic and mysterious, with a tense pulse that will have you on the edge of your seat.",2026-06-19
S33a4270,Ready To Jump On It,S33a,,80's Rock and Pop,Dance Pop,Bm,,Hands in the air celebration where everyone on the dance floor is bouncing,2026-06-19
S33a4271,Some Dude's Bar,S33a,,HOUSE,Progressive House,Cm,,"Fast and huge with ""WHOO"" Vocal stabs. Synth brass top line",2026-06-19
S33a4273,Bit Of A Disaster,S33a,,FILM SCORE,,Dsharpm,,weirdly dissonant string interplay over hip hop beats.,2026-06-19
S33a4274,Bit Traumatized,S33a,,FILM SCORE,,Fm,,Tense strings that add a hip hop Beat @ :20,2026-06-19
S33a4275,But Like Nowhere,S33a,,FILM SCORE,,Dm,,big staccato strings and high piano,2026-06-19
S33a4276,Clearly Through It,S33a,,FILM SCORE,,Cm,,Heavy strings and a rockin beat with sold bass hits.,2026-06-19
S33a4277,Dark And Scary Times,S33a,,FILM SCORE,,Dm,,"Big, dark strings with bass drums and timpani and low bells",2026-06-19
S33a4278,Awful Dark Intentions,S33a,,FILM SCORE,,Dsharpm,,Mysterious pulse with industrial over tones and creepy piano,2026-06-19
S33a4279,Getting Closer,S33a,,FILM SCORE,,Cm,,"Fast paced, string based tension/adventure",2026-06-19
S33a428,Connection,S33a,,HEARTLAND ROCK,Classic Rock,A,,Positive Rock vibes that will put you in a good mood.,2026-06-19
S33a4280,Good To Find Out,S33a,,FILM SCORE,,Em,,"Driving with short strings, synth and pop drums",2026-06-19
S33a4281,How Much Of That,S33a,,FILM SCORE,,Bm,,Busy and intense string melody with lots of motion.,2026-06-19
S33a4283,Broken Signals,S33a,,POP,Electropop,Bm,,Bumpin bass and drums with a big brassy synth melody,2026-06-19
S33a4284,Cute Dance Moves,S33a,,POP,Electropop,Cm,,Fun and sweaty up upbeats make it feel faster than it is.,2026-06-19
S33a4285,Dance Burn,S33a,,POP,Dance,Am,,Bounct with undulating synth topped with hi synth strings.,2026-06-19
S33a4286,Dance Spirits,S33a,,HOUSE,Deep House,Fm,,"Big, thick lead synth over a driving dance beat",2026-06-19
S33a4287,Dancing With Oddities,S33a,,HOUSE,Deep House,Em,,Quirky lead lines over filtered bass line,2026-06-19
S33a4288,Day Pass Dreams,S33a,,POP,Electropop,Am,,Intense and even a little tense in the rhythm,2026-06-19
S33a4289,Drunk Crazy,S33a,,POP,Electropop,E,,Banging big room clubber,2026-06-19
S33a429,Escaped,S33a,,FILM SCORE,,Gsharrpm,,"Tense and dramatic, with a dark undertone.",2026-06-19
S33a4290,Earth Shaker,S33a,,HOUSE,Progressive House,C,,Excellent use of filters on the rhythm track with bright and shiny accents,2026-06-19
S33a4291,Electric Velocity Night,S33a,,HOUSE,Progressive House,Cm,,Cool use of echo to create a rhythm track with a buzzy lead line on top,2026-06-19
S33a4293,Game's Not Over,S33a,,POP,Electropop,Gm,,Happy melodies over a garden variety dance beat with simple synth bass.,2026-06-19
S33a4294,Go My Friends,S33a,,80's Rock and Pop,New Wave - Synthpop,Bbm,,So 80's you can almost smell the Aqua Net.,2026-06-19
S33a4295,Have Few Drinks,S33a,,POP,Electropop,Gm,,Sweaty dance floor classic with huge vibe.,2026-06-19
S33a4296,How Much You Mean To Me,S33a,,POP,Electropop,Csharpm,,Bouncing dance track with drastically effected female vocals.,2026-06-19
S33a4297,I Came Here,S33a,,POP,Dance,Gm,,"Big room driver, even maybe a little ominous",2026-06-19
S33a4298,I Feel Them,S33a,,POP,Dance,Gm,,Old school synth melody over driving beats,2026-06-19
S33a4299,By The Time I'm Done,S33a,,FILM SCORE,,Am,,"oooh scary, but st the same time oh so tongue in cheek",2026-06-19
S33a430,Far End,S33a,,80's Rock and Pop,New Wave - Synthpop,F,,Introspective and melancholic but with a forward moving beat.,2026-06-19
S33a4300,Going With It Right Now,S33a,,FILM SCORE,,Fm,,Starts out with a busy orchstral figure that is joined by a big rock beat.,2026-06-19
S33a4301,I Just Trust Me,S33a,,FILM SCORE,,Cm,,Fun piano over super low synth bass,2026-06-19
S33a4303,Least Recognize It,S33a,,FILM SCORE,,Am,,Straight and deliberate beat with big string melody,2026-06-19
S33a4304,Lost Among The Questions,S33a,,FILM SCORE,,Csharpm,,Dark and brooding and ominous thick synth and high plucky stuff.,2026-06-19
S33a4305,Need To Be Real,S33a,,FILM SCORE,,D,,"Big synth stings, hip hop drums. Good motion",2026-06-19
S33a4306,Opposite Bar,S33a,,FILM SCORE,,Fsharpm,,Tension yes but also ridiculous,2026-06-19
S33a4307,People Who Know,S33a,,FILM SCORE,,Dsharpm,,A variety of Plucked things and hip hop drums,2026-06-19
S33a4308,Ten Times Sneak,S33a,,FILM SCORE,,Am,,Short strings and funky drums with a cello melody,2026-06-19
S33a4309,Us Not Them,S33a,,FILM SCORE,,Dm,,Tension with good momentum and movement a little bit of rock and roll guitar.,2026-06-19
S33a431,Funky Pants,S33a,,POP,Rock,F,,"Laid back alternative pop with some positive, friendly vibes.",2026-06-19
S33a4310,Chasing The Unseen Party,S33a,,80's Rock and Pop,New Wave - Rock,Dsharpm,,Driving 80's club music lots of synths and big drums.,2026-06-19
S33a4311,Dance Tonight All Night,S33a,,POP,Dance,Am,,Tight and chilly pop with funky guitars and synth bass,2026-06-19
S33a4313,Here I Go Now,S33a,,80's Rock and Pop,New Wave - Rock,Am,,"Driving synth brass based New Wave dance pop, with driving bass and clean guitar rhythms.",2026-06-19
S33a4314,Southern March,S33a,,POP,Rock,Am,,"Fun with big staccato orchestra hits being the main melody, with funky rock drums",2026-06-19
S33a4315,We Made It Here,S33a,,POP,Dance,D,,Quirky and sparse high synth interplays with percussion. Drop to bass only from :35 - :42,2026-06-19
S33a4316,We Made It Right,S33a,,POP,Dance,Asharp,,Slow and deliberate. Could be in a Baz Luhrmann film about teen kings and queens.,2026-06-19
S33a4317,Weird Relationship,S33a,,FILM SCORE,,Em,,Downtempo funky and odd. drops to bass and drums for :10 seconds at :30 and them resumes. Quirky synth bass leads the way.,2026-06-19
S33a4318,Welcome And Good,S33a,,HOUSE,Progressive House,Em,,High energy and driving with almost a gallop to it. Big room for sure.,2026-06-19
S33a4319,What About That,S33a,,POP,Dance,D,,Tight and punchy dance pop,2026-06-19
S33a432,Glass Cars,S33a,,FILM SCORE,,Am,,"Dramatic and suspenseful, with a combination of orchestral and electronic elements.",2026-06-19
S33a4320,What The F Is That,S33a,,FILM SCORE,,Dm,,like a strange dream. unidentifiable synths create a swirling and disorienting tension cue.,2026-06-19
S33a4321,What Is Your Story,S33a,,80's Rock and Pop,New Wave - Rock,Em,,Bouncy and fun and hooky dance music right out of 1984,2026-06-19
S33a4323,When You Know,S33a,,FILM SCORE,,Gm,,Big 808 bass drum with synth string hits and snare drum/claps with big reverb.,2026-06-19
S33a4324,Whoo Ha,S33a,,HOUSE,Progressive House,Gsharpm,,big and dangerous and driving house track. lots of low end driving it with a medium high synth melody.,2026-06-19
S33a4325,Wired Visions,S33a,,POP,Dance,B,,Tight and funky but somehow understated pop with clean guitar lead line.,2026-06-19
S33a4326,With Any Of It,S33a,,FILM SCORE,,Gm,,Sparse trap tension with dark string stabs.,2026-06-19
S33a4329,Breeze And Ride,S33a,,80's Rock and Pop,Hair Band - Metal,Dm,,Super fast and aggressive. 80's car chase for sure!,2026-06-19
S33a433,Green Papers,S33a,,POP,Synthpop,G,144,Fun synthpop with an anthemic feel.,2026-06-19
S33a4335,All Of The Games We Play,S33a,,80's Rock and Pop,New Wave - Synthpop,C,,Chilly and plucky and yummy with classic 80's synths.,2026-06-19
S33a4336,Along The Lonely Road,S33a,,POP,Electropop,Em,,Ethereal processed piano over galloping synth beats,2026-06-19
S33a4337,Beneath A Golden Sky,S33a,,POP,Electropop,Gsharp,,A little dark and serious club track with a drop @ :30,2026-06-19
S33a4338,Bigger Tournament,S33a,,80's Rock and Pop,New Wave - Synthpop,Cm,,Dark and clubby with a predominant synth bass,2026-06-19
S33a4339,Built To Strive,S33a,,POP,Dance,Fm,,Big room energy in a pounding dance pop extravaganza.,2026-06-19
S33a434,Happy Drive,S33a,,POP,Electropop,F,152,Dance all night and let go!,2026-06-19
S33a4340,Chase The Night,S33a,,POP,Dance,Bm,,"Big room, fun, energetic celebration",2026-06-19
S33a4344,Come On Let's Go,S33a,,HOUSE,Tech House,Cm,,In your face aggressive sounds in a driving dance assault.,2026-06-19
S33a4345,Dance Through The Day,S33a,,POP,Electropop,Fsharpm,,Dark and serious dance beats. The night just took a turn.,2026-06-19
S33a4346,Dancing Through It,S33a,,POP,Dance,Asharpm,,"Big Room, Hands In The Air Raver",2026-06-19
S33a4347,Drift Along The Waterway,S33a,,POP,Dance,C,,"Big, fun, whimsical, driving, carefree",2026-06-19
S33a4349,Faces Turning,S33a,,HOUSE,Progressive House,Csharpm,,Very fast and aggressive. Driving. positive but with a hint of tension. the good kind.,2026-06-19
S33a435,Instincts,S33a,,CLASSIC ROCK,Garage Rock,E,123,Big rock beat with simple power chords,2026-06-19
S33a4350,Fast Fades,S33a,,HOUSE,Progressive House,Fm,,Super fast and driving. At the corner of aggressive House and intense chase scene.,2026-06-19
S33a4351,Flames Will Not Fade,S33a,,POP,Electropop,Em,,Buzzy and fun and melodic. Punchy and driving.,2026-06-19
S33a436,Intro,S33a,,POP,Synthpop,B,81,"Feel good Pop, with a sense of being able to achieve whatever you want in life.",2026-06-19
S33a437,Mess,S33a,,FILM SCORE,,Fsharpm,118,You're gonna wanna hold on to your seat!,2026-06-19
S33a438,Nurses,S33a,,ALTERNATIVE ROCK,Garage Rock,Em,103,"Edgy, Driving and Hard Alternative Rock Track",2026-06-19
S33a439,Old Boxes,S33a,,FILM SCORE,,Gsharpm,103,Orchestral Light Tension,2026-06-19
S33a440,Rocky Rockers,S33a,,CLASSIC ROCK,Garage Rock,D,,Upbeat and Fun 80's Classic Rock,2026-06-19
S33a4403,Beat Drop Fever,S33a,,POP,Electropop,Em,,,2026-06-19
S33a4404,Counting What Ifs,S33a,,POP,Electropop,Dsharpm,,,2026-06-19
S33a4405,Dare To Dive Fast,S33a,,TECHNO,Classic Techno,Am,,,2026-06-19
S33a4406,Dreamy Shattered Sparkle,S33a,,POP,Electropop,C,,,2026-06-19
S33a4407,For Those Who Need This,S33a,,POP,Electropop,Fsharpm,,,2026-06-19
S33a4408,Always Grinding Through,S33a,,HOUSE,Progressive House,Gsharpm,,,2026-06-19
S33a4409,Hey Don't Be Late,S33a,,POP,Electropop,Dm,,,2026-06-19
S33a441,Soda,S33a,,CLASSIC ROCK,Garage Rock,D,,Edgy and Driving Garage Rock Track,2026-06-19
S33a4410,Hold On To Someday,S33a,,POP,Dance,C,,,2026-06-19
S33a4411,Honeymoon,S33a,,POP,Dance,C,,,2026-06-19
S33a4413,In Some Clubs,S33a,,POP,Dance,Em,,,2026-06-19
S33a4414,Infinite Spark,S33a,,POP,Dance,B,,,2026-06-19
S33a4415,Into The Ride,S33a,,POP,Electropop,C,,,2026-06-19
S33a4416,It Came Up Like That,S33a,,HOUSE,Progressive House,Dm,,,2026-06-19
S33a4417,Last Call Bar,S33a,,POP,Dance,Am,,,2026-06-19
S33a4418,Last Schooling,S33a,,POP,Dance,Fm,,,2026-06-19
S33a4419,Let Your Voice Ring,S33a,,HOUSE,Progressive House,Cm,,,2026-06-19
S33a442,Tall Windows,S33a,,FILM SCORE,,Csharpm,,Dramatic and Serious Adventure Track,2026-06-19
S33a4420,Lightning Stride,S33a,,POP,Dance,Gsharpm,,,2026-06-19
S33a4421,Lights At Midnight,S33a,,80's Rock and Pop,New Wave - Synthpop,Cm,,,2026-06-19
S33a4423,Looking Back This Time Around,S33a,,POP,Dance,Cm,,,2026-06-19
S33a4424,Lost In The Buzz,S33a,,HOUSE,Progressive House,Asharpm,,,2026-06-19
S33a4425,Lost In Why,S33a,,POP,Electropop,C,,,2026-06-19
S33a4426,Make Me Dance,S33a,,POP,Electropop,Dsharp,,,2026-06-19
S33a4427,Make Me Move,S33a,,POP,Dance,Csharpm,,,2026-06-19
S33a4428,Memories Fun,S33a,,80's Rock and Pop,New Wave - Synthpop,Fsharpm,,,2026-06-19
S33a4429,Midnight Blink,S33a,,POP,Electropop,Am,,,2026-06-19
S33a443,The Place,S33a,,CLASSIC ROCK,Garage Rock,Am,,Edgy and hard classic rock,2026-06-19
S33a4430,Beneath The Moonlight,S33a,,80's Rock and Pop,New Wave - Synthpop,Cm,,,2026-06-19
S33a4431,Drift Along The Path,S33a,,FILM SCORE,,Csharpm,,,2026-06-19
S33a4433,Midnight Letters Unseen,S33a,,FILM SCORE,,Em,,,2026-06-19
S33a4455,Mirrors Of Joy,S33a,,POP,Rock,Cm,,,2026-06-19
S33a4456,Moments In Transit,S33a,,POP,Electropop,Dm,,,2026-06-19
S33a4457,My Hat Is Cool,S33a,,POP,Dance,Em,,,2026-06-19
S33a4458,My Timeless Flame,S33a,,POP,Dance,Csharpm,,,2026-06-19
S33a4459,New Class Dance,S33a,,POP,Electropop,D,,,2026-06-19
S33a4460,New Plastic Toys,S33a,,80's Rock and Pop,New Wave - Synthpop,Am,,,2026-06-19
S33a4461,New Rules New Faces,S33a,,POP,Dance,Am,,,2026-06-19
S33a4463,Now We Are Here,S33a,,80's Rock and Pop,New Wave - Synthpop,Csharpm,,,2026-06-19
S33a4464,Racing Thoughts Walk,S33a,,POP,Dance,Dsharp,,,2026-06-19
S33a4465,Racing Time,S33a,,POP,Dance,Fsharpm,,,2026-06-19
S33a4466,Rhythm Among The Crowd,S33a,,80's Rock and Pop,New Wave - Synthpop,Dm,,,2026-06-19
S33a4467,Shift In A Blink,S33a,,POP,Electropop,Gm,,,2026-06-19
S33a4468,Swang It,S33a,,80's Rock and Pop,New Wave - Synthpop,Am,,,2026-06-19
S33a4469,Talk Vibes,S33a,,POP,Electropop,Gm,,,2026-06-19
S33a4470,Tell How Long,S33a,,TECHNO,Synthpop,Gsharpm,,,2026-06-19
S33a4471,Tell Me What Time,S33a,,POP,Dance,Fm,,,2026-06-19
S33a4473,Walk Through Light,S33a,,POP,Dance,Am,,,2026-06-19
S33a4474,You Don't Know My Name,S33a,,POP,Dance,Bbm,,,2026-06-19
S33a4475,Here Is The Rock,S33a,,CLASSIC ROCK,Blues Rock,Am,,,2026-06-19
S33a4476,Less Words,S33a,,FOLK,Singer/Songwriter,Am,,,2026-06-19
S33a4477,South Side Sea,S33a,,60's Rock and Pop,Rock,Gm,,,2026-06-19
S33a4478,Street Legal,S33a,,CLASSIC ROCK,Blues Rock,Am,,,2026-06-19
S33a4479,Sun Comes Down,S33a,,FILM SCORE,Western,Em,,,2026-06-19
S33a4489,Eccentricity,S33a,,FILM SCORE,,Gsharpm,,,2026-06-19
S33a449,Capitol,S33a,,FILM SCORE,,Gm,,A mysterious and dark soundtrack with suspenseful electronic elements.,2026-06-19
S33a4490,Going Big,S33a,,FILM SCORE,,Dm,,,2026-06-19
S33a4491,Got My Back,S33a,,HIP HOP/RAP,Modern Hip Hop,Em,,,2026-06-19
S33a4493,Midnight Doorstep,S33a,,FILM SCORE,,Cm,,,2026-06-19
S33a4494,The Evidence,S33a,,FILM SCORE,,Dsharpm,,,2026-06-19
S33a4495,Beneath Dark Skies,S33a,,FILM SCORE,,Fm,,Deep drones and pads. Downright eerie,2026-06-19
S33a4496,Chasing These Nightmares,S33a,,FILM SCORE,,Dm,,Dark and disturbing nightmarish pads and swirls.,2026-06-19
S33a4497,Dark Moonlight,S33a,,FILM SCORE,,Dm,,,2026-06-19
S33a4498,Dark Winter,S33a,,FILM SCORE,,Fm,,,2026-06-19
S33a4499,Darkened Paths,S33a,,FILM SCORE,,Dm,,,2026-06-19
S33a450,Hurt,S33a,,FILM SCORE,,Gm,,"Suspenseful and dramatic, with a combination of orchestral strings and electronic elements.",2026-06-19
S33a4500,Days In Half,S33a,,FILM SCORE,,Bm,,,2026-06-19
S33a4501,Doing It In The Dark,S33a,,FILM SCORE,,Am,,,2026-06-19
S33a4503,Focus Source,S33a,,FILM SCORE,,Gm,,,2026-06-19
S33a4504,It Took Longer,S33a,,FILM SCORE,,Asharpm,,,2026-06-19
S33a4505,No Stopping Darkness,S33a,,FILM SCORE,,Gm,,,2026-06-19
S33a4506,Lower Lights,S33a,,FILM SCORE,,Asharpm,,,2026-06-19
S33a4507,Off The Abyss,S33a,,FILM SCORE,,Cm,,,2026-06-19
S33a4508,On The Other Blade,S33a,,FILM SCORE,,Fm,,,2026-06-19
S33a4509,Red Skies,S33a,,FILM SCORE,,Cm,,,2026-06-19
S33a451,Pained,S33a,,FILM SCORE,,Gm,,A dark and unsettling soundtrack that will keep you in suspense.,2026-06-19
S33a4510,Roads Of Voices,S33a,,FILM SCORE,,Dsharpm,,,2026-06-19
S33a4511,Sacret Dark Shrine,S33a,,FILM SCORE,,Gm,,,2026-06-19
S33a4513,Shattered Winds,S33a,,FILM SCORE,,Am,,,2026-06-19
S33a4514,Sonic Dark Rooms,S33a,,FILM SCORE,,Cm,,,2026-06-19
S33a4515,Stormbound,S33a,,FILM SCORE,,Cm,,,2026-06-19
S33a4516,Strange Choir Above,S33a,,FILM SCORE,,Cm,,,2026-06-19
S33a4517,Sustain Drills,S33a,,FILM SCORE,,Bm,,,2026-06-19
S33a4518,The Abyss Files,S33a,,FILM SCORE,,Am,,,2026-06-19
S33a4519,The Dark Notes,S33a,,AMBIENT,Wallpaper,Dm,,,2026-06-19
S33a452,Pulsing,S33a,,FILM SCORE,,Am,,Pulsing synths combined with sustained strings that create a feeling of uncertainty and suspense.,2026-06-19
S33a4520,This Not Good Task,S33a,,FILM SCORE,,Gm,,,2026-06-19
S33a4521,Through Many Winters,S33a,,FILM SCORE,,Am,,,2026-06-19
S33a4523,Underworld Gates,S33a,,FILM SCORE,,Gm,,,2026-06-19
S33a4524,Wet Spooky Streets,S33a,,FILM SCORE,,Em,,,2026-06-19
S33a4525,Bachata On The Boardwalk,S33a,,WORLD-ETHNIC,Latin,Am,,,2026-06-19
S33a4526,Coming Straight And Unafraid,S33a,,FILM SCORE,,Gsharpm,,,2026-06-19
S33a4527,Dancing On The Edge Of Danger,S33a,,80's Rock and Pop,New Wave - Rock,Cm,,,2026-06-19
S33a4528,Fingers Tracing,S33a,,80's Rock and Pop,New Wave - Synthpop,Bm,,,2026-06-19
S33a4529,Footprints Of Wonder,S33a,,FILM SCORE,,Gsharpm,,,2026-06-19
S33a453,Sea,S33a,,FILM SCORE,,Gsharpm,,"Mysterious and dark, with a sense of urgency.",2026-06-19
S33a4530,Ghostwalk Groove,S33a,,FILM SCORE,,Bm,,,2026-06-19
S33a4531,Here Forever And Now,S33a,,FILM SCORE,,Am,,,2026-06-19
S33a4533,Leftovers In The Sky,S33a,,FILM SCORE,,Gm,,,2026-06-19
S33a4534,Molasses Moonlight,S33a,,FILM SCORE,,Fsharpm,,,2026-06-19
S33a4535,My Game Wakes,S33a,,80's Rock and Pop,New Wave - Rock,Gm,,,2026-06-19
S33a4536,My Silent Muscles,S33a,,FILM SCORE,,Em,,,2026-06-19
S33a4537,Over For Midnight,S33a,,80's Rock and Pop,New Wave - Synthpop,Bm,,,2026-06-19
S33a4538,Playing For Keeps,S33a,,POP,Synthpop,Csharpm,,,2026-06-19
S33a4539,Race Against The Clock,S33a,,FILM SCORE,,Csharpm,,,2026-06-19
S33a454,Stay,S33a,,FILM SCORE,,Gsharpm,,You can just feel the tension brewing...,2026-06-19
S33a4540,Sidewalk Serenade,S33a,,FILM SCORE,,Am,,,2026-06-19
S33a4541,These Steps Between,S33a,,FILM SCORE,,Csharp,,,2026-06-19
S33a4543,Behind The Defence,S33a,,GUMSHOE,Hybrid,Fm,,,2026-06-19
S33a4544,City Of Miles,S33a,,FILM SCORE,,Em,,,2026-06-19
S33a4545,Drama Monsters,S33a,,FILM SCORE,,Dm,,,2026-06-19
S33a4546,Drama Scam,S33a,,FILM SCORE,,Asharpm,,,2026-06-19
S33a4547,Dramatic Start,S33a,,FILM SCORE,,Am,,,2026-06-19
S33a4548,Drive Mode,S33a,,POP,Dance,Csharpm,,,2026-06-19
S33a4549,Exploding Places,S33a,,FILM SCORE,,Fm,,,2026-06-19
S33a455,The Backyard,S33a,,TRANCE,Arena Trance,Cm,,Fun Trance music to keep you dancing all night long!,2026-06-19
S33a4550,Firestorm Spark,S33a,,FILM SCORE,,Bm,,,2026-06-19
S33a4551,Furious Fiction,S33a,,FILM SCORE,,Fm,,,2026-06-19
S33a4553,It Never Ends,S33a,,FILM SCORE,,Em,,,2026-06-19
S33a4554,Stay In The Game,S33a,,FILM SCORE,,Csharpm,,,2026-06-19
S33a4555,Intentions Tracks,S33a,,FILM SCORE,,Cm,,,2026-06-19
S33a4556,Just Open It,S33a,,HIP HOP/RAP,Classic Hip Hop,Gsharpm,,,2026-06-19
S33a4557,Kingpin,S33a,,FILM SCORE,,Cm,,,2026-06-19
S33a4558,Look At That Watch,S33a,,FILM SCORE,,Csharp,,,2026-06-19
S33a4559,New Designs,S33a,,FILM SCORE,,Am,,,2026-06-19
S33a456,The Bathroom,S33a,,TRANCE,Arena Trance,Fsharpm,,Get your hands up in the air!,2026-06-19
S33a4560,Nice To Meet You Again,S33a,,HIP HOP/RAP,Trap,Fsharpm,,,2026-06-19
S33a4561,Not Go Out,S33a,,HIP HOP/RAP,Trap,Am,,,2026-06-19
S33a4563,Playful Modes,S33a,,POP,Dance,D,,,2026-06-19
S33a4564,Powerful Schemes,S33a,,FILM SCORE,,Cm,,,2026-06-19
S33a4565,Reigns Of Moves,S33a,,FILM SCORE,,Gsharpm,,,2026-06-19
S33a4566,There Is Now A Way,S33a,,HIP HOP/RAP,Trap,Fm,,,2026-06-19
S33a4567,There Will Be A Day,S33a,,HIP HOP/RAP,Trap,Am,,,2026-06-19
S33a4568,Big Request,S33a,,FILM SCORE,,Dm,,Full of hope and wonder with ethereal anticipation,2026-06-19
S33a4569,Candy Coating,S33a,,SOUL,,Am,,Laid cak neo-soul grooves with electric piano but driven by bass.,2026-06-19
S33a457,The Cells,S33a,,FILM SCORE,,Dm,,A combination of humour with some darker elements.,2026-06-19
S33a4570,Dancing Shadows,S33a,,OLD TIMEY,Saloon Piano,Asharp,,Perfect silent film farce with tack piano.,2026-06-19
S33a4571,Warm Sunlight,S33a,,POP,Rock,Fm,,"Feel good, easygoing pop with clean guitar and loopy drums. Breakdown at :39",2026-06-19
S33a4573,We Do Not Remember,S33a,,FILM SCORE,,Gm,,"Groovy tension, which means tense, come on, but not really.",2026-06-19
S33a4574,Dancing With Electric Hearts,S33a,,FILM SCORE,,Gsharp,,Fun and warm hearted with synth brass melody,2026-06-19
S33a4575,Dream Within Plans,S33a,,AMBIENT,Wallpaper,Em,,warm meditation synth pad wash.,2026-06-19
S33a4576,Dusty Bags,S33a,,POP,Dance,Fsharpm,,Funky pop with synth brass melody and busy percussion.,2026-06-19
S33a4577,Empowered Light,S33a,,POP,Piano,Bb,,"Lovely easy going, hopeful pop that grows at :49 and gets even more hopeful",2026-06-19
S33a4578,Faded Stars,S33a,,OLD TIMEY,Saloon Piano,C,,"Silent music goofball music with tack piano that is, thankfully a little out of tune making it perfect.",2026-06-19
S33a4579,Ground Steps,S33a,,HEARTLAND ROCK,Classic Rock,G,,"Driving down the highway cranking a Tom Petty record. but with humorous bounce and a sun jaunty, rompy kinda way.",2026-06-19
S33a458,The Basement,S33a,,TRANCE,Arena Trance,Asharpm,,High energy Trance with cool synths,2026-06-19
S33a4580,He Lies Behind,S33a,,POP,R&B,Dm,,Groovy bass and drums with clean guitar. Main melody is a combo of synth strings and brass in unison.,2026-06-19
S33a4581,Horizons Are Uncharted,S33a,,POP,Funk,Cm,,Fun pop and funk with great movement. Nothing draggy about this one.,2026-06-19
S33a4583,Like A Movie,S33a,,FILM SCORE,,Fm,,Funky groove with string hits as accents. Driven largely by bass and clean funky guitar.,2026-06-19
S33a4584,Me Like Others,S33a,,FILM SCORE,,Am,,At the corner of tension and adventure. string melody with trap drums.,2026-06-19
S33a4585,Mirror And Me,S33a,,FILM SCORE,,B,,quirky and percussive with lots of mallet instruments.,2026-06-19
S33a4586,Nice With Trust,S33a,,80's Rock and Pop,Pop Rock,B,,"Groovin' pop, bass drums, guitar and pads.",2026-06-19
S33a4587,No Denies Needed,S33a,,FILM SCORE,,Em,,Plucky tension with trap drums.,2026-06-19
S33a4588,Nothing Like It,S33a,,FILM SCORE,,Fm,,Funky bass and drums with synth orchestra stabs.,2026-06-19
S33a4589,Our Journey On Wheels,S33a,,POP,Funk,G,,Modern pop rock with synth melodies.,2026-06-19
S33a459,The Garage,S33a,,TRANCE,Arena Trance,Dm,,Classic Trance to put you in a good mood.,2026-06-19
S33a4590,Our Perfect Collision,S33a,,POP,R&B,Cm,,Fun and energetic pop with a synth melody and busy bass.,2026-06-19
S33a4591,Party Of Dreams On Fire,S33a,,POP,Funk,Dsharpm,,Groovy pop with bright synth melody over clean funk guitar and bass.,2026-06-19
S33a4593,Quick Distance,S33a,,80's Rock and Pop,Hair Band - Metal,Bm,,When hair metal wasn't angry and was more focused on having fun.,2026-06-19
S33a4594,Revisited Reel,S33a,,OLD TIMEY,Saloon Piano,Csharp,,"Fun and silly, silent movie tack piano.",2026-06-19
S33a4595,Secrets In Town,S33a,,FILM SCORE,,Dm,,Yearning cello over plaintive piano.,2026-06-19
S33a4596,Simulated Realm,S33a,,FILM SCORE,,Am,,Half time beat with minimal instrumentation.,2026-06-19
S33a4597,Spicy Dance,S33a,,POP,Dance,Asharpm,,Super busy and funky bass under tight brass melody with busy drum machine.,2026-06-19
S33a4598,Spy Drama,S33a,,FILM SCORE,,Gm,,Somewhat tense but really more funky and adventurous.,2026-06-19
S33a4599,Stand Up Drama,S33a,,FILM SCORE,,Gsharpm,,,2026-06-19
S33a460,The Hallway,S33a,,HOUSE,Progressive House,Bm,,Carefree House music that will make all your troubles fade away,2026-06-19
S33a4600,Stood Here Before,S33a,,FILM SCORE,,D,,,2026-06-19
S33a4601,Sunlight Dancers,S33a,,80's Rock and Pop,New Wave - Rock,Dm,,,2026-06-19
S33a4603,These Aligning Reasons,S33a,,CLASSIC ROCK,Blues Rock,Dm,,,2026-06-19
S33a4604,Breeze Through,S33a,,POP,Electropop,Dsharp,,,2026-06-19
S33a4605,Do You Know The Truth,S33a,,FILM SCORE,,Em,,,2026-06-19
S33a4606,Give Me One And Good,S33a,,FILM SCORE,,Fsharpm,,,2026-06-19
S33a4607,Hanging On The Edge,S33a,,FILM SCORE,,Cm,,,2026-06-19
S33a4608,Hollow Handshake,S33a,,FILM SCORE,,Dm,,,2026-06-19
S33a4609,Layover Of Love,S33a,,FILM SCORE,,E,,,2026-06-19
S33a461,The Pool,S33a,,HOUSE,Progressive House,ASharpm,,Fun House music to dance all night to,2026-06-19
S33a4610,This Freaky Place,S33a,,FILM SCORE,,Fsharp,,,2026-06-19
S33a4611,This Will Doom Them,S33a,,FILM SCORE,,Asharpm,,Urgent and understated. Deep piano and filtered guitars with a helicopter synth pulse.,2026-06-19
S33a4613,Euphoria In The Glitch,S33a,,FILM SCORE,,Em,,Frantically trying to find the exit. Muted and filtered urgent tension.,2026-06-19
S33a4614,Investigate This Agent,S33a,,80's Rock and Pop,New Wave - Rock,Em,,"Driving and cool and oh so 80's a touch of tension, a splash on intrigue and a pinch of comic.",2026-06-19
S33a4615,It Already Started Here,S33a,,FILM SCORE,,Gm,,Big and lush and full of wonder and mystery,2026-06-19
S33a4616,Kinship Puzzle,S33a,,FILM SCORE,,D,,"These instruments, Bells, marimbas shouldn't be tense but here we are. Very mysterious",2026-06-19
S33a4617,Now And Cozy,S33a,,FILM SCORE,,Am,,Pads and filters creat an eerie and mysterious environment.,2026-06-19
S33a4618,Paved Paths Around,S33a,,AMBIENT,Wallpaper,Gm,,"Beautiful ambiance, relaxing pads with motion.",2026-06-19
S33a4619,Places We Know,S33a,,FILM SCORE,,D,,"Bells, Marimbas. Should feel relaxing but its somehow not. What's going on here?",2026-06-19
S33a462,The Roof,S33a,,TRANCE,Arena Trance,Dsharpm,,Dance until the sun comes up!,2026-06-19
S33a4620,Shimmer Sky,S33a,,FILM SCORE,,Gm,,"Chill but wait, its not chill at all. Its kinda weird...",2026-06-19
S33a4621,Slow Coming,S33a,,FILM SCORE,,Bm,,Slow and deliberate. Melody played by low piano and synth bass.,2026-06-19
S33a4623,Uneven Tracks,S33a,,FILM SCORE,,Cm,,At the corner of action and tension. Urgent violin over driving bass and drums and filtered percussion.,2026-06-19
S33a4624,Updated,S33a,,FILM SCORE,,Dm,,"Tension created in the low end of an orchestra with short violins playing a bit part and of course, timpani having its say. Tense and creepy at the same time.",2026-06-19
S33a4625,Walking Into Sapphire,S33a,,FILM SCORE,,B,,,2026-06-19
S33a4626,When Hands Meet,S33a,,80's Rock and Pop,Pop Rock,Fsharp,,,2026-06-19
S33a4627,Who Holds The Scale,S33a,,80's Rock and Pop,New Wave - Rock,Fm,,,2026-06-19
S33a4628,All Together In The Glow,S33a,,POP,Electropop,Asharp,,,2026-06-19
S33a4629,Close Across The Skyline,S33a,,HOUSE,Progressive House,Cm,,,2026-06-19
S33a463,The Rooms,S33a,,FILM SCORE,,Dm,,Mysterious and very dark.,2026-06-19
S33a4630,Folded Paper Confessions,S33a,,FILM SCORE,,Asharpm,,,2026-06-19
S33a4631,From The Break To This,S33a,,POP,Electropop,Gm,,,2026-06-19
S33a4633,Hands Across Harvest,S33a,,POP,Soul,B,,,2026-06-19
S33a4634,Just A Passport To The Sun,S33a,,HOUSE,Progressive House,A,,,2026-06-19
S33a4635,Lipstick On The Runway,S33a,,POP,Dance,Csharpm,,,2026-06-19
S33a4636,Median Of Our Days,S33a,,FILM SCORE,,Gsharpm,,,2026-06-19
S33a4637,MidnightSlice,S33a,,POP,Electropop,Gsharpm,,,2026-06-19
S33a4638,Strut Like Stardust,S33a,,POP,Electropop,Csharpm,,,2026-06-19
S33a4639,Full Of Flavors,S33a,,POP,Rock,E,,,2026-06-19
S33a464,The Table,S33a,,FILM SCORE,,Dm,,A melancholic soundtrack with a slightly dark undertone.,2026-06-19
S33a4640,Loud Retro Speakers,S33a,,80's Rock and Pop,New Wave - Rock,Bbm,,,2026-06-19
S33a4641,Midnight Caress,S33a,,80's Rock and Pop,New Wave - Rock,Em,,,2026-06-19
S33a4643,Sunset Vibes,S33a,,POP,Synthpop,Em,,,2026-06-19
S33a4644,Tears Night,S33a,,HIP HOP/RAP,Modern Hip Hop,Fm,,"Cool, downtempo with piano and clean guitar sweeps.",2026-06-19
S33a4645,Thank You For Watching,S33a,,HIP HOP/RAP,Modern Hip Hop,Dsharpm,,Sad and ethereal with big drums and percussion.,2026-06-19
S33a4646,Them Good People,S33a,,SOUL,,B,,,2026-06-19
S33a4647,There Is The Line,S33a,,POP,Funk,Am,,,2026-06-19
S33a4648,Those Dudes,S33a,,80's Rock and Pop,New Wave - Synthpop,Em,,,2026-06-19
S33a4649,Threads Of Fate,S33a,,FILM SCORE,,Fsharpm,,,2026-06-19
S33a465,Votes,S33a,,FILM SCORE,,Gm,,A mysterious and dark electronic track,2026-06-19
S33a4650,Time Evolved,S33a,,80's Rock and Pop,New Wave - Rock,Am,,,2026-06-19
S33a4651,Told You So,S33a,,FILM SCORE,,Cm,,,2026-06-19
S33a4653,Twisted Ties,S33a,,FILM SCORE,,Am,,,2026-06-19
S33a4654,Two Pushes,S33a,,SOUL,,Cm,,,2026-06-19
S33a4655,Unfolded Boys,S33a,,FILM SCORE,,Dsharpm,,,2026-06-19
S33a4656,Unstoppable News,S33a,,80's Rock and Pop,New Wave - Synthpop,Gm,,,2026-06-19
S33a4657,Unstoppable Luck,S33a,,80's Rock and Pop,New Wave - Synthpop,Dm,,,2026-06-19
S33a4658,Untold Things,S33a,,FILM SCORE,,Bm,,,2026-06-19
S33a4659,Up The Sun,S33a,,POP,Synthpop,C,,,2026-06-19
S33a466,Lifes A Journey,S33a,,CLASSIC ROCK,Southern Rock,Am,,A positive southern Rock track that will make you feel happy and content.,2026-06-19
S33a4660,Veils,S33a,,FILM SCORE,,Am,,,2026-06-19
S33a4661,Velocity Moves,S33a,,POP,Electropop,Gsharp,,,2026-06-19
S33a4663,Vibrance Of Rhythms,S33a,,80's Rock and Pop,New Wave - Rock,Gsharp,,,2026-06-19
S33a4664,Victory Run,S33a,,80's Rock and Pop,New Wave - Synthpop,Gm,,,2026-06-19
S33a4665,Wave Bliss,S33a,,HIP HOP/RAP,Modern Hip Hop,C,,,2026-06-19
S33a4666,Waves Of Lights,S33a,,POP,Dance,Gsharpm,,,2026-06-19
S33a4667,We Are Bright,S33a,,POP,Rock,E,,,2026-06-19
S33a4668,Wildflower Rooms,S33a,,80's Rock and Pop,Pop Rock,Fsharp,,,2026-06-19
S33a4669,Fading Dance,S33a,,80's Rock and Pop,New Wave - Synthpop,G,,,2026-06-19
S33a467,Toy Cars,S33a,,FILM SCORE,,G,,"Fun, cheeky and adventurous.",2026-06-19
S33a4670,Fun Content,S33a,,FILM SCORE,,G,,,2026-06-19
S33a4671,Nothing On Us,S33a,,POP,Dance,Asharpm,,,2026-06-19
S33a4673,Going Up The Air,S33a,,POP,Dance,Gsharp,,,2026-06-19
S33a4674,Golden Rays,S33a,,80's Rock and Pop,Pop Rock,Csharp,,,2026-06-19
S33a4675,Great Summer With You,S33a,,POP,Dance,B,,,2026-06-19
S33a4676,Harmony In Rivalry,S33a,,80's Rock and Pop,New Wave - Synthpop,Dsharpm,,,2026-06-19
S33a4677,Hot Sunshine Celebration,S33a,,80's Rock and Pop,Pop Rock,D,,,2026-06-19
S33a4678,Just A Little Touch,S33a,,80's Rock and Pop,Dance Pop,C,,,2026-06-19
S33a4679,Limit Me,S33a,,POP,Dance,Asharpm,,,2026-06-19
S33a468,Overboard,S33a,,HEARTLAND ROCK,Classic Rock,Am,,"Positive and upbeat, with cool guitars.",2026-06-19
S33a4680,Luminous Lamps,S33a,,80's Rock and Pop,New Wave - Synthpop,Fsharpm,,,2026-06-19
S33a4681,Do Act Now,S33a,,ALTERNATIVE ROCK,Post-Punk Revival,A,,,2026-06-19
S33a4683,Ballad Of Promised Dawn,S33a,,FOLK,Singer/Songwriter,D,,,2026-06-19
S33a4684,Dreamy Echoes Of Home,S33a,,FOLK,Indie Folk,C,,,2026-06-19
S33a4685,"Here We Go, Here We Are",S33a,,POP,Funk,Gm,,,2026-06-19
S33a4686,Let Us Do It Again,S33a,,POP,Dance,Gsharpm,,,2026-06-19
S33a4687,Light As Lead,S33a,,POP,Rock,C,,,2026-06-19
S33a4688,My Shadowed Footprints,S33a,,POP,Electropop,Dm,,,2026-06-19
S33a4689,After Hours Roof Run,S33a,,POP,Dance,Bm,,,2026-06-19
S33a469,Small Jobs,S33a,,FILM SCORE,,C,,heavy pizzicato with a fairy tale ballad background.,2026-06-19
S33a4690,All Cupcakes,S33a,,FILM SCORE,,Gm,,,2026-06-19
S33a4691,Apex Of Us,S33a,,POP,Dance,Asharpm,,,2026-06-19
S33a4693,Blink Bounce,S33a,,POP,Dance,Fsharpm,,,2026-06-19
S33a4694,But Knock First,S33a,,FILM SCORE,,Fm,,,2026-06-19
S33a4695,Chrome Hearts,S33a,,POP,Dance,Fm,,,2026-06-19
S33a4696,Emortality,S33a,,ALTERNATIVE ROCK,Emo,Bm,,,2026-06-19
S33a4697,Fresh Day Revolution,S33a,,POP,Dance,Fsharpm,,,2026-06-19
S33a4698,Fridge At Midnight,S33a,,FILM SCORE,,Gsharpm,,,2026-06-19
S33a4699,Goodness Factory,S33a,,POP,Dance,Csharp,,,2026-06-19
S33a470,Bulldogs,S33a,,60's Rock and Pop,Surf,Gm,,Edgy and super fast. Tension surf on crystal Math,2026-06-19
S33a4700,Great Eyelid,S33a,,FILM SCORE,,Dsharpm,,,2026-06-19
S33a4701,Hour Reborn,S33a,,POP,Dance,Dm,,,2026-06-19
S33a4703,Lightning Leap,S33a,,POP,Dance,Asharp,,,2026-06-19
S33a4704,Quickstep To The Sky,S33a,,POP,Dance,Csharpm,,,2026-06-19
S33a4705,Turbo Hop Tonight,S33a,,POP,Dance,Gsharpm,,,2026-06-19
S33a4706,Arrows Find Home,S33a,,POP,Electropop,Csharp,,,2026-06-19
S33a4707,Confused And Lost,S33a,,FILM SCORE,,Cm,,,2026-06-19
S33a4708,Cross Quiet,S33a,,FILM SCORE,,Bflatm,,,2026-06-19
S33a4709,Deal Me Another,S33a,,COMEDY,Dark Comedy,Bm,,,2026-06-19
S33a471,New Places,S33a,,60's Rock and Pop,Surf,A,,Fun and groovy 60's music.,2026-06-19
S33a4710,Dialogue After Dark,S33a,,FILM SCORE,,Asharpm,,,2026-06-19
S33a4711,Every Slow Second,S33a,,FILM SCORE,,Bm,,,2026-06-19
S33a4713,Afterburner,S33a,,ALTERNATIVE ROCK,Pop Punk,A,,Super fast and driving EMO. Good and sweaty and covered with tats.,2026-06-19
S33a4714,Aftermath Of The Storm,S33a,,FILM SCORE,,Bm,,"Muted and muffled tension, driven by bass guitar.",2026-06-19
S33a4715,All Aligned,S33a,,POP,Electropop,Fsharp,,Big stadium pop. Lots of flashing wristbands and confetti canons.,2026-06-19
S33a4716,All Kinds Of Wrong,S33a,,FILM SCORE,,Em,,"Muted and dark, Bass guitar driven tension with high melody and low french horns",2026-06-19
S33a4717,Along The Ridge,S33a,,ALTERNATIVE ROCK,Emo,Cm,,"High energy and fun EMO. 2 guitars, bass and drums in all their glory!",2026-06-19
S33a4718,An Overture For Two,S33a,,FILM SCORE,,Dsharpm,,muted tension with a touch of industrial. Bass guitar dominated.,2026-06-19
S33a4719,Around Nothing Scary,S33a,,FILM SCORE,,Am,,"Muted guitar paints a picture of sort of, tension but with tongue ion cheek. Undulating synth bass underneath.",2026-06-19
S33a472,Roofs,S33a,,COUNTRY,Western,Em,,Get your cowboy boots on and saddle up 'em horses!,2026-06-19
S33a4720,Ask Your Friend Today,S33a,,80's Rock and Pop,New Wave - Rock,Csharpm,,"Great transition cue. Easy going pop with fat synths. just sounds like the 80's. warm and fuzzy, summer night.",2026-06-19
S33a4721,At Our Undertake,S33a,,FILM SCORE,,Gsharp,,Tongue in cheek tension with electronic plucks and trap drums with a playful bass.,2026-06-19
S33a4723,Bearing Insane Tasks,S33a,,FILM SCORE,,Fsharpm,,Easy driving tension driven by Bass and industrial percussion,2026-06-19
S33a4724,Big Pull,S33a,,FILM SCORE,,Cm,,Brass and big drum tension. ominous but a little fun at the same time.,2026-06-19
S33a4725,Brilliant Light,S33a,,POP,Electropop,Gsharpm,,Fun and flirty dance pop. Very synthy and easy going.,2026-06-19
S33a4726,Caramel Counsel,S33a,,80's Rock and Pop,New Wave - Synthpop,Fm,,Groovy and a little mysterious mainly synths with clean guitar in the second half.,2026-06-19
S33a4727,Casings On Silent,S33a,,FILM SCORE,,Bm,,"Nervous tension, not tension like someone is going to get hurt, more like someone at dinner said something really rude at dinner and we are all awaiting the reaction...Ladies?",2026-06-19
S33a4728,Chasing An Unseen,S33a,,FILM SCORE,,Asharpm,,Synth plucky and big hits. Real Housewives tension. Someone is about to get hit in the face with a glass on wine.,2026-06-19
S33a4729,Becoming The Stranger,S33a,,FILM SCORE,,Gsharpm,,,2026-06-19
S33a473,Old Stories,S33a,,FOLK,Acoustic - Folk Rock,Em,,"Friendly, hopeful and laid back.",2026-06-19
S33a4730,Being Like A Stranger,S33a,,FILM SCORE,,Bm,,,2026-06-19
S33a4731,Beneath The Lamp,S33a,,FILM SCORE,,Dm,,Tense and busy and a little frenetic with high plucked string. beat like a train,2026-06-19
S33a4733,Clenched City,S33a,,80's Rock and Pop,New Wave - Synthpop,Dsharpm,,,2026-06-19
S33a4734,Counting These Seconds,S33a,,FILM SCORE,,Fsharpm,,Tense with strange sounding and dissonant top line and driving undercarriage,2026-06-19
S33a4735,Crossfire At Dawn,S33a,,FILM SCORE,,Gsharpm,,Mysterious pads and washes with muted guitar melody.,2026-06-19
S33a4736,Cue The Final Light,S33a,,FILM SCORE,,Gm,,Big '80s synth sounds with and thereal melody.,2026-06-19
S33a4737,Darker Empty Lights,S33a,,FILM SCORE,,Csharpm,,Uneasy and brooding pads washes and muted rhythms.,2026-06-19
S33a4738,Down The Stairs,S33a,,FILM SCORE,,Dsharpm,,,2026-06-19
S33a4739,Darker Moments,S33a,,FILM SCORE,,Bm,,Dark digital pads with a very high tight melody,2026-06-19
S33a474,Sweet Beat,S33a,,HEARTLAND ROCK,Classic Rock,Dm,,Positive Rockin vibes to make you feel determined.,2026-06-19
S33a4740,Edge Of The Crosswalk,S33a,,80's Rock and Pop,New Wave - Synthpop,Cm,,Dark and driving with a nervous and aggressive beat. Main melody is bass guitar.,2026-06-19
S33a4741,Full Of Strangers,S33a,,FILM SCORE,,Cm,,,2026-06-19
S33a4743,I'd Hold Your Breath,S33a,,FILM SCORE,,Am,,,2026-06-19
S33a4744,House Lights Fade,S33a,,FILM SCORE,,Gm,,Almost an industrial drone with '80s synth topline. but a lot of the drone/rhythm,2026-06-19
S33a4745,In The Tense Move,S33a,,FILM SCORE,,Fsharpm,,,2026-06-19
S33a4746,Knotted Shoulders,S33a,,FILM SCORE,,Fsharpm,,Dark and foreboding. Bass drum mirrors the melody played by piano.,2026-06-19
S33a4747,Again But Never,S33a,,FILM SCORE,,Bbm,,,2026-06-19
S33a4748,Burnout Boulevard,S33a,,FILM SCORE,,Em,,,2026-06-19
S33a4749,Clock Thoughts,S33a,,FILM SCORE,,Am,,"Very busy industrial percussion, very aggressive with melody on bass guitar.",2026-06-19
S33a475,Unfazed,S33a,,POP,Electropop,GSharpm,,Upbeat and cool electropop,2026-06-19
S33a4750,Colossal Confession,S33a,,FILM SCORE,,Am,,Hi horror movie organ with synth organ pads on top.,2026-06-19
S33a4751,Confessions Of Standard Actors,S33a,,FILM SCORE,,Bflatm,,,2026-06-19
S33a4753,Clever Ways,S33a,,FILM SCORE,,Fm,,,2026-06-19
S33a4754,Your Tense Breath,S33a,,FILM SCORE,,Am,,Urgent synth pulse with shaker rhythm.,2026-06-19
S33a4755,Cover Up That Thing,S33a,,FILM SCORE,,Dsharpm,,Industrial underbelly with bass and guitar over the top,2026-06-19
S33a4756,Waiting For It To Happen,S33a,,FILM SCORE,,Fm,,Big and strange and tense rhythm and pads build in the background over bass and guitar duet,2026-06-19
S33a4757,Danger And Trouble,S33a,,FILM SCORE,,Fm,,Low piano and muted guitar over urgent beat.,2026-06-19
S33a4758,Velvet Nightfall,S33a,,FILM SCORE,,Em,,"Urgent, driving and tense as hell.",2026-06-19
S33a4759,Traces Of What We Seek,S33a,,FILM SCORE,,Gm,,,2026-06-19
S33a476,Awake,S33a,,FILM SCORE,,Am,,Extreme tension with tons of suspense.,2026-06-19
S33a4760,Tightrope Of Talk,S33a,,FILM SCORE,,Csharpm,,,2026-06-19
S33a4761,To The Knife,S33a,,FILM SCORE,,Em,,,2026-06-19
S33a4763,Air Seats,S33a,,FILM SCORE,,Cm,,Effected guitar melody over distressing pads.,2026-06-19
S33a4764,Bounced Off,S33a,,FILM SCORE,,Dsharpm,,Echo guitar with ominous and dissonant pads off setting the purity of the guitar,2026-06-19
S33a4765,Can Not Let This Stop,S33a,,FILM SCORE,,Em,,"The alarm has rung and everyone is springing into action. Driving rock beat with big, rude synth rhythm and lead",2026-06-19
S33a4766,Drift With The Current,S33a,,FILM SCORE,,B,,Hollow bells and bass drum with bass and piano.,2026-06-19
S33a4767,DirtyDarkDrama,S33a,,FILM SCORE,,Gm,,Driving pulses with a spy melody played in unison with guitar and bass.,2026-06-19
S33a4768,Discourse At Midnight,S33a,,FILM SCORE,,Csharpm,,Hi plucky synth melody that adds drums and low stuff after 4 bars.,2026-06-19
S33a4769,Do Not Care Now,S33a,,FILM SCORE,,Dsharpm,,Electric guitar melody with all manner of weirdness developing underneath. A Friggin nightmare is what it is.,2026-06-19
S33a477,Cherry Colors,S33a,,WORLD-ETHNIC,Asian,FSharp,,Tranquil and meditative.,2026-06-19
S33a4770,Every Stepping Moment,S33a,,FILM SCORE,,Gm,,a Xylophone is buried in madness with a solid new Wave beat.,2026-06-19
S33a4771,Fixation Of Velvet,S33a,,FILM SCORE,,Cm,,Tense with rhythmic synths and a clean guitar line and single note piano.,2026-06-19
S33a4773,Here Is Where We Start,S33a,,FILM SCORE,,Fm,,Plucky things over driving bass drum and electric bass over ominous pads.,2026-06-19
S33a4774,Counting Reasons,S33a,,FILM SCORE,,Bm,,,2026-06-19
S33a4775,Your Daily Dose,S33a,,POP,Rock,E,,,2026-06-19
S33a4776,Empty Crowd,S33a,,ALTERNATIVE ROCK,Post-Punk Revival,Fsharpm,,,2026-06-19
S33a4777,Fickle Drow,S33a,,POP,Dance,Gsharpm,,,2026-06-19
S33a4778,Hands That Learn,S33a,,FILM SCORE,,Am,,,2026-06-19
S33a4779,In Fast Forward,S33a,,POP,Synthpop,Asharp,,,2026-06-19
S33a478,High Tops,S33a,,WORLD-ETHNIC,Asian,Em,,"Tranquil and introspective, with a slightly mysterious undertone.",2026-06-19
S33a4780,Just Seconds,S33a,,POP,R&B,Gsharpm,,,2026-06-19
S33a4781,Last Call Stampede,S33a,,ALTERNATIVE ROCK,Emo,Am,,,2026-06-19
S33a4783,Long Under,S33a,,FILM SCORE,,Fsharpm,,,2026-06-19
S33a4784,Me Too,S33a,,POP,Rock,Fm,,,2026-06-19
S33a4785,Our Cast In Stonelight,S33a,,FILM SCORE,,A,,,2026-06-19
S33a4786,Our Love Promises,S33a,,80's Rock and Pop,New Wave - Synthpop,G,,,2026-06-19
S33a4787,Portrait Of A Nice Face,S33a,,POP,Synthpop,C,,,2026-06-19
S33a4788,Promised Fields,S33a,,FOLK,Singer/Songwriter,G,,,2026-06-19
S33a4789,Route To Vitality,S33a,,80's Rock and Pop,Pop Rock,A,,,2026-06-19
S33a479,All Access,S33a,,FILM SCORE,,Em,,Fast and frenetic with great syncopation,2026-06-19
S33a4790,Sugarcoat Rework,S33a,,POP,Rock,Dm,,,2026-06-19
S33a4791,The Drama Road,S33a,,FILM SCORE,,Gm,,,2026-06-19
S33a4793,Trailing Hearts,S33a,,POP,Electropop,B,,,2026-06-19
S33a4794,Victory At Dawn,S33a,,POP,Electropop,C,,,2026-06-19
S33a4795,Viral On A Stick,S33a,,POP,Dance,Gm,,,2026-06-19
S33a4796,We Are Not Waiting,S33a,,POP,Rock,Fsharp,,,2026-06-19
S33a4797,Need The Air,S33a,,POP,Dance,Dm,,,2026-06-19
S33a4798,Our New Adventure,S33a,,80's Rock and Pop,New Wave - Synthpop,Cm,,,2026-06-19
S33a4799,Our Summer Yard,S33a,,FILM SCORE,,Gm,,,2026-06-19
S33a480,Arriving,S33a,,HOUSE,Progressive House,Am,,Great transitional house track no too intense,2026-06-19
S33a4800,Path Leads Us,S33a,,80's Rock and Pop,New Wave - Rock,E,,,2026-06-19
S33a4801,Get Revved Up,S33a,,FILM SCORE,,E,,,2026-06-19
S33a4803,She Is Here For You,S33a,,POP,Dance,Fm,,,2026-06-19
S33a4804,So Much Easier Now,S33a,,FILM SCORE,,Dsharp,,,2026-06-19
S33a4805,The Entire Crowd,S33a,,80's Rock and Pop,New Wave - Synthpop,Fm,,,2026-06-19
S33a4806,Trip And Fun,S33a,,POP,Dance,Am,,,2026-06-19
S33a4807,Under The Sun Dancers,S33a,,POP,Dance,Dsharp,,,2026-06-19
S33a4808,What Is Coming Up,S33a,,POP,Dance,Dsharpm,,,2026-06-19
S33a4809,Arson On,S33a,,FILM SCORE,,Csharpm,,,2026-06-19
S33a481,Backstage Pass,S33a,,80's Rock and Pop,New Wave - Synthpop,Bm,,4 on the floor bass drum with percolating synths,2026-06-19
S33a4810,Cadence Of Commitment,S33a,,FILM SCORE,,Gm,,,2026-06-19
S33a4811,Hands On Cash,S33a,,FILM SCORE,,Gsharpm,,,2026-06-19
S33a4813,March Of Duty,S33a,,FILM SCORE,,Em,,,2026-06-19
S33a4814,Marching Darkness Takes Steps,S33a,,FILM SCORE,,Gm,,,2026-06-19
S33a4815,Paper Trails,S33a,,FILM SCORE,,Gm,,,2026-06-19
S33a4816,Sticky Chunks,S33a,,FILM SCORE,,Em,,,2026-06-19
S33a4817,Coconut Bay,S33a,,POP,Dance,Asharpm,,,2026-06-19
S33a4818,Our Sandy Sprint,S33a,,POP,Dance,Asharp,,,2026-06-19
S33a4819,Tidepool Daydream,S33a,,WORLD-ETHNIC,Latin,Csharp,,,2026-06-19
S33a482,Blue Trees,S33a,,CLASSIC ROCK,Funk Rock,Am,,Funky bass and drums with nice bluesy guitar comments,2026-06-19
S33a4820,Able To Dance Fast,S33a,,WORLD-ETHNIC,Latin Pop,D,,,2026-06-19
S33a4821,All That Hot Salsa,S33a,,WORLD-ETHNIC,Samba,Am,,,2026-06-19
S33a4823,Active Club,S33a,,POP,Dance,Cm,,,2026-06-19
S33a4824,Cosmic Dust,S33a,,80's Rock and Pop,Dance Pop,Gm,,,2026-06-19
S33a4825,Legal Beach Tones,S33a,,WORLD-ETHNIC,Latin Pop,Dm,,,2026-06-19
S33a4826,Like A Warm Trip,S33a,,WORLD-ETHNIC,Latin Pop,Dm,,,2026-06-19
S33a4827,Lots To See And Feel,S33a,,WORLD-ETHNIC,Latin Pop,C,,,2026-06-19
S33a4828,Hidden Isles,S33a,,HIP HOP/RAP,Modern Hip Hop,Dsharpm,,,2026-06-19
S33a4829,Driftwood On Islands,S33a,,WORLD-ETHNIC,Reggaeton,Am,,,2026-06-19
S33a483,Chicago Bars,S33a,,CLASSIC ROCK,Funk Rock,Am,,Driving callic dance track with harmonica in the background and good guitar comments,2026-06-19
S33a4830,Edge Of Insane,S33a,,FILM SCORE,,Dm,,,2026-06-19
S33a4831,Electric Midnight Smile,S33a,,POP,Electropop,B,,,2026-06-19
S33a4833,Admitted And Wrote Down,S33a,,FILM SCORE,,Fsharpm,,,2026-06-19
S33a4834,After Parade,S33a,,FILM SCORE,,D,,,2026-06-19
S33a4835,All Directory On,S33a,,FILM SCORE,,Bm,,,2026-06-19
S33a4836,Analog Dial,S33a,,FILM SCORE,,Bm,,,2026-06-19
S33a4837,Autopens,S33a,,FILM SCORE,,Am,,,2026-06-19
S33a4838,Bell Towers,S33a,,SOUL,,Gm,,,2026-06-19
S33a4839,Cassette Daydreams,S33a,,FILM SCORE,,Gm,,,2026-06-19
S33a484,Chilling,S33a,,FILM SCORE,,Gm,,Dark trap beat with almost post punk guitar treatment,2026-06-19
S33a4840,Cold For Warm,S33a,,FILM SCORE,,Bbm,,,2026-06-19
S33a4841,Defiant Steps,S33a,,FILM SCORE,,Bbm,,,2026-06-19
S33a4843,Footsteps Against The Tide,S33a,,80's Rock and Pop,New Wave - Synthpop,Cm,,,2026-06-19
S33a4844,Glass Skyline,S33a,,FILM SCORE,,Gsharpm,,,2026-06-19
S33a4845,Hanging Back,S33a,,FILM SCORE,,Gsharp,,,2026-06-19
S33a4846,Hollow Night,S33a,,FILM SCORE,,Fm,,,2026-06-19
S33a4847,I Am Telling You About Acts,S33a,,FILM SCORE,,Dsharpm,,,2026-06-19
S33a4848,Iron Gate Dilemma,S33a,,FILM SCORE,,Gm,,,2026-06-19
S33a4849,Keep Running Data,S33a,,FILM SCORE,,Gsharpm,,,2026-06-19
S33a485,Chronicals,S33a,,POP,Electropop,Dm,,Punchy mysterious electro,2026-06-19
S33a4850,Last Benediction,S33a,,POP,Funk,Am,,,2026-06-19
S33a4851,Last Feast,S33a,,FILM SCORE,,Csharpm,,,2026-06-19
S33a4853,Mega Prime,S33a,,POP,Electropop,Gsharpm,,,2026-06-19
S33a4854,Nocturnal Static,S33a,,FILM SCORE,,Dsharpm,,,2026-06-19
S33a4855,Neutral Nights,S33a,,FILM SCORE,,Fm,,,2026-06-19
S33a4856,New Stairs To Crime,S33a,,FILM SCORE,,Dm,,,2026-06-19
S33a4857,Papers Left In The Dark,S33a,,FILM SCORE,,Dm,,,2026-06-19
S33a4858,Parallel Space,S33a,,FILM SCORE,,Am,,,2026-06-19
S33a4859,Pressure Switch,S33a,,FILM SCORE,,Cm,,,2026-06-19
S33a486,City Walk,S33a,,CLASSIC ROCK,Garage Rock,Gsharpm,,jumpy rock that drives like hell,2026-06-19
S33a4860,Random Runs,S33a,,FILM SCORE,,Am,,,2026-06-19
S33a4861,Right To Know Why,S33a,,FILM SCORE,,Em,,,2026-06-19
S33a4863,About It Tonight,S33a,,FILM SCORE,,Em,,,2026-06-19
S33a4864,Circle Up At Sundown,S33a,,FILM SCORE,,Csharp,,,2026-06-19
S33a4865,Cool Out There,S33a,,FILM SCORE,,Bm,,,2026-06-19
S33a4866,Do Not Get Mad,S33a,,FILM SCORE,,Gsharpm,,,2026-06-19
S33a4867,Familiar Dance Ghosts,S33a,,FILM SCORE,,Am,,,2026-06-19
S33a4868,Few Seconds Rush,S33a,,FILM SCORE,,Am,,,2026-06-19
S33a4869,Give Me One,S33a,,FILM SCORE,,Asharpm,,,2026-06-19
S33a487,Decisions In Making,S33a,,FILM SCORE,,Am,,Percussive tension with great reverb,2026-06-19
S33a4870,Help Your Mind,S33a,,FILM SCORE,,Am,,,2026-06-19
S33a4871,Humor In It,S33a,,FILM SCORE,,Cm,,,2026-06-19
S33a4873,In The Same Hour,S33a,,FILM SCORE,,Fm,,,2026-06-19
S33a4874,Is What I Want,S33a,,FILM SCORE,,Am,,,2026-06-19
S33a4875,It Is Appropriate,S33a,,FILM SCORE,,Dm,,,2026-06-19
S33a4876,Let It Go Now,S33a,,FILM SCORE,,Asharpm,,,2026-06-19
S33a4877,Let's Do That Dance,S33a,,80's Rock and Pop,New Wave - Synthpop,Em,,,2026-06-19
S33a4878,Maybe She Knows,S33a,,FILM SCORE,,Cm,,,2026-06-19
S33a4879,Midnight Last Part,S33a,,FILM SCORE,,Fsharpm,,,2026-06-19
S33a488,Double Step,S33a,,POP,Electropop,Am,,"Hip hop on the bottom, electro and space guitars on top",2026-06-19
S33a586,I Will,S33a,,HOUSE,,Gm,,At the corner of House and 80's dancepop. Very lush,2026-06-19
S33a721,Secret Service Detail,S33a,,FILM SCORE,,Em,,"Dark and mysterious, with a combination of orchestral strings alongside suspenseful electronic soundscapes and subtle percussion.",2026-06-19
S33b001,Tune It Up,S33b,,ALTERNATIVE ROCK,Classic Rock,Gm,,*** SOLD TO A&E PERMANENT COLLECTION***,2026-06-19
S33b002,Normal Things,S33b,,ALTERNATIVE ROCK,Classic Rock,Dm,,*** SOLD TO A&E PERMANENT COLLECTION***,2026-06-19
S33b003,Two Endings,S33b,,CLASSIC ROCK,Hard Rock - Metal,Am,,*** SOLD TO A&E PERMANENT COLLECTION***,2026-06-19
S33b004,Tuesday Evening,S33b,,CLASSIC ROCK,Hard Rock - Metal,Am,,*** SOLD TO A&E PERMANENT COLLECTION***,2026-06-19
S33b005,It's Decision Time,S33b,,FILM SCORE,,Cm,,*** SOLD TO A&E PERMANENT COLLECTION***,2026-06-19
S33b006,Elevation,S33b,,ALTERNATIVE ROCK,Funk Rock,Gm,,*** SOLD TO A&E PERMANENT COLLECTION***,2026-06-19
S37a001,Montana Highway,S37a,,COUNTRY,Acoustic - Americana,G,,Solid and deliberate groove with a hint of banjo,2026-06-19
S54a057,Heartland Summer Love,S54a,,HEARTLAND ROCK,Classic Rock,D,,,2026-06-19
S55a001,Imperial Funeral March,S55a,,FILM SCORE,,Gsharpm,,,2026-06-19
S58b001,Nonbinding,S58b,,CLASSIC ROCK,Acoustic - Southern Rock,D,,*** SOLD TO A&E PERMANENT COLLECTION***,2026-06-19
S60a100,In The Morning,S60a,,JAZZ,Piano Trio,A,,"Fun, Upbeat, Piano Jazz Track",2026-06-19
S60a101,Jesus Freaks,S60a,,ALTERNATIVE ROCK,Post-Punk Revival,A,,Fast and Intense Post- Punk Revival Track,2026-06-19
S60a102,Jivin Girl,S60a,,ALTERNATIVE ROCK,Garage Rock,Em,,"Edgy, Hard and Confident Garage Rock Track",2026-06-19
S60a103,LA Yazz,S60a,,AMBIENT,Nu Jazz,Csharp,,"Campy, Groovy Nu Jazz Track",2026-06-19
S60a104,Left Behind,S60a,,FILM SCORE,,Bm,,"Tense, Edgy and Electronic",2026-06-19
S60a105,Looking For Alaska,S60a,,ALTERNATIVE ROCK,Garage Rock,A,,"Edgy, Upbeat and Fast, Garage Rock Track",2026-06-19
S60a106,Lotta Fun,S60a,,FILM SCORE,,F,,"Humerous, Light Tension",2026-06-19
S60a107,Pluckety Pluck Pluck,S60a,,FILM SCORE,,G,,Plucking Phunny,2026-06-19
S60a108,Poor Jimmy,S60a,,ALTERNATIVE ROCK,Garage Rock,A,,"Hard, Edgy and Frantic, Garage Rock Track",2026-06-19
S60a109,Run For Cover 2,S60a,,ALTERNATIVE ROCK,Grunge,Am,,"Hard, Edgy and Upbeat",2026-06-19
S60a110,Spy Games,S60a,,FILM SCORE,,Bm,,Mysterious and Tense,2026-06-19
S60a111,Super Based,S60a,,AMBIENT,Nu Jazz,C,,"Funky, Groovy, Jazzy",2026-06-19
S60a112,The March,S60a,,FILM SCORE,,Dm,,Alternate Mix of: The March,2026-06-19
S60a113,Too Much Glam,S60a,,ALTERNATIVE ROCK,Garage Rock,E,,"There's no thing as too much GLAM!  Fun, Upbeat, Garage Rock Track.",2026-06-19
S60a114,Vibin,S60a,,AMBIENT,Nu Jazz,Dm,,Chill jazz with a little bit of mystery,2026-06-19
S60a115,Baby Brooding,S60a,,80's Rock and Pop,New Wave - Synthpop,Am,,STING for: Baby Brooding,2026-06-19
S60a116,Degenerate Me,S60a,,FILM SCORE,,D,,Dramatic Tension with a Rock Vibe,2026-06-19
S60a117,Like A Rocket,S60a,,FILM SCORE,,C,,Ominous pulsing beats with a nervous agenda to it,2026-06-19
S60a118,Somewhat Swampy,S60a,,FILM SCORE,,Dm,,Somber sounding guitar and bass with an eerie vibe to it,2026-06-19
S60a119,Third Eye,S60a,,80's Rock and Pop,Post-Punk,Eb,,Heavy distorted power chords for a punk rock inspired track,2026-06-19
S60a120,Dancing Class,S60a,,80's Rock and Pop,Post-Punk,Eb,,"Brit sounding pop-punk rock, energetic power chords and a little organ",2026-06-19
S60a121,In The Mist,S60a,,FILM SCORE,,Am,,Ominous sounding track with the piano and orchestra displaying a minimalism approach,2026-06-19
S60a122,The Lonely Ones,S60a,,FILM SCORE,,Cm,,"Strange, ominous sounding track which would fit well in a scenario with tension",2026-06-19
S60a123,Through A Dream,S60a,,TV THEME,Hybrid,Gm,,Electronica-esque track with piano and pulsing background beats,2026-06-19
S60a124,Titan,S60a,,FILM SCORE,,G,,Epic sounding track which would fit well in an action scene with tension,2026-06-19
S60a125,Wade In The Water,S60a,,ALTERNATIVE ROCK,Post-Grunge,Csharpm,,"Soft, palm muted guitar throughout the track with some assistance from another guitar on lead",2026-06-19
S60a126,Young Royalty,S60a,,FILM SCORE,,Dm,,Tense orchestral piece which would work well in an action movie,2026-06-19
S60a1263,Garage RockPosty Punk,S60a,,ALTERNATIVE ROCK,Post-Punk Revival,E,,"Upbeat, Playful, Feel Good Alternative Rock Track",2026-06-19
S60a127,Dream State,S60a,,AMBIENT,Trip Hop,Asharp,,"Melancholic and trippy, like someone who has taken too many sleeping pills after a breakup.",2026-06-19
S60a128,Kaleidoscope Eyes,S60a,,HOUSE,French House,Gm,,"Cool, fun and upbeat House music to dance the night away.",2026-06-19
S60a129,Nightflight,S60a,,HIP HOP/RAP,Modern Hip Hop,Fsharpm,,Groovy and kinda seductive.,2026-06-19
S60a1293,Go That Way,S60a,,POP,Electropop,F,,Groovy and energetic percussion with heavily auto-tuned vocals. Bright and fun with an overall positive feeling.,2026-06-19
S60a1294,Push My Sky,S60a,,POP,Synthpop,Gm,,Upbeat energetic electronic percussion with a wavy groovy synth and a positive fun feeling ambiance.,2026-06-19
S60a1295,Slick City,S60a,,POP,Synthpop,Cm,,Funky upbeat electronic percussion with a fun energetic synth that sounds almost like a females voice.,2026-06-19
S60a1296,Smooth Cruising,S60a,,POP,Electropop,Cm,,Upbeat electronic percussion with a positive upbeat synth and ethereal female vocals.,2026-06-19
S60a130,On The Banks,S60a,,AMBIENT,Trip Hop,Gm,,A chilled out track with a positive vibe.,2026-06-19
S60a131,Down To Drive,S60a,,ALTERNATIVE ROCK,Garage Rock,Gm,,Let your hair down and get your air guitar ready before you hit play!,2026-06-19
S60a132,Hysteria 2,S60a,,FILM SCORE,,Am,,"Playful, but mysterious film score",2026-06-19
S60a133,James Brown Wannabe,S60a,,SOUL,,C,,"Who doesn't wanna be like the main who coined the phrase ""let's hit it and quit it?""",2026-06-19
S60a134,La La Love Me,S60a,,POP,Electropop,Cm,,Sad and Reflective Alternative Pop Track,2026-06-19
S60a135,On The Vine,S60a,,FILM SCORE,,Cm,,Mysterious and Slightly Depressing Film Score,2026-06-19
S60a136,Phantom,S60a,,ALTERNATIVE ROCK,Post-Grunge,Gsharpm,,Dark and Serious Grunge Rock Track,2026-06-19
S60a137,Drunk In The City,S60a,,COMEDY,Quirky,Bm,,"Quirky comedy track with a dark, mysterious undertone.",2026-06-19
S60a138,Oh Yeah 2,S60a,,ALTERNATIVE ROCK,Post-Grunge,Bm,,"Rockin, edgy vibes with grungey electric guitars and cool drums.",2026-06-19
S60a139,Time To Reset,S60a,,FILM SCORE,,F,,A mysterious and suspenseful electronic soundtrack with a dark undertone.,2026-06-19
S60a140,Devil Moves,S60a,,ALTERNATIVE ROCK,Post-Grunge,Dm,,"Defiant, edgy and rockin!",2026-06-19
S60a1400,Authentically Funny,S60a,,FILM SCORE,,Bb,,Curious strings and percussion that have a mischievous searching feeling. Brass added gives a relaxed and positive tone.,2026-06-19
S60a1401,Clubbin' Special,S60a,,POP,Dance,Am,,Upbeat percussion and distorted synth that have a fun and positive tone. Energetic and confident with a happy feeling.,2026-06-19
S60a1403,Growin' In The Garden,S60a,,80's Rock and Pop,New Wave - Synthpop,F,,Positive synth and percussion that have a happy and uplifting feeling. Confident with a relaxed and hopeful tone.,2026-06-19
S60a1404,Signal To Me,S60a,,HEARTLAND ROCK,Alternative Rock,C,,Peaceful guitar that has a relaxed and positive tone. Hopeful with added percussion that gives a reflective feeling.,2026-06-19
S60a1405,Playfully Playing,S60a,,FILM SCORE,,Bb,,Upbeat percussion and strings that have a positive and happy feeling. Fun and uplifting with a bright tone.,2026-06-19
S60a1406,A Friendly Face,S60a,,FILM SCORE,,F,,Positive strings and percussion that have a bright and uplifting tone. Happy and hopeful with a warm feeling.,2026-06-19
S60a1407,Luck Is Here,S60a,,HIP HOP/RAP,Modern Hip Hop,Dm,,Upbeat hip hop percussion and piano that have a positive and confident tone. Defiant with an edgy feeling.,2026-06-19
S60a1408,Vibin' Out,S60a,,FILM SCORE,,C,,Positive strings and percussion that have a bright and uplifting feeling. Happy with a fun and peaceful tone.,2026-06-19
S60a1409,Friendly Times,S60a,,POP,Synthpop,C,,Bright strings and percussion that have a hopeful and positive tone. Peaceful and uplifting with a happy feeling.,2026-06-19
S60a141,Dis Guy,S60a,,HEAVY METAL,Thrash Metal,Dm,,"Edgy, head banging music to make you feel defiant.",2026-06-19
S60a1410,Fun And Quirky,S60a,,COMEDY,Orchestral,A,,"Silly brass, strings and percussion that have a fun and bright feeling. Positive and uplifting with a quirky tone.",2026-06-19
S60a1411,Slightly Sorrowful,S60a,,FILM SCORE,,Fm,,Hopeful piano and strings that have a dark and melancholic feeling. Serious with a reflective and barren tone.,2026-06-19
S60a1413,Lil Plucks,S60a,,FILM SCORE,,A,,,2026-06-19
S60a1414,Say It Loud,S60a,,SOUL,,A,,,2026-06-19
S60a142,Dude Its Fun,S60a,,FILM SCORE,,Dm,,Mysterious and suspenseful.,2026-06-19
S60a143,Moon And Sun,S60a,,ALTERNATIVE ROCK,Post-Grunge,Dm,,Gritty and grungey garage rock.,2026-06-19
S60a1433,Finding A Solution,S60a,,FILM SCORE,,G,,Peaceful piano that has a soft and hopeful tone. Bright and uplifting percussion adds a relaxed and happy feeling.,2026-06-19
S60a1439,Bouncin' And Dancin',S60a,,80's Rock and Pop,Pop Rock,B,,"Bouncy, train beat tune with 80's sounding synths, slight break about halfway through.",2026-06-19
S60a1440,People Love,S60a,,80's Rock and Pop,Pop Rock,A,,"Keys lathered in reverb, shimmering electric guitars and piano stabs straight from the glam-rock playbook.",2026-06-19
S60a1441,Alt Approach,S60a,,ALTERNATIVE ROCK,Post-Punk Revival,Fsharp,,,2026-06-19
S60a1447,Hard Hittin' Pickin',S60a,,ALTERNATIVE ROCK,Garage Rock,E,,Big stomping riff with smooth distortion. Riff gets doubles with the bass halfway through in a MEGA STOMP,2026-06-19
S60a1451,Laidback Heartland,S60a,,HEARTLAND ROCK,Acoustic - Classic Rock,D,,,2026-06-19
S60a1460,Stars Of The Land,S60a,,HEARTLAND ROCK,Acoustic - Classic Rock,E,,,2026-06-19
S60a1461,Stompy Donny,S60a,,80's Rock and Pop,Pop Rock,D,,,2026-06-19
S60a147,Manic Repression,S60a,,ALTERNATIVE ROCK,Pop Punk,B,,"Powerful, confident Alternative Rock track with positive vibes.",2026-06-19
S60a148,Country Fried Steak,S60a,,HEARTLAND ROCK,Classic Rock,E,,"Positive classic rock featuring confident guitars, a groovy organ and edgy drums.",2026-06-19
S60a149,Filled To The Brim,S60a,,FILM SCORE,,E,,"A fun, positive adventure soundtrack.",2026-06-19
S60a150,Silly Billy,S60a,,FILM SCORE,,Bm,,Mysterious and comical at the same time.,2026-06-19
S60a151,It Was Built For Speed,S60a,,ALTERNATIVE ROCK,Pop Punk,E,,Energetic angsty riffs for that punk loving thrash head,2026-06-19
S60a152,Flashback To The Future,S60a,,FILM SCORE,,Em,,Eerie track with some ambient like effects to give you chills,2026-06-19
S60a153,Good To Go,S60a,,ALTERNATIVE ROCK,Garage Rock,A,,"Distorted, energetic power chords to get you pumped up",2026-06-19
S60a154,Kick Run Shoot,S60a,,ALTERNATIVE ROCK,Post-Grunge,B,,"Has that grungy type of feel to it, oozing with flannel",2026-06-19
S60a155,Night Time Is The Right Time,S60a,,ALTERNATIVE ROCK,Garage Rock,Cm,,Distorted guitar with what sounds like an accordion laying some minor backup,2026-06-19
S60a156,Slow And Stupid,S60a,,COMEDY,Quirky,Gm,,Drunk sounding accordion and back up band for one heck of a strange time,2026-06-19
S60a157,The Confrontation,S60a,,FILM SCORE,,Bm,,Ominous sounding score with ambient and tense elements to it,2026-06-19
S60a158,Thinking Of The West,S60a,,FILM SCORE,,Fm,,Percussion taking the lead while ominous sounding strings and other creepy effects lend a hand,2026-06-19
S60a159,Your Elegance,S60a,,FILM SCORE,,C,,Triumphant sounding orchestral piece which would fit well for an action movie,2026-06-19
S60a160,Anubis,S60a,,FILM SCORE,,Cm,,"Persistent electronic pulsing gives this track a nervous vibe to it, which would fit in an action/sci fi kinda movie",2026-06-19
S60a161,Beast Of Bourbon,S60a,,ALTERNATIVE ROCK,Punk,A,,"Angsty, energetic power chords playing some 90's sounding punk rock",2026-06-19
S60a164,Swamps Of Jersey,S60a,,FOLK,Acoustic - Americana,G,108,Upbeat cheery acoustic playing a track that would brighten up any ones day,2026-06-19
S60a1647,In The Utah Desert,S60a,,HEARTLAND ROCK,Acoustic - Classic Rock,Eb,,,2026-06-19
S60b001,Glam Man,S60b,,CLASSIC ROCK,Blues Rock,E,,*** SOLD TO A&E PERMANENT COLLECTION***,2026-06-19
S60b002,Grizzly Grit,S60b,,ALTERNATIVE ROCK,Post-Grunge,D,,*** SOLD TO A&E PERMANENT COLLECTION***,2026-06-19
S60b003,Whiskey In The Morning,S60b,,ALTERNATIVE ROCK,Post-Grunge,D,,*** SOLD TO A&E PERMANENT COLLECTION***,2026-06-19
S61a031,Down The Hatch,S61a,,CLASSIC ROCK,Blues Rock,Am,,"Fun, upbeat Rock vibes to put you in a great mood.",2026-06-19
S61b001,Don't Mess With Mama,S61b,,POP,Piano,G,,*** SOLD TO A&E PERMANENT COLLECTION***,2026-06-19
S61b002,Whiskey Out The Barrel,S61b,,FILM SCORE,,Cm,,*** SOLD TO A&E PERMANENT COLLECTION***,2026-06-19
S62a039,Bete Noir,S62a,,ALTERNATIVE ROCK,Funk Rock,E,,Confident electric guitar that has a rebellious and defiant feeling. Groovy percussion adds a positive and upbeat tone.,2026-06-19
S62a069,Tombstone Piledriver,S62a,,COUNTRY,Country Rock,E,,Sloppy country guitar stomps all over the dive bar after a billiards game.,2026-06-19
S71a014,Circus Nuts,S71a,,COMEDY,Quirky,A,,Quirky comedy vibes.,2026-06-19
S72a022,Highway Vista,S72a,,FOLK,Acoustic - Americana,G,,,2026-06-19
S73b001,Rattle Shake,S73b,,CLASSIC ROCK,Garage Rock,Fsharpm,108,When you're just too cool for school...,2026-06-19
S73b002,Showing Off,S73b,,80's Rock and Pop,Post-Punk,A,112,Fun and cool Rock music with a sense of determination.,2026-06-19
S73m011,Truffle Shuffle,S73m,,ALTERNATIVE ROCK,Post-Grunge,Dm,,heavy slimy grunge that'll make you want to shower,2026-06-19
S73w002,Boogie Woogie,S73w,,CLASSIC ROCK,Blues Rock,E,,,2026-06-19
S73y004,Moon Over The Bayou,S73y,,CLASSIC ROCK,Post-Punk,Gm,,,2026-06-19
S75a358,Kill My Mood,S75a,,POP,Electropop,B,,,2026-06-19
S75a359,Two Thousand People,S75a,,POP,Dance,Abm,,,2026-06-19
S75a360,Home At Last,S75a,,FILM SCORE,,Eb,,,2026-06-19
S75a361,Motivational Energy,S75a,,FILM SCORE,,C,,,2026-06-19
S77b001,Bend Backwards,S77b,,80's Rock and Pop,Post-Punk,Am,,*** SOLD TO A&E PERMANENT COLLECTION***,2026-06-19
S77b002,Kingdom Of Rock,S77b,,ALTERNATIVE ROCK,Garage Rock,Bm,,*** SOLD TO A&E PERMANENT COLLECTION***,2026-06-19
S77b003,Fuzzy Wuzzy,S77b,,ALTERNATIVE ROCK,Garage Rock,Em,,*** SOLD TO A&E PERMANENT COLLECTION***,2026-06-19
S77b004,I Shave With An Axe,S77b,,ALTERNATIVE ROCK,Garage Rock,Dm,,*** SOLD TO A&E PERMANENT COLLECTION***,2026-06-19
S77b005,Mammoth Hunting,S77b,,ALTERNATIVE ROCK,Garage Rock,Dm,,*** SOLD TO A&E PERMANENT COLLECTION***,2026-06-19
S77b006,My Low End Will Take You Out,S77b,,ALTERNATIVE ROCK,Garage Rock,Dm,,*** SOLD TO A&E PERMANENT COLLECTION***,2026-06-19
S77b007,On The Quest,S77b,,ALTERNATIVE ROCK,Garage Rock,Bm,,*** SOLD TO A&E PERMANENT COLLECTION***,2026-06-19
S77b008,Boy Becomes Man,S77b,,FOLK,Acoustic - Americana,Dm,,*** SOLD TO A&E PERMANENT COLLECTION***,2026-06-19
S77b009,The Manliest Man,S77b,,ALTERNATIVE ROCK,Garage Rock,Dm,,*** SOLD TO A&E PERMANENT COLLECTION***,2026-06-19
S80a233,Start To Finish,S80a,,ALTERNATIVE ROCK,Garage Rock,Em,,Drummer pounds out a quarter note snare drum tattoo while the bank plays a searing rock and roll riff.,2026-06-19
S80a237,A Good Time For You,S80a,,TECHNO,Synthpop,Fm,,,2026-06-19
S80a238,A Moment's Glance,S80a,,POP,Electropop,Abm,,,2026-06-19
S80a239,A Place To Party,S80a,,POP,Electropop,Dm,,,2026-06-19
S80a240,All About My Biz,S80a,,POP,Electropop,Cm,,,2026-06-19
S80a241,Not All The Way,S80a,,POP,Electropop,Cm,,,2026-06-19
S80a242,Authentically Sassy,S80a,,HOUSE,Progressive House,Fm,,,2026-06-19
S80a243,Back In Business Again,S80a,,HOUSE,Progressive House,Em,,,2026-06-19
S80a244,Big Fire Under Yer Feet,S80a,,POP,Electropop,Fm,,,2026-06-19
S80a245,Brag About It,S80a,,TECHNO,Synthpop,Fm,,,2026-06-19
S80a246,Can't Come With Me,S80a,,POP,Electropop,Dm,,,2026-06-19
S80a247,Conflicts And Quirks,S80a,,POP,Electropop,Cm,,,2026-06-19
S80a248,Envy Overload,S80a,,POP,Electropop,Gbm,,,2026-06-19
S80a249,Everyone Around Is A Snake,S80a,,POP,Electropop,Cm,,,2026-06-19
S80a250,Exquisit Party,S80a,,POP,Electropop,Fm,,,2026-06-19
S80a251,Fire Within,S80a,,POP,Electropop,Fm,,,2026-06-19
S80a252,Get On Board,S80a,,POP,Electropop,Cm,,,2026-06-19
S80a253,Goosebumps All Night,S80a,,POP,Electropop,Cm,,,2026-06-19
S80a254,Lights Within You,S80a,,POP,Electropop,Gbm,,,2026-06-19
S80a255,Party Please,S80a,,POP,Electropop,Gm,,,2026-06-19
S80a256,Pushing Your Way Through,S80a,,TECHNO,Synthpop,Fm,,,2026-06-19
S80a257,Time To Get Serious,S80a,,POP,Electropop,Cm,,,2026-06-19
S80a258,I Think We Made It,S80a,,POP,Electropop,Abm,,,2026-06-19
S81j001,Giggle With Me,S81j,,FILM SCORE,,Am,,,2026-06-19
S81j002,Is It True?,S81j,,FILM SCORE,,D,,,2026-06-19
S81j003,It's Never Enough,S81j,,FILM SCORE,,Fm,,,2026-06-19
S81j004,Break Pattern,S81j,,FILM SCORE,,Fm,,,2026-06-19
S81j005,Funny Coincidence,S81j,,FILM SCORE,,Cm,,,2026-06-19
S85a424,Play It Loud,S85a,,ALTERNATIVE ROCK,Post-Punk Revival,Em,,kinda 80's vibe. funky rock distorted guitar over a funky track.,2026-06-19
S85a426,In Outer Space,S85a,,ALTERNATIVE ROCK,Garage Rock,Dm,,,2026-06-19
S85a480,Cast Walk,S85a,,JAZZ,Electroswing,CSharpm,,"Frantic electroswing anthem, fusing New Orleans jazz with modern club beats.",2026-06-19
S85a481,Nightime 2,S85a,,JAZZ,Electroswing, Gm,123,Modern electroswing beat with old-school jazz samples & vocal chops.,2026-06-19
S86a072,Winner Winner Chicken Dinner,S86a,,FILM SCORE,,E,,,2026-06-19
S86a073,Showdown Countdown,S86a,,FILM SCORE,Western,Em,,,2026-06-19
S86a074,Putting The Pedal To The Metal,S86a,,ALTERNATIVE ROCK,Metal,D,,,2026-06-19
S86a075,Lone Star Shuffle,S86a,,BLUES,Blues Rock,G,,,2026-06-19
S86a076,Fire It Up,S86a,,CLASSIC ROCK,Hard Rock - Metal,E,,,2026-06-19
S86a077,AC N DC Power Supply,S86a,,CLASSIC ROCK,Hard Rock - Metal,A,,,2026-06-19
S86a105,Life's Lament,S86a,,FILM SCORE,,Dm,,"Quite an experience with bottle percussion, clean guitar, big sweeps and creepy arpeggios",2026-06-19
S86a106,Closing Walls Of Panic,S86a,,FILM SCORE,,Cm,,"Anxiety-inducing sound design, tidal wave orchestras and dramatic percussion.",2026-06-19
S86a108,Somber Contemplation,S86a,,FILM SCORE,,Gsharpm,,"Slow, sad strings",2026-06-19
S86a109,Somber Contemplation 2,S86a,,FILM SCORE,,Gm,,Starts with slow and introspective strings and then adds airy synth pads,2026-06-19
S86a110,Snake Eyes,S86a,,JAZZ,Electroswing,C,118,Modern beats fused with classic electroswing jazz.,2026-06-19
S86b002,Asphyxiating Atmosphere,S86b,,FILM SCORE,,Em,,"Eerie, over-your-shoulder film score with intense sonic pallets.",2026-06-19
S86b003,Hunter Or Hunted,S86b,,FILM SCORE,,Gm,,"Creeping, crawling percussion with a terrifying bleak outlook.",2026-06-19
S86b004,Unforgiven Remorse,S86b,,FILM SCORE,,Bbm,,"Depressing, defeated synths cry out for help underneath ethereal layers.",2026-06-19
S86b010,Palpable Plausibility,S86b,,FILM SCORE,,Ebm,,"Worrisome, cinematic percussion overwhelms sinister sound design.",2026-06-19
S86b018,Slip N Slide In Style,S86b,,HOUSE,Progressive House,Am,,Very fast and aggressive. Driving and relentless. Oh you're sweating now and you might fall down.,2026-06-19
S86b020,Smashional Anthem,S86b,,POP,Electropop,Em,,Super fast and intense with industrial guitar blasts and lots of handclaps.,2026-06-19
S86b021,Smash Test Dummies,S86b,,HIP HOP/RAP,Trap,Am,,,2026-06-19
S86b022,Spotlight Spins,S86b,,POP,Dance,Am,,,2026-06-19
S86b023,Dramarama Ding Dong,S86b,,FILM SCORE,,Gm,,,2026-06-19
S86b024,Another Heart Breaks,S86b,,POP,R&B,Bbm,,,2026-06-19
S86b025,Mixer Madness,S86b,,HOUSE,Electro House,Gm,,,2026-06-19
S86b026,Shot Glass Showdown,S86b,,FILM SCORE,,Dm,,,2026-06-19
S86b027,Sip Session Scandal,S86b,,FILM SCORE,,Cm,,,2026-06-19
S86b028,Dramanator Detonator,S86b,,FILM SCORE,,Em,,,2026-06-19
S87a011,Customer Satisfaction,S87a,,POP,R&B,F,,Poppy with silly background vocal,2026-06-19
S87m001,Absolutely,S87m,,HIP HOP/RAP,Modern Hip Hop,Eb,,Edgy and Defiant Modern Hip Hop Track,2026-06-19
S87m003,Butterfly Effect,S87m,,HIP HOP/RAP,Modern Hip Hop,F,,"Edgy, Serious and Confrontational Modern Hip Hop Track",2026-06-19
S87o038,Acoustics,S87o,,FILM SCORE,,Dm,199,Soft percussion that has a curious and searching feeling. Barren ambiance gives more of a mysterious tone.,2026-06-19
S87o041,Tension Ambience,S87o,,FILM SCORE,,Dm,118,Creepy ambiance with a barren and unsettling feeling caused by rattling chains and chimes. Dark and ominous with an eerie tone.,2026-06-19
S88a067,Pleasant Veneer Is Still Veneer,S88a,,FILM SCORE,,A,,"Bright, Hopeful and Ethereal Film Score",2026-06-19
S88a098,Urinal Birthday Cake,S88a,,ALTERNATIVE ROCK,Garage Rock,E,,,2026-06-19
S88a099,Smashed And Roasted Tomatoes,S88a,,ALTERNATIVE ROCK,Garage Rock,A,,,2026-06-19
S88a100,Rockland Heights,S88a,,ALTERNATIVE ROCK,Garage Rock,A,,,2026-06-19
S88a101,Radioactive Slime,S88a,,ALTERNATIVE ROCK,Garage Rock,A,,,2026-06-19
S88a102,Portapotty,S88a,,ALTERNATIVE ROCK,Garage Rock,A,,,2026-06-19
S88a103,Live Tonight,S88a,,ALTERNATIVE ROCK,Garage Rock,E,,,2026-06-19
S88a104,Kick It And Flip It,S88a,,ALTERNATIVE ROCK,Garage Rock,A,,,2026-06-19
S88a105,Bouncey Slam Jam,S88a,,ALTERNATIVE ROCK,Garage Rock,C,,,2026-06-19
S88a106,Hive Mind,S88a,,ALTERNATIVE ROCK,Garage Rock,A,,,2026-06-19
S88a107,Hot Rod Driving,S88a,,80's Rock and Pop,Post-Punk,A,,,2026-06-19
S88a148,Compulsating,S88a,,FILM SCORE,,F,,Minimal instrumentation but plenty of weirdness. 80's synth bass is the driver here.,2026-06-19
S88a149,Foreboding Whispers,S88a,,FILM SCORE,,Am,,Tension in a romantic but intriguing mini series on HULU. Piano and strings,2026-06-19
S88a150,Gazpacho,S88a,,SOUL,,A,,,2026-06-19
S88a151,Papaya Salad,S88a,,POP,Soul,C,,,2026-06-19
S88a152,With The Spoon,S88a,,FILM SCORE,,D,,understated driving mystery. suddenly it seems something is about to go very wrong and things are starting to move.,2026-06-19
S89a141,If Walls Could Talk,S89a,,FILM SCORE,,Fm,,A hybrid with mystery and intrigue and a little bit of creep.,2026-06-19
S89a253,Will We Ever Know,S89a,,FILM SCORE,,Am,,Barren ambiance that has an eerie and unsettling feeling. Piano added gives a hopeful and reflective tone.,2026-06-19
S89a269,One Starry Night,S89a,,NEW AGE,Ambient,G,,Soft ambiance and piano that have a bright and peaceful feeling. Relaxing and uplifting with a positive and hopeful tone.,2026-06-19
S89a451,Uplifting Celebration,S89a,,POP,Dance,G,,Hip-hip-hooray synthesizers build in intensity on this positivity-promoting pop song.,2026-06-19
S89a524,Beach Daze,S89a,,WORLD-ETHNIC,Latin Pop,Dm,,,2026-06-19
S89a525,Tiempo De Fiesta,S89a,,WORLD-ETHNIC,Latin,G,,,2026-06-19
S89b066,Klang Haus,S89b,,ALTERNATIVE ROCK,Post-Grunge,E,,,2026-06-19
S89b067,Grass Roots,S89b,,ALTERNATIVE ROCK,Acoustic - Pop Rock,B,,,2026-06-19
S89b068,Catching Up With Friends,S89b,,CLASSIC ROCK,Acoustic - Southern Rock,A,,,2026-06-19
S89b069,A Funky Alternative,S89b,,ALTERNATIVE ROCK,Funk Rock,Dm,,,2026-06-19
S89b070,Snarl And Bite,S89b,,CLASSIC ROCK,Hard Rock - Metal,Gm,,,2026-06-19
S89b071,Got In Roads,S89b,,ALTERNATIVE ROCK,Post-Grunge,F,,,2026-06-19
S89b072,Illumination,S89b,,ALTERNATIVE ROCK,Grunge,E,,,2026-06-19
S89b073,Fuel,S89b,,ALTERNATIVE ROCK,Post-Grunge,Bm,,,2026-06-19
S89d011,Grandpa's Old Tool Cabinet,S89d,,FOLK,Singer/Songwriter,Db,,,2026-06-19
S89e072,Heart Full Of Memories,S89e,,HEARTLAND ROCK,Acoustic - Alternative Rock,Eb,,,2026-06-19
S89e073,Happy Homestead,S89e,,HEARTLAND ROCK,Acoustic - Americana,B,,,2026-06-19
S89e074,A King's Entrance,S89e,,FILM SCORE,,C,,,2026-06-19
S89e075,Clubhouse Shuffle,S89e,,CLASSIC ROCK,Hard Rock - Metal,D,,,2026-06-19
S89e079,Green Fur On The Jam,S89e,,ALTERNATIVE ROCK,Post-Punk Revival,G,,,2026-06-19
S89f002,Pompous Villain,S89f,,FILM SCORE,,F,,Dramatic and creepy tension.,2026-06-19
S89r018,Mysterious Dreamland,S89r,,FILM SCORE,,D,,Soft strings and percussion that have a mysterious and adventurous feeling. Hopeful with a melancholic and serious tone.,2026-06-19
S89r031,Lolly Gagging,S89r,,POP,Electropop,A,,Easygoing dance beat with a 70's TV kinda synth melody,2026-06-19
S90a143,Grind Don't Stop,S90a,,POP,Dance,Bm,,Oldie horn samples over a driving dance beat,2026-06-19
S90a144,Low Key Caught,S90a,,FILM SCORE,,Bbm,,Deliberate and tense with trap beats,2026-06-19
S90a145,Velvet Ropes,S90a,,HOUSE,Electro House,Am,,Straight ahead and driving with a somewhat mysterious and undulating high melody. Gets very aggressive at :30,2026-06-19
S90a146,Shots Before Sunset,S90a,,HOUSE,Deep House,Fsharpm,,Feels like a 90's dancefloor classic,2026-06-19
S90a152,Champagne All Night,S90a,,POP,Electropop,Am,,Sort of easy going synth heavy with a punchy bass,2026-06-19
S91e021,Whispered Secret,S91e,,FILM SCORE,,Dm,,Dark percussion with a mysterious and foreboding synth. Tense and unsettling like trying to escape an alien fleet through an asteroid field.,2026-06-19
S98a030,Cold Copy,S98a,,FILM SCORE,,Em,,Tense but groovy industrial track. Minimal,2026-06-19
S98a031,Unicorn Trap,S98a,,FILM SCORE,,Em,,Minimal mystery. sounds like the soundtrack to an exhibit at MOMA,2026-06-19
S98a032,We Are Back Again,S98a,,FILM SCORE,,C,,Minimal industrial weirdness. with quirky bleeps and blips.,2026-06-19
T08a029,Gotta Stop,T08a,,CLASSIC ROCK,Funk Rock,Csharp,112,Retro yacht rock with sultry keys and a lush conga groove.,2026-06-19
T08a036,Mostly Congas Midtempo,T08a,,FILM SCORE,,NA,,Great percussion tension simple and rhythmic,2026-06-19
T08a037,Cha Cha Chuckles,T08a,,FILM SCORE,,D,,,2026-06-19
T08a038,Merengue Cruise,T08a,,JAZZ,Fusion,G,,,2026-06-19
T08a039,Timbonga,T08a,,WORLD-ETHNIC,Latin,D,,,2026-06-19
T08a040,Wawa Cana,T08a,,FILM SCORE,,E,,,2026-06-19
T08a041,Merengue In Yo Face,T08a,,WORLD-ETHNIC,Latin,G,,,2026-06-19
T08a042,Congaton,T08a,,80's Rock and Pop,New Wave - Synthpop,Eb,,,2026-06-19
T08a043,Tell Yo Mambo,T08a,,CLASSIC ROCK,Latin Rock,B,,,2026-06-19
T09a064,Snapped In Two,T09a,,FILM SCORE,,B,118,"Dark, nightmarish synth risers over a creepy percussive loop.",2026-06-19
T09a065,Pulse Panic,T09a,,FILM SCORE,,C,,Understated rhythm with distant slamming doors a high falling effects. like a score to an odd modern art piece at MOMA,2026-06-19
T09a066,Underneath The Basement,T09a,,FILM SCORE,,G,,Deep dark pads with horror industrial rhythms,2026-06-19
T09a067,Snapped Off,T09a,,FILM SCORE,,Fsharp,,Mystery pulses and pads get rudely interrupted by horror strings,2026-06-19
T20a003,Dark Waves In The Night,T20a,,FILM SCORE,,Cm,,Androgynous vocal splices and synth bells ask tense questions over a trap beat.,2026-06-19
T21a042,Sunburst Sugar,T21a,,POP,Electropop,Csharp,,Acoustic guitar riff turns into pure pop ambient pleasure.,2026-06-19
T21a051,Secrets At Sundown,T21a,,POP,Synthpop,D,,Just because something is moody doesn't mean the mood has to be bad! This is nice moody and a cool vibe.,2026-06-19
T21a052,Swagger And Faith,T21a,,POP,Hip Hop/Rap,Fsharpm,,Groovy late night soul song. Born in 2023 but longing for the 80's,2026-06-19
T27a022,Hint Of Trouble,T27a,,POP,Electropop,Bbm,,starts so quiet and innocent and builds into a driving tour de force.,2026-06-19
T27a023,Dashing Truths,T27a,,POP,Electropop,B,,Opens with a solo filtered synth. Every 8 bars adds and element with t big build that drops at :45,2026-06-19
T27a024,Endless Habits,T27a,,POP,Electropop,Gm,,,2026-06-19
T28a087,Mr Lonely,T28a,,FILM SCORE,,Am,86,Down-in-the-dumps rap beat with a melancholy string arrangement.,2026-06-19
T28a094,Mr Zee,T28a,,HIP HOP/RAP,Classic Hip Hop,Cm,,Retro synthesizers emulate horn blasts on this classic-feeling hip-hop song.,2026-06-19
T31a011,Dance Til Dawn,T31a,,POP,Electropop,Cm,,"Big, fat synth riff kicks off. Ads the beat and swooshes as it build to :48",2026-06-19
T31a012,Never Enough Dude,T31a,,POP,Electropop,Em,,Buzzy and intense with almost industrial effect in the back,2026-06-19
T31a013,Midnight Flames,T31a,,HOUSE,Electro House,Gm,,Simple and to the point. Main rhythm is a buzzy synth bass that is augmented by synth orchestra at :38,2026-06-19
T31a014,Smack Talk,T31a,,FILM SCORE,,Em,,Low hits create a melody over blocks and clave beat,2026-06-19
T31a015,212 Boiling Point,T31a,,FILM SCORE,,Dm,,Subtle psycho strings (if such a thing exists) with low drama piano and trap drums,2026-06-19
T31a016,Ghosted AF,T31a,,FILM SCORE,,Am,,Short strings a low piano over a simple synthy beat. High strings join in part 2,2026-06-19
T31a017,Coconut Smile,T31a,,FOLK,Singer/Songwriter,C,,,2026-06-19
T31a018,Contemplation Station,T31a,,FOLK,Singer/Songwriter,E,,,2026-06-19
T31a019,Best Friend Of Mine,T31a,,FOLK,Singer/Songwriter,D,,,2026-06-19
T31a020,Grateful Morning,T31a,,FOLK,Singer/Songwriter,D,,,2026-06-19
T31a021,Mindful Moments,T31a,,FOLK,Singer/Songwriter,C,,,2026-06-19
T31a022,On My Way,T31a,,POP,Electropop,Am,,,2026-06-19
T31a023,Summer Salvation,T31a,,WORLD-ETHNIC,Latin Pop,FSharpm,,,2026-06-19
T37a005,Wicked Swag,T37a,,FILM SCORE,,Gm,,Muted hip hop tension with synth strings and simple trap drums.,2026-06-19
T37a006,Are You Sure,T37a,,HIP HOP/RAP,Trap,Csharpm,,groovy and sexy in a late night kinda way.,2026-06-19
T37a007,Assure Amiri,T37a,,FILM SCORE,,Em,,Understated trip hop tension.,2026-06-19
T37a008,Getting There,T37a,,FILM SCORE,,Fsharpm,,Trap with understated and filtered high strings. Later a low synth bass and high plucky stuff enters.,2026-06-19
T37a009,So Sneaky,T37a,,FILM SCORE,,Cm,,"Chill and understated. Might be sexy, might be deadly...who knows?",2026-06-19
T37a010,Getting Thrills,T37a,,FILM SCORE,,Fsharpm,,Muted and dark. Great track to sit in the background and make everyone nervous.,2026-06-19
T37a011,Spooky Fluters,T37a,,FILM SCORE,,Dsharpm,,Sexy and simple and a little tense.,2026-06-19
T38a004,Bonded and Bound,T38a,,FILM SCORE,,C,,Big stabs high high industrial drama,2026-06-19
T38a005,Infinite Space,T38a,,FILM SCORE,,Em,,Ethereal pulses and single note piano line Very mysterious,2026-06-19
T38a006,Iron Heart,T38a,,FILM SCORE,,Dm,,"Big, Bombastic and industrial",2026-06-19
T38a007,The Final Frontier,T38a,,FILM SCORE,,Gm,,"Dark and urgent. nervous, desperate fast paced strings over a menacing rhythm.",2026-06-19
T39a004,On The Hunt Again,T39a,,FILM SCORE,,Dm,,Underground mystery with lots of pipes and dripping things that you wouldn't even want to identify.,2026-06-19
T40d024,Dirty Dozen 2,T40d,,POP,Dance,Fm,,Kinda spacey and ethereal with a synth sitar,2026-06-19
T40d025,Do The Deed 2,T40d,,FILM SCORE,,Fm,,"Mysterious, Ambient hip hop with tense strings.",2026-06-19
T40d026,Don't Get Me Mad 2,T40d,,FILM SCORE,,Bm,,"A little mysterious, a little quirky",2026-06-19
T40d027,Space Suit,T40d,,FILM SCORE,,Fm,,,2026-06-19
T40d054,Countdown To What,T40d,,FILM SCORE,,Bm,,"Mysterious, avant-garde piano score with contemporary orchestral movement.",2026-06-19
T40d055,Kinshasa,T40d,,WORLD-ETHNIC,Afro Beat,Am,,World-travel-approved club beat.,2026-06-19
T40d091,Soledad,T40d,,HIP HOP/RAP,Modern Hip Hop,Em,,,2026-06-19
T40h088,Play Nice,T40h,,FILM SCORE,,Gm,,,2026-06-19
T40h089,Don't Look Now,T40h,,FILM SCORE,,Csharpm,,,2026-06-19
T40h090,Gotta Be All Or Nothing,T40h,,HIP HOP/RAP,Modern Hip Hop,Bm,,,2026-06-19
T40h091,Double Dog Dare,T40h,,FILM SCORE,,Cm,,,2026-06-19
T40h092,Move N Groove,T40h,,POP,Electropop,Ebm,,,2026-06-19
T40h093, No One Saw That,T40h,,FILM SCORE,,Cm,,,2026-06-19
T40h094,Not The Same,T40h,,HIP HOP/RAP,Modern Hip Hop,Fsharpm,,,2026-06-19
T40h095,Oh Snap,T40h,,HIP HOP/RAP,Trap,Em,,,2026-06-19
T40h096,Side Eye,T40h,,FILM SCORE,,Bm,,,2026-06-19
T40h097,Slide Left,T40h,,FILM SCORE,,Em,,,2026-06-19
T40h098,Smacking Gum,T40h,,FILM SCORE,,Em,,,2026-06-19
T40h099,Tables Turned,T40h,,FILM SCORE,,Em,,,2026-06-19
T40h100,Too Little Too Late,T40h,,FILM SCORE,,Gm,,Sparse and creepy with synth guitar and theramin sounding effect before a beat and piano and strings join in.,2026-06-19
T40h101,Troubled Waters,T40h,,FILM SCORE,,Am,,Piano and string based with a hip hop beat,2026-06-19
T40h102,TGIF,T40h,,POP,Electropop,Cm,,,2026-06-19
T40i001,Endgame 2,T40i,,POP,Dance,Ebm,81,"Toxic, rowdy synthesizers text their sneaky link at 2 AM.",2026-06-19
T40l047,Don't Double Cross Me,T40l,,HOUSE,Progressive House,Em,,,2026-06-19
T40l048,Can't Hold Back,T40l,,POP,Synthpop,Ebm,,,2026-06-19
T40l049,You're The Only One For Me,T40l,,POP,Dance,Dm,,,2026-06-19
T40l050,Take Me Back To When,T40l,,POP,Dance,G,,,2026-06-19
T40n001,Ballin',T40n,,HIP HOP/RAP,Modern Hip Hop,Fsharpm,,,2026-06-19
T40n002,Spilt Tea,T40n,,HIP HOP/RAP,Modern Hip Hop,Cm,,,2026-06-19
T40o001,Arterial,T40o,,FILM SCORE,,Dm,,,2026-06-19
T43a021,Bad Heart,T43a,,FILM SCORE,,Fm,,So weird and unsettling. Creep synths and arpeggiated UFO,2026-06-19
T43e001,Speedy Nerves,T43e,,FILM SCORE,,Dm,,Slow and groovy synths of all sorts form an ethereal and slightly tense environment,2026-06-19
T43e002,Always In Drama,T43e,,FILM SCORE,,Bm,,Opens light and weird like the exorcist theme but then the low stuff comes in making it more ominous.,2026-06-19
T43e003,Total Blackout,T43e,,FILM SCORE,,Dm,,"Slow, groovy and deliberate with trap drums and punchy synths.",2026-06-19
T43e004,Me Myself And I,T43e,,FILM SCORE,,Abm,,Trap tension. High synth enters in part 2. Low strings and synth bass dominate,2026-06-19
T43e005,Not Cool With It,T43e,,FILM SCORE,,Cm,,Pluck strings and xylophone. Added by thick string counterpart,2026-06-19
T46a006,Going Out Tonight,T46a,,HOUSE,Deep House,Am,,"Synth bass leads off until the beat drops at :15. Highly processed vocals shout ""HEY""",2026-06-19
T46a007,Bigtime Show Stopper,T46a,,POP,Electropop,E,,Starts with claps and a simple synth melody. Adds much bigger synths @ :15,2026-06-19
T46a008,Storm The Dancefloor,T46a,,HOUSE,Deep House,D,,Big and intense House jam. Simple and punchy,2026-06-19
T46a009,Ladies Night,T46a,,POP,Dance,Csharpm,,,2026-06-19
T46a010,Creeping On Ya,T46a,,HIP HOP/RAP,Modern Hip Hop,Em,,,2026-06-19
T46a011,Live And Direct,T46a,,HIP HOP/RAP,Modern Hip Hop,Gm,,,2026-06-19
T46a012,Last Sunset,T46a,,POP,Electropop,Eb,,,2026-06-19
T46a013,En La Calle,T46a,,WORLD-ETHNIC,Latin,Em,,,2026-06-19
T46a014,La Noche,T46a,,WORLD-ETHNIC,Latin,Am,,,2026-06-19
T46a015,Aguas Frescas,T46a,,WORLD-ETHNIC,Latin Pop,Em,,,2026-06-19
T46a016,Dembow,T46a,,WORLD-ETHNIC,Latin Pop,C,,,2026-06-19
T46a017,Please Dance With Me,T46a,,WORLD-ETHNIC,Latin,Ebm,,,2026-06-19
T46a018,My Time,T46a,,WORLD-ETHNIC,Latin,Gm,,,2026-06-19
T46a019,Slow Whine,T46a,,FILM SCORE,,Ebm,,,2026-06-19
T47b005,Breakdown,T47b,,HIP HOP/RAP,Modern Hip Hop,Cm,,Sexy and chill with lots of ethereal elements.,2026-06-19
T50a017,Oh Snap Tension,T50a,,FILM SCORE,,Bm,,Low bass synth and muted guitar are drivers with live percussion and industrial effects.,2026-06-19
T50a024,More Butterflies,T50a,,FILM SCORE,,F,,,2026-06-19
T50a025,Dark Snappy Tension,T50a,,FILM SCORE,,Em,,,2026-06-19
T50a026,Funk Soul Groove,T50a,,SOUL,,Am,,,2026-06-19
T50a028,In Da Clerb,T50a,,WORLD-ETHNIC,Latin,Dm,,,2026-06-19
T50a029,Hip Hop Detective,T50a,,FILM SCORE,,Am,,Minimal instrumentation. Dominated by finger snaps and hip hop beat. Music is filtered and out in the backyard.,2026-06-19
T50a030,When The Chevy Breaks,T50a,,FILM SCORE,,Em,,Dark and foreboding industrial landscape with a rock beat in the distance.,2026-06-19
T50a031,Circus Waltz,T50a,,COMEDY,Dark Comedy,Gm,,,2026-06-19
T50a032,Dance Of The Pyramids,T50a,,FILM SCORE,,Em,,,2026-06-19
T50a033,The Electro Beat Goes On,T50a,,POP,Electropop,Gm,,,2026-06-19
T50a034,Dark World Chase Scene,T50a,,FILM SCORE,,Cm,,EXTREME beats with brass in the background and weird pads and sweeps. Score to a nightmare,2026-06-19
T50a035,Dark World Chase Scene Returns,T50a,,FILM SCORE,,Cm,,"Your basic nightmare with timpani, brass, industrial beats.",2026-06-19
T50a036,Dark World Chase Scene Rises,T50a,,FILM SCORE,,Cm,,"High drama, nightmarish with bashing drums and orchestra swells of the oddest nature.",2026-06-19
T51a018,Rock The House,T51a,,80's Rock and Pop,Hair Band - Metal,A,144,Underneath a heavy metal surface lies a blues rock jam.,2026-06-19
T51a048,Snapped In Silence,T51a,,FILM SCORE,,Em,92,Moody electric guitar with lots of cool efx.,2026-06-19
T51a068,Metal Hero,T51a,,HEAVY METAL,Power Metal,D,,Balls to the wall chugging metal guitar. Giant wall of sound.,2026-06-19
T51a069,I Can't Stand The Silence,T51a,,POP,Dance,E,,,2026-06-19
T51a070,Don't Waste Your Time,T51a,,POP,Electropop,Dm,,,2026-06-19
T51a071,Last Time,T51a,,POP,Rock,A,,,2026-06-19
T51a072,Welcome To The Show,T51a,,POP,Acoustic - Rock,G,,,2026-06-19
T51a073,DeliriousFeverDream,T51a,,POP,Dance,E,,,2026-06-19
T51a074,Last Straw,T51a,,FILM SCORE,,Em,,"Lovely guitar in the vein of U2, The Police and Pink Floyd.",2026-06-19
T51a075,Bring Me Back To Life,T51a,,POP,Electropop,E,,,2026-06-19
T51a076,For A Good Time,T51a,,POP,Dance,Fm,,,2026-06-19
T51a077,Hold Ya,T51a,,POP,Rock,A,,,2026-06-19
T51a078,I Like The Way,T51a,,POP,Rock,A,,,2026-06-19
T51a079,It's So Simple,T51a,,COUNTRY,Pop Country,E,,,2026-06-19
T51a080,Take My Breath Away,T51a,,POP,Rock,B,,,2026-06-19
T51a081,Tell Me That You Need Me,T51a,,HOUSE,Progressive House,D,,,2026-06-19
T54a001,Mice Playing Dice,T54a,,FILM SCORE,,Em,,,2026-06-19
T54a002,Caught Lying,T54a,,FILM SCORE,,Em,,,2026-06-19
T54a003,Cheeky Lil B,T54a,,FILM SCORE,,Em,,,2026-06-19
T54a004,Closet No More,T54a,,FILM SCORE,,D,,,2026-06-19
T54a005,In Yo Face,T54a,,FILM SCORE,,G,,,2026-06-19
T54a006,Legal Egos,T54a,,FILM SCORE,,Cm,,,2026-06-19
T54a007,Playing House Money,T54a,,FILM SCORE,,Cm,,,2026-06-19
T54a008,Sneaky Whispers,T54a,,FILM SCORE,,Am,,,2026-06-19
T54a009,Social Purgatory,T54a,,FILM SCORE,,Dm,,,2026-06-19
T54a010,Can't Tread Carefully,T54a,,FILM SCORE,,Gm,,,2026-06-19
T54a011,Limon Surf,T54a,,WORLD-ETHNIC,Latin,C,,,2026-06-19
T54a012,Mezcal Meltdown,T54a,,WORLD-ETHNIC,Latin,A,,,2026-06-19
T54a013,Tequila Tanning,T54a,,WORLD-ETHNIC,Latin,G,,,2026-06-19
T54a014,Mas Margaritas Por Favor,T54a,,WORLD-ETHNIC,,Em,,,2026-06-19
T54a015,Siete Cervezas,T54a,,WORLD-ETHNIC,Latin,Dm,,,2026-06-19
T55a001,Hostile Enviroment,T55a,,FILM SCORE,,Em,,,2026-06-19
T55a002,Laguna Dreams,T55a,,WORLD-ETHNIC,Latin Pop,Am,,,2026-06-19
T55a003,On The Verge Of Chaos,T55a,,FILM SCORE,,Cm,,,2026-06-19
T55a004,Playa Blanca,T55a,,WORLD-ETHNIC,Latin Pop,Em,,,2026-06-19
T55a005,Salsa Bavaro,T55a,,WORLD-ETHNIC,Latin,Dm,,,2026-06-19
T55a006,Elephant In The Room,T55a,,FILM SCORE,,Em,,,2026-06-19
T55a007,Foolish Tendencies,T55a,,FILM SCORE,,Dm,,,2026-06-19
T55a008,Frivolous Farce,T55a,,FILM SCORE,,G,,,2026-06-19
T55a009,On The Edge Of Sanity,T55a,,FILM SCORE,,Dm,,,2026-06-19
T55a010,Devilishly Devious,T55a,,FILM SCORE,,Fm,,,2026-06-19
T55a011,Terrifying Consequences,T55a,,FILM SCORE,,Am,,,2026-06-19
T55a012,The Approaching Storm,T55a,,FILM SCORE,,Dm,,,2026-06-19
T55a013,Unsettling Thoughts,T55a,,FILM SCORE,,Gm,,,2026-06-19
T73A006,Trust Is Earned,T73A,,FILM SCORE,,Cm,92,Serious ambiance that has a barren and foreboding feeling. Dark echoing guitar gives a more mysterious and melancholic tone.,2026-06-19
T73A007,Trust Fall,T73A,,FILM SCORE,,Csharpm,89,Reflective piano and guitar that have a melancholic and regretful tone. Serious and hopeful with a peaceful conclusion.,2026-06-19
T73d012,Vineyard Dogs,T73d,,POP,Funk,Bbm,103,"Funky guitar and bass with high synth comments and ""Lets' Go"" Vocal sample",2026-06-19
T73h010,Moments Of Truth,T73h,,FILM SCORE,,Cm,89,"Tinny hi-hats, small strings and bouncy sub bass.",2026-06-19
T73j001,Giving My All,T73j,,FILM SCORE,,Gm,162,"Epic, cinematic pianos rise to the occasion on this rising score.",2026-06-19
T73j002,Ratchet,T73j,,FILM SCORE,,Bm,108,"Frantic, serious trap beat that's a little rough around the edges.",2026-06-19
T73j004,Catching Feelings,T73j,,POP,Dance,Bm,118,"Organic funk-pop jam, with bubbly synths and pocket-friendly drums.",2026-06-19
T73j005,Crazy Luv,T73j,,POP,Electropop,F,112,Uppity synth stabs echo to the skies on this modern electropop anthem.,2026-06-19
T73j006,4Ever,T73j,,HIP HOP/RAP,Modern Hip Hop,D,83,MIDI-friendly harp melodies dangle on top of a thick trap beat.,2026-06-19
T73j007,All I Ever Wanted,T73j,,POP,Hip Hop/Rap,F,103,"Laid-back, rooftop-party-approved RnB joint with chill guitars and sweet synths.",2026-06-19
T73j008,No Cap,T73j,,POP,Hip Hop/Rap,Ebm,89,"Driving, stankface hip-hop with chunky synth bass.",2026-06-19
T73j009,Tina P,T73j,,80's Rock and Pop,Dance Pop,Dm,123,"Throwback dance-pop joint, oozing with 90's house energy.",2026-06-19
T73k004,Southern Grit,T73k,,FILM SCORE,,Csharpm,,,2026-06-19
T73k005,Under Current,T73k,,FILM SCORE,,Em,,,2026-06-19
X76a001,Born Free,X76a,,HOUSE,,Abm,,Big room house,2026-06-19
X76a002,Festival Love,X76a,,HOUSE,Electro House,E,,Get the party jackin',2026-06-19
X76a003,Dreamy Then Beast Mode,X76a,,HOUSE,,Abm,,Exactly what the title says,2026-06-19
X76a004,Epic Party,X76a,,HOUSE,,Bm,,Uplifting big room house,2026-06-19
X76a005,Taking Flight,X76a,,HOUSE,,Ebm,,Electro House meets the breaks,2026-06-19
X76a006,Almighty Club,X76a,,HOUSE,,Gm,,Light EDM,2026-06-19
X76a007,Savelt,X76a,,HOUSE,,Dm,,Seriously sexy,2026-06-19
X76a008,The Swedes Bumper,X76a,,HOUSE,Electro House,Fm,,Ambient EDM that is gonna kick your brains in,2026-06-19
X77a001,Black Magic,X77a,,POP,Dance,Bm,,Sexy groove for a foreign beach,2026-06-19
X77a002,Bright City Lights,X77a,,HOUSE,Synthpop,Gm,,"Filtered synths, feelin' good with pumping",2026-06-19
X77a003,GDTBR1LOVE,X77a,,HOUSE,,Bbm,,"Jackin' electro, Tense",2026-06-19
X77a004,LA Nights Philly Mornings,X77a,,HOUSE,Electro House,Fm,,Sparse and groovy,2026-06-19
X77a005,Lyrically G1fted,X77a,,POP,Dance,Gm,,Mellow synth dance music,2026-06-19
X77a006,McGyver,X77a,,TECHNO,Synthpop,Em,,"Skittish, yet mellowly lofi",2026-06-19
X77a007,Molly Mothers,X77a,,HIP HOP/RAP,Modern Hip Hop,Bbm,,"Uplifting hip-hop, fitting for a dubstep break",2026-06-19
X77a008,Pain Vs Pleasure,X77a,,HIP HOP/RAP,Electro,Ab,,Mostly pleasure,2026-06-19
X77a009,Set Wex,X77a,,HIP HOP/RAP,Modern Hip Hop,G,,Ponder to this,2026-06-19
X77a010,Smoke Bubbles,X77a,,POP,Dance,Bbm,,Light and easy going,2026-06-19
X77a011,Summer Cats,X77a,,POP,Dance,D,,Joyous EDM for teens,2026-06-19
X77a012,The Sounds Of Metropolis,X77a,,HIP HOP/RAP,Modern Hip Hop,Gm,,Positive hip-hop / trap,2026-06-19
X77a013,Alexa,X77a,,HIP HOP/RAP,Trap,Em,,"Hip-hop with spacey, other worldly side",2026-06-19
X77a014,Mountain Dew Nights,X77a,,AMBIENT,Acid Jazz,G,,"Mellow, atmospheric beat",2026-06-19
X77a015,Warning Shots,X77a,,HIP HOP/RAP,Modern Hip Hop,Dm,,Serious hip hop beat with some rock elements,2026-06-19
X77a016,Lou Bassy Bangerz,X77a,,FILM SCORE,,C,,Mysterious strings that stay ambient for :30 and then drop the beat on your head,2026-06-19
X77a017,Boom Boom Wings,X77a,,FILM SCORE,,E,,A bit schizophrenic,2026-06-19
X77a018,Cant Climb Out The Jungle,X77a,,FILM SCORE,,Gm,,Music for the jungle,2026-06-19
X77a019,September,X77a,,HOUSE,Electro House,Am,,"Bubbly, happy EDM",2026-06-19
X77a020,Runaway 2,X77a,,FILM SCORE,,Cm,,Evolves greatly,2026-06-19
Z40a001,Cotton Candy,Z40a,,POP,Dance,Em,,Driving and pulsing but not extremely so. Just a nice driving beat,2026-06-19
Z40a002,Crossing The Line,Z40a,,AMBIENT,Trip Hop,Am,,A dose of trippy with a dose of desert,2026-06-19
Z40a003,Something Hopeful,Z40a,,FILM SCORE,,Am,,Starts with Marimba and adds a driving beat and lush synths.,2026-06-19
Z40a004,French Bistro,Z40a,,WORLD-ETHNIC,French,Dm,,Accordian and acoustic guitar. espresso or wine? You decide!,2026-06-19
Z40a005,Victory Hog,Z40a,,80's Rock and Pop,New Wave - Synthpop,Bbm,,At the corner of Genesis and Tears For Fears,2026-06-19
Z40a006,Four Fun,Z40a,,COUNTRY,Bluegrass,Bb,,"Upbeat, full of twangy strings and the feeling of the backwoods",2026-06-19
Z40a007,Dance Mutha,Z40a,,POP,Dance,Gbm,,Aggressive club beat,2026-06-19
Z40a008,Next Horizon,Z40a,,DUBSTEP,,Cm,,"An ambient intro drops into a mellow, dubstep feel",2026-06-19
Z40a009,Future Bubbles,Z40a,,POP,Dance,C,,The bubbles stand for POP,2026-06-19
Z40a010,Rollin Up To The Farm,Z40a,,COUNTRY,Bluegrass,G,,Pickin' & Grinnin,2026-06-19
Z40a011,Move It Along,Z40a,,POP,Funk,Gm,,Guitar bass and drums with a funky stuff,2026-06-19